city,date,time,product_name,image_url,content_below_name,pieces,offer_percentage,actual_price,selling_price,delivery_time,ad_status,which_product
Chennai South 600041,21-12-2025,11:56:29 AM,Mangaldeep Scent 3 in1 Incense Pack,"https://instamart-media-assets.swiggy.com/swiggy/image/upload/fl_lossy,f_auto,q_auto,h_544,w_504/NI_CATALOG/IMAGES/CIW/2025/4/4/c13cac9b-03c1-4413-9f07-692a41b48226_80710_1.png",Invigorate Your Senses with Long-Lasting Aroma,213 g,12,125,110,9 MINS,Organic,Mangaldeep 3 in 1 Premium Incense
Chennai South 600041,21-12-2025,11:56:29 AM,"Mangaldeep Chandan 3 In1 Agarbatti Classic Chandan, Rose Chandan & Jasmine Chandan","https://instamart-media-assets.swiggy.com/swiggy/image/upload/fl_lossy,f_auto,q_auto,h_544,w_504/NI_CATALOG/IMAGES/CIW/2024/4/24/c870f1f0-625e-4379-a3b9-7b46761ee005_poojaneeds_28BKHOZNVI_MN.png","Fragrant Trio of Classic Chandan, Rose & Jasmine Incense",226 g,12,125,110,9 MINS,Organic,Mangaldeep 3 in 1 Premium Incense
Chennai South 600041,21-12-2025,11:56:29 AM,Mangaldeep 3 in 1 Agarbatti Premium quality charcoal free Long lasting fragrances,"https://instamart-media-assets.swiggy.com/swiggy/image/upload/fl_lossy,f_auto,q_auto,h_544,w_504/NI_CATALOG/IMAGES/CIW/2024/4/24/96f66387-ed8d-40f8-80f4-1805e12200ba_poojaneeds_QP2ADLFNUI_MN.png",Charcoal-free agarbatti with long-lasting fragrance,106 g,15,65,55,9 MINS,Organic,Mangaldeep 3 in 1 Premium Incense
Chennai South 600041,21-12-2025,11:56:29 AM,Mangaldeep Scent Radiance Burst - Luxury Incense Sticks,"https://instamart-media-assets.swiggy.com/swiggy/image/upload/fl_lossy,f_auto,q_auto,h_544,w_504/NI_CATALOG/IMAGES/CIW/2025/11/20/647d086a-e040-4a27-bc55-465a473154f6_462812_1.png",,40 Sticks,12,225,198,9 MINS,Organic,Mangaldeep 3 in 1 Premium Incense
Chennai South 600041,21-12-2025,11:56:29 AM,Mangaldeep Sandal Agarbatti,"https://instamart-media-assets.swiggy.com/swiggy/image/upload/fl_lossy,f_auto,q_auto,h_544,w_504/f158c3690db13ceecc5a2ae86b8bd0ca",Sandalwood-scented incense sticks,1 pack,10,65,58,9 MINS,Organic,Mangaldeep 3 in 1 Premium Incense
Chennai South 600041,21-12-2025,11:56:29 AM,Shubhkart Nirmal 3 In 1 Premium Agarbatti,"https://instamart-media-assets.swiggy.com/swiggy/image/upload/fl_lossy,f_auto,q_auto,h_544,w_504/NI_CATALOG/IMAGES/CIW/2024/11/27/b97f755b-81e0-4169-bfd1-fd1665893c73_927663_1.png",Premium agarbatti combo with 3 divine fragrances,110 g,27,65,47,9 MINS,Organic,Mangaldeep 3 in 1 Premium Incense
Chennai South 600041,21-12-2025,11:56:29 AM,Mangaldeep Temple Gold Yagna Tradition Agarbatti 40 Sticks Box,"https://instamart-media-assets.swiggy.com/swiggy/image/upload/fl_lossy,f_auto,q_auto,h_544,w_504/NI_CATALOG/IMAGES/CIW/2024/9/17/756abf16-1abd-4749-9342-3c418d7c5ff4_21618_1.png",Traditional incense sticks for prayer and meditation,70 g,6,75,70,9 MINS,Organic,Mangaldeep 3 in 1 Premium Incense
Chennai South 600041,21-12-2025,11:56:29 AM,Mangaldeep Scent Premium Dhoop Cones - with Lavender & Amber fragrances (40 cones),"https://instamart-media-assets.swiggy.com/swiggy/image/upload/fl_lossy,f_auto,q_auto,h_544,w_504/NI_CATALOG/IMAGES/CIW/2024/10/21/dd2424ea-bcb5-44b6-bdcc-bcb68960e700_143034_1.png",Premium dhoop cones with calming fragrances,40 pieces,10,150,135,9 MINS,Organic,Mangaldeep 3 in 1 Premium Incense
Chennai South 600041,21-12-2025,11:56:29 AM,Mangaldeep Scent Cool Splash - Luxury Incense Sticks,"https://instamart-media-assets.swiggy.com/swiggy/image/upload/fl_lossy,f_auto,q_auto,h_544,w_504/NI_CATALOG/IMAGES/CIW/2025/11/20/38f1f64a-d407-4b30-bac8-a21f408c689c_288542_1.png",,40 Sticks,12,225,198,9 MINS,Organic,Mangaldeep 3 in 1 Premium Incense
Chennai South 600041,21-12-2025,11:56:29 AM,Zed Black 3-in-1 Large Pack with Matchbox,"https://instamart-media-assets.swiggy.com/swiggy/image/upload/fl_lossy,f_auto,q_auto,h_544,w_504/NI_CATALOG/IMAGES/CIW/2025/2/5/15b2143b-96fd-4cd0-bb34-17b49c1cd909_39980_1.png",Premium incense set with matchbox,100 g,21,60,47,9 MINS,Organic,Mangaldeep 3 in 1 Premium Incense
Chennai South 600041,21-12-2025,11:56:29 AM,Mangaldeep Temple Sanctum Camphor & Amber Agarbatti,"https://instamart-media-assets.swiggy.com/swiggy/image/upload/fl_lossy,f_auto,q_auto,h_544,w_504/NI_CATALOG/IMAGES/CIW/2024/9/17/43755a43-5b87-4312-8b2f-36a9a3a8aff8_766741_1.png",Traditional Religious Essentials,20 Sticks,26,100,74,9 MINS,Organic,Mangaldeep 3 in 1 Premium Incense
Chennai South 600041,21-12-2025,11:56:29 AM,Mangaldeep Temple Bambooless Premium Dhoop Sticks - with fragrance of Javadhu,"https://instamart-media-assets.swiggy.com/swiggy/image/upload/fl_lossy,f_auto,q_auto,h_544,w_504/NI_CATALOG/IMAGES/CIW/2024/10/20/b88cf83a-3dae-4aae-9c8b-2ab60d8cc75a_749928_1.png",Premium temple dhoop sticks with Javadhu fragrance,30 Sticks,10,250,225,9 MINS,Organic,Mangaldeep 3 in 1 Premium Incense
Chennai South 600041,21-12-2025,11:56:29 AM,Mangaldeep Scent Luxe Collections Gift Box,"https://instamart-media-assets.swiggy.com/swiggy/image/upload/fl_lossy,f_auto,q_auto,h_544,w_504/NI_CATALOG/IMAGES/CIW/2025/10/17/19601f8b-757e-41cf-9ff3-eb42fbec260c_557944_1.png",,1 pack,50,999,499,9 MINS,Organic,Mangaldeep 3 in 1 Premium Incense
Chennai South 600041,21-12-2025,11:56:29 AM,Mangaldeep Temple Divinity Sandalwood & Saffron Agarbatti,"https://instamart-media-assets.swiggy.com/swiggy/image/upload/fl_lossy,f_auto,q_auto,h_544,w_504/NI_CATALOG/IMAGES/CIW/2024/10/2/ae5dfe45-a169-415f-a3c4-98ac960f50cf_156708_1.png",Sacred sandalwood and saffron incense sticks.,20 Sticks,10,100,90,9 MINS,Organic,Mangaldeep 3 in 1 Premium Incense
Chennai South 600041,21-12-2025,11:56:29 AM,Mangaldeep Sandalwood & Patchouli Temple Premium Dhoop Cones (40 cones),"https://instamart-media-assets.swiggy.com/swiggy/image/upload/fl_lossy,f_auto,q_auto,h_544,w_504/NI_CATALOG/IMAGES/CIW/2024/10/20/421ace95-78bb-4229-af7f-6c1f081f2747_726389_1.png",Premium temple dhoop cones with rich aroma,40 pieces,10,150,135,9 MINS,Organic,Mangaldeep 3 in 1 Premium Incense
Chennai South 600041,21-12-2025,11:56:29 AM,Mangaldeep Bambooless Dhoop Stick 4 in 1 Jar,"https://instamart-media-assets.swiggy.com/swiggy/image/upload/fl_lossy,f_auto,q_auto,h_544,w_504/NI_CATALOG/IMAGES/CIW/2024/10/10/255b9381-f097-460b-aee8-2696c2f1dcaf_902961_1.png",Multipurpose dhoop with four divine fragrances,200 g,16,150,126,9 MINS,Organic,Mangaldeep 3 in 1 Premium Incense
Chennai South 600041,21-12-2025,11:56:29 AM,Shubhkart Nirmal 5 in 1 Agarbatti Zipper,"https://instamart-media-assets.swiggy.com/swiggy/image/upload/fl_lossy,f_auto,q_auto,h_544,w_504/NI_CATALOG/IMAGES/CIW/2024/11/27/5809e141-bca9-4fda-a0b9-01f6452e85a0_9511_1.png",Fragrant agarbatti combo with 5 spiritual scents,150 g,15,70,59,9 MINS,Organic,Mangaldeep 3 in 1 Premium Incense
Chennai South 600041,21-12-2025,11:56:29 AM,"Mangaldeep Wet Dhoop 5In1 Value Pack: Sandal, Rose, Mogra, Marigold & Deluxe","https://instamart-media-assets.swiggy.com/swiggy/image/upload/fl_lossy,f_auto,q_auto,h_544,w_504/NI_CATALOG/IMAGES/CIW/2025/2/7/631eca11-aafa-4a53-8b21-ddfbbde64015_66704_1.png",5 fragrance pack of wet dhoop sticks for spiritual rituals,176 g,9,75,68,9 MINS,Organic,Mangaldeep 3 in 1 Premium Incense
Chennai South 600041,21-12-2025,11:56:29 AM,Mangaldeep Treya Cup Sambrani,"https://instamart-media-assets.swiggy.com/swiggy/image/upload/fl_lossy,f_auto,q_auto,h_544,w_504/NI_CATALOG/IMAGES/CIW/2024/10/4/c3f7b699-0b83-4391-bcf3-210f49039d37_29014_1.png",Cup-shaped sambrani incense,9 pieces,8,75,69,9 MINS,Organic,Mangaldeep 3 in 1 Premium Incense
Chennai South 600041,21-12-2025,11:56:29 AM,Shubhkart Nirmal Eco box Lavender agarbatti,"https://instamart-media-assets.swiggy.com/swiggy/image/upload/fl_lossy,f_auto,q_auto,h_544,w_504/NI_CATALOG/IMAGES/CIW/2024/11/27/4945f373-e7b9-48b2-9325-db425e082b0f_10751_1.png",Eco-friendly lavender incense sticks for pooja,100 g,27,65,47,9 MINS,Organic,Mangaldeep 3 in 1 Premium Incense
Chennai South 600041,21-12-2025,11:56:29 AM,Mangaldeep Scent Premium Bambooless Dhoop Sticks with Black Oudh fragrance,"https://instamart-media-assets.swiggy.com/swiggy/image/upload/fl_lossy,f_auto,q_auto,h_544,w_504/NI_CATALOG/IMAGES/CIW/2024/10/20/0b410f83-204f-4d69-a600-9964887b4184_854918_1.png",Luxury dhoop sticks with black oudh scent,1 pack,10,250,225,9 MINS,Organic,Mangaldeep 3 in 1 Premium Incense
Chennai South 600041,21-12-2025,11:56:29 AM,Cycle Bansuri 5 in 1 Agarbatti | From House of Cycle,"https://instamart-media-assets.swiggy.com/swiggy/image/upload/fl_lossy,f_auto,q_auto,h_544,w_504/NI_CATALOG/IMAGES/CIW/2025/8/12/e6dcbf44-b5a9-40a5-a7eb-7ad838572098_342859_1.png",,100 g,,,,9 MINS,Organic,Mangaldeep 3 in 1 Premium Incense
Chennai South 600041,21-12-2025,11:56:29 AM,Cycle Medini 6 in 1 Dhoop Cones | From House of Cycle,"https://instamart-media-assets.swiggy.com/swiggy/image/upload/fl_lossy,f_auto,q_auto,h_544,w_504/NI_CATALOG/IMAGES/CIW/2025/8/12/6565cf16-92b9-4a3e-83d2-925052ee5084_744356_1.png",Calming ritual scents,1 pack,,,,9 MINS,Organic,Mangaldeep 3 in 1 Premium Incense
Chennai South 600041,21-12-2025,11:56:29 AM,Zed Black Luxe Chandan Bamboo Less Agarbatti,"https://instamart-media-assets.swiggy.com/swiggy/image/upload/fl_lossy,f_auto,q_auto,h_544,w_504/NI_CATALOG/IMAGES/CIW/2025/2/5/39d91541-996f-4861-abf5-8260821ba337_653043_1.png","Premium sandalwood incense, smokeless.",90 g,25,70,52,9 MINS,Organic,Mangaldeep 3 in 1 Premium Incense
Chennai South 600041,21-12-2025,11:56:29 AM,Mangaldeep Sankalp Pooja Camphor - Infused With Bhimseni,"https://instamart-media-assets.swiggy.com/swiggy/image/upload/fl_lossy,f_auto,q_auto,h_544,w_504/NI_CATALOG/IMAGES/CIW/2025/7/28/778bae92-ccc5-4cd9-8070-1615ba850177_712301_1.png",Camphor infused with Bhimseni for pooja use,50 g,12,100,88,9 MINS,Organic,Mangaldeep 3 in 1 Premium Incense
Chennai South 600041,21-12-2025,11:56:29 AM,"Homelites Matchbox (5 Pieces, Small)","https://instamart-media-assets.swiggy.com/swiggy/image/upload/fl_lossy,f_auto,q_auto,h_544,w_504/ec26dc129444d099b9c38c63bd56223e",Reliable matchsticks for everyday or pooja use,1 box,10,10,9,9 MINS,Organic,Mangaldeep 3 in 1 Premium Incense
Chennai South 600041,21-12-2025,11:56:29 AM,Zed Black Luxury Pineapple Agarbatti in Zipper Pack,"https://instamart-media-assets.swiggy.com/swiggy/image/upload/fl_lossy,f_auto,q_auto,h_544,w_504/NI_CATALOG/IMAGES/CIW/2025/1/3/7ad1c549-329d-4505-91d4-b13d1afed023_426005_1.png",Fruity-scented incense sticks in a zipper pack.,120 g,21,70,55,9 MINS,Organic,Mangaldeep 3 in 1 Premium Incense
Chennai South 600041,21-12-2025,11:56:29 AM,Shri Samriddhi Enterprises Incense Sticks Rose,"https://instamart-media-assets.swiggy.com/swiggy/image/upload/fl_lossy,f_auto,q_auto,h_544,w_504/NI_CATALOG/IMAGES/CIW/2024/7/24/21fc0cd3-4d6a-45d7-bb3f-0dd0c31397ea_poojaneeds_6KT7O6UG5V_MN.png",Floral incense sticks with rose essence,150 g,38,90,55,9 MINS,Organic,Mangaldeep 3 in 1 Premium Incense
Chennai South 600041,21-12-2025,11:56:29 AM,Phool Lavender Agarbatti I 100% Natural Certified Incense Sticks,"https://instamart-media-assets.swiggy.com/swiggy/image/upload/fl_lossy,f_auto,q_auto,h_544,w_504/NI_CATALOG/IMAGES/CIW/2025/1/23/c6dcb6fa-a395-41b9-badd-24ade75eace8_446796_1.png",Natural lavender incense sticks for relaxation,40 pieces,10,165,148,9 MINS,Organic,Mangaldeep 3 in 1 Premium Incense
Chennai South 600041,21-12-2025,11:56:29 AM,"Zed Black Parfum Bamboless Dhoop Sticks (1M , Aqua, CW , Black )","https://instamart-media-assets.swiggy.com/swiggy/image/upload/fl_lossy,f_auto,q_auto,h_544,w_504/NI_CATALOG/IMAGES/CIW/2025/2/5/654f19ad-49b4-4083-b56d-33a1618b2fc7_227617_1.png",Assorted scented bambooless incense sticks.,28 pieces,23,60,46,9 MINS,Organic,Mangaldeep 3 in 1 Premium Incense
Chennai South 600041,21-12-2025,11:56:29 AM,Shubhkart Nirmal Kapoor Loban Agarbatti Zipper,"https://instamart-media-assets.swiggy.com/swiggy/image/upload/fl_lossy,f_auto,q_auto,h_544,w_504/NI_CATALOG/IMAGES/CIW/2024/11/18/0715bee1-7bef-44d2-b5c3-4c42dacf7b71_9513_1.png",Camphor and loban scented agarbatti in zipper pack,150 g,12,75,66,9 MINS,Organic,Mangaldeep 3 in 1 Premium Incense
Chennai South 600041,21-12-2025,11:56:29 AM,Soulflower Lavender Agarbatti for Puja Luxury|Handcrafted Charcoal Free Longlasting & Soulflower Sandalwood Chandan Agarbatti Puja Luxury Handcrafted Charcoal Free Longlasting,"https://instamart-media-assets.swiggy.com/swiggy/image/upload/fl_lossy,f_auto,q_auto,h_544,w_504/NI_CATALOG/IMAGES/CIW/2025/9/4/462766b4-b915-4d81-b0a9-5ee009bc0f0d_VC_DDJN0G4VJ.png",,1 combo,34,300,198,9 MINS,Organic,Mangaldeep 3 in 1 Premium Incense
Chennai South 600041,21-12-2025,11:57:11 AM,Dabur Honitus Syrup,"https://instamart-media-assets.swiggy.com/swiggy/image/upload/fl_lossy,f_auto,q_auto,h_544,w_504/lac6khf2ydojrbcapfkg",Natural relief for cough and sore throat.,100 ml,14,121,104,9 MINS,Organic,Dabur Honitus Cough Syrup
Chennai South 600041,21-12-2025,11:57:11 AM,Hansaplast Antiseptic Waterproof Bandage for Wound Protection 20's Strips,"https://instamart-media-assets.swiggy.com/swiggy/image/upload/fl_lossy,f_auto,q_auto,h_544,w_504/NI_CATALOG/IMAGES/CIW/2025/11/13/5a942529-852c-4df2-82af-7ea52d6b0e51_594948_1.png",Waterproof antiseptic bandages for wound care,20 pieces,9,55,50,,Ad,Dabur Honitus Cough Syrup
Chennai South 600041,21-12-2025,11:57:36 AM,OM BHAKTI Cotton Cloth,"https://instamart-media-assets.swiggy.com/swiggy/image/upload/fl_lossy,f_auto,q_auto,h_544,w_504/NI_CATALOG/IMAGES/CIW/2024/6/12/bfa99024-eca4-4e2f-9d63-c0bae7ba1590_poojaneeds_M9Q41WOWFZ_MN.png",Pure cotton pooja cloth for spiritual rituals,1 Piece,3,29,28,9 MINS,Organic,Lion Brand Yarn 24-7 Cotton Yarn
Chennai South 600041,21-12-2025,11:57:36 AM,SATVIK Divine Drapery: Red Cotton Gamcha for Worship,"https://instamart-media-assets.swiggy.com/swiggy/image/upload/fl_lossy,f_auto,q_auto,h_544,w_504/NI_CATALOG/IMAGES/CIW/2024/6/13/660db923-ddf7-45f8-b719-e6fcc9a97dd1_poojaneeds_ID6V01IUXW_MN.png",Sacred drapery for ritual worship,1 Piece,34,149,98,9 MINS,Organic,Lion Brand Yarn 24-7 Cotton Yarn
Chennai South 600041,21-12-2025,11:57:36 AM,Shri Samriddhi Enterprises Mauli Kalawa Thread Moli,"https://instamart-media-assets.swiggy.com/swiggy/image/upload/fl_lossy,f_auto,q_auto,h_544,w_504/86b138dc948f79c47efb6b8d8a125786",Traditional red-yellow thread for pooja,20 g,38,80,49,9 MINS,Organic,Lion Brand Yarn 24-7 Cotton Yarn
Chennai South 600041,21-12-2025,11:57:36 AM,OM BHAKTI Janeu,"https://instamart-media-assets.swiggy.com/swiggy/image/upload/fl_lossy,f_auto,q_auto,h_544,w_504/NI_CATALOG/IMAGES/CIW/2024/7/1/4d4ebee1-eed4-48d7-8912-fc35e4dc9264_poojaneeds_V4YZIV7O29_MN.png",Sacred thread for traditional Hindu ceremonies,2 pieces,,,,9 MINS,Organic,Lion Brand Yarn 24-7 Cotton Yarn
Chennai South 600041,21-12-2025,11:57:36 AM,Shubhkart Tejas Round Cotton Wicks,"https://instamart-media-assets.swiggy.com/swiggy/image/upload/fl_lossy,f_auto,q_auto,h_544,w_504/NI_CATALOG/IMAGES/CIW/2025/6/30/1a2f21df-f0aa-4f87-b8dd-3b27b2c11d59_9519_1.png",High-quality round cotton wicks for diyas,14 g,13,15,13,9 MINS,Organic,Lion Brand Yarn 24-7 Cotton Yarn
Chennai South 600041,21-12-2025,11:57:36 AM,Shubhkart Tejas Pure Ghee Wicks,"https://instamart-media-assets.swiggy.com/swiggy/image/upload/fl_lossy,f_auto,q_auto,h_544,w_504/NI_CATALOG/IMAGES/CIW/2024/9/6/81235e2c-40bd-4bed-8b21-120e2233824d_10755_1.png",Ghee-infused cotton wicks for diyas,30 pieces,14,89,76,9 MINS,Organic,Lion Brand Yarn 24-7 Cotton Yarn
Chennai South 600041,21-12-2025,11:57:36 AM,OM BHAKTI wick for diya- cotton long batti 100N,"https://instamart-media-assets.swiggy.com/swiggy/image/upload/fl_lossy,f_auto,q_auto,h_544,w_504/NI_CATALOG/IMAGES/CIW/2025/9/1/9154ced7-d708-4672-828e-85c59994bee7_85693_1.png","Pure cotton, long-lasting wicks.",100 pieces,,,,9 MINS,Organic,Lion Brand Yarn 24-7 Cotton Yarn
Chennai South 600041,21-12-2025,11:57:36 AM,OM BHAKTI Wick For Diya Cotton Flower Batti,"https://instamart-media-assets.swiggy.com/swiggy/image/upload/fl_lossy,f_auto,q_auto,h_544,w_504/NI_CATALOG/IMAGES/CIW/2025/9/1/2949b28d-e0ca-4975-b883-94cb2624786a_28358_1.png",Cotton flower-shaped wicks for puja lamps,60 pieces,4,25,24,9 MINS,Organic,Lion Brand Yarn 24-7 Cotton Yarn
Chennai South 600041,21-12-2025,11:57:36 AM,Shubhkart Janau,"https://instamart-media-assets.swiggy.com/swiggy/image/upload/fl_lossy,f_auto,q_auto,h_544,w_504/7b88c18f65e7229adde329bc1110ebab",Sacred thread for religious ceremonies,4 pieces,15,20,17,9 MINS,Organic,Lion Brand Yarn 24-7 Cotton Yarn
Chennai South 600041,21-12-2025,11:57:36 AM,Shri Samriddhi Enterprises Phool Diya Baati,"https://instamart-media-assets.swiggy.com/swiggy/image/upload/fl_lossy,f_auto,q_auto,h_544,w_504/NI_CATALOG/IMAGES/CIW/2024/7/24/0016893f-7f77-48a1-9a49-b915e302828e_poojaneeds_2W7KM02NO3_MN.png",Cotton baatis for diyas shaped like a flower,200 pieces,36,60,38,9 MINS,Organic,Lion Brand Yarn 24-7 Cotton Yarn
Chennai South 600041,21-12-2025,11:57:36 AM,Shubhkart Moli Roll,"https://instamart-media-assets.swiggy.com/swiggy/image/upload/fl_lossy,f_auto,q_auto,h_544,w_504/NI_CATALOG/IMAGES/CIW/2024/11/18/c8ae4803-41c1-40f0-bd56-ba3595554b7e_4798_1.png",Sacred red-yellow moli thread roll for rituals,1 Piece,10,20,18,9 MINS,Organic,Lion Brand Yarn 24-7 Cotton Yarn
Chennai South 600041,21-12-2025,11:57:36 AM,Shri Samriddhi Enterprises Pooja Cloth,"https://instamart-media-assets.swiggy.com/swiggy/image/upload/fl_lossy,f_auto,q_auto,h_544,w_504/19dd6cf49a7d7c04fa9f6e44fa60e8c3","Traditional Cloth, Festive Use.",1 Piece,36,50,32,9 MINS,Organic,Lion Brand Yarn 24-7 Cotton Yarn
Chennai South 600041,21-12-2025,11:57:36 AM,Cycle Bansuri 5 in 1 Agarbatti | From House of Cycle,"https://instamart-media-assets.swiggy.com/swiggy/image/upload/fl_lossy,f_auto,q_auto,h_544,w_504/NI_CATALOG/IMAGES/CIW/2025/8/12/e6dcbf44-b5a9-40a5-a7eb-7ad838572098_342859_1.png",,100 g,,,,9 MINS,Organic,Lion Brand Yarn 24-7 Cotton Yarn
Chennai South 600041,21-12-2025,11:57:36 AM,Happy Tyohaar White Puja Cloth-1.25 mtr,"https://instamart-media-assets.swiggy.com/swiggy/image/upload/fl_lossy,f_auto,q_auto,h_544,w_504/NI_CATALOG/IMAGES/CIW/2025/3/22/52516f08-5123-44cf-8b37-660892c9d345_453526_1.png",Pure white pooja cloth for sacred ceremonies,1 Piece,45,99,54,9 MINS,Organic,Lion Brand Yarn 24-7 Cotton Yarn
Chennai South 600041,21-12-2025,11:57:36 AM,SATVIK Red Puja Cloth-1.25 mtr,"https://instamart-media-assets.swiggy.com/swiggy/image/upload/fl_lossy,f_auto,q_auto,h_544,w_504/NI_CATALOG/IMAGES/CIW/2025/10/14/c46fea91-d64f-4e7e-9c9f-c7dcc3754186_368741_1.png",Traditional red cloth for temple decor,1 Piece,49,99,50,9 MINS,Organic,Lion Brand Yarn 24-7 Cotton Yarn
Chennai South 600041,21-12-2025,11:57:36 AM,"Cycle Pure Heritage Chandanam (Sandalwood) Incense Sticks, 200 gms","https://instamart-media-assets.swiggy.com/swiggy/image/upload/fl_lossy,f_auto,q_auto,h_544,w_504/NI_CATALOG/IMAGES/CIW/2025/3/13/83930473-5238-4ee1-af3c-659adbc7e43c_557281_1.png",Sandalwood-scented incense sticks.,1 pack,10,150,135,9 MINS,Organic,Lion Brand Yarn 24-7 Cotton Yarn
Chennai South 600041,21-12-2025,11:57:36 AM,Cycle Pure Om Shanthi Gokula Gobar Upla,"https://instamart-media-assets.swiggy.com/swiggy/image/upload/fl_lossy,f_auto,q_auto,h_544,w_504/NI_CATALOG/IMAGES/CIW/2025/3/19/14c2fd63-dbba-4f7c-b15c-3cf3222fd1da_761374_1.png",,8 pieces,15,100,85,9 MINS,Organic,Lion Brand Yarn 24-7 Cotton Yarn
Chennai South 600041,21-12-2025,11:57:36 AM,Happy Tyohaar Orange Pooja Cloth (1.25m ),"https://instamart-media-assets.swiggy.com/swiggy/image/upload/fl_lossy,f_auto,q_auto,h_544,w_504/NI_CATALOG/IMAGES/CIW/2025/3/22/2d0abe34-9c8e-4294-b6de-aade45cdbe04_906307_1.png",Orange cotton pooja cloth for rituals,1 Piece,44,99,55,9 MINS,Organic,Lion Brand Yarn 24-7 Cotton Yarn
Chennai South 600041,21-12-2025,11:57:36 AM,OM BHAKTI Vastramala (with Kumkum & Ashtagandha) 2M,"https://instamart-media-assets.swiggy.com/swiggy/image/upload/fl_lossy,f_auto,q_auto,h_544,w_504/NI_CATALOG/IMAGES/CIW/2025/10/14/21a2fa29-86af-47a6-8891-67a659358167_53313_1.png",Sacred garland for holy rituals,1 Piece,3,29,28,9 MINS,Organic,Lion Brand Yarn 24-7 Cotton Yarn
Chennai South 600041,21-12-2025,11:57:36 AM,Happy Tyohaar Wheat,"https://instamart-media-assets.swiggy.com/swiggy/image/upload/fl_lossy,f_auto,q_auto,h_544,w_504/NI_CATALOG/IMAGES/ciw/2025/10/10/b48c73da-2613-4c21-a9f3-e2b16a1a5276_NPI-046515_1_20251010_044158.png",,100 g,,,,9 MINS,Organic,Lion Brand Yarn 24-7 Cotton Yarn
Chennai South 600041,21-12-2025,11:57:36 AM,Happy Tyohaar White Cap,"https://instamart-media-assets.swiggy.com/swiggy/image/upload/fl_lossy,f_auto,q_auto,h_544,w_504/NI_CATALOG/IMAGES/CIW/2025/3/22/15c9a4cd-d6da-4b8e-b497-1ee7763b6a85_946278_1.png","Festive Style, Traditional Headwear.",1 Piece,20,89,71,9 MINS,Organic,Lion Brand Yarn 24-7 Cotton Yarn
Chennai South 600041,21-12-2025,11:57:36 AM,SATVIK Red Puja Cloth To Place Ganpati Idol 45.72 x 45.72cm (18x18 Inch),"https://instamart-media-assets.swiggy.com/swiggy/image/upload/fl_lossy,f_auto,q_auto,h_544,w_504/NI_CATALOG/IMAGES/ciw/2025/11/20/571eaa25-24d0-41d4-b45d-eda4aac2ebbd_4D7GT09XBD_MN_20112025.jpg",Bright red cloth for divine setup,1 Piece,52,299,141,9 MINS,Organic,Lion Brand Yarn 24-7 Cotton Yarn
Chennai South 600041,21-12-2025,11:58:06 AM,"Clazkit Smart Pop up Ice Cube Tray for Freezer with Lid (BPA Free, Easy Release)","https://instamart-media-assets.swiggy.com/swiggy/image/upload/fl_lossy,f_auto,q_auto,h_544,w_504/NI_CATALOG/IMAGES/CIW/2024/9/25/a4554541-da60-469a-9f15-0ae168bdb75e_783722_1.jpg",Innovative ice cube tray,1 Piece,44,199,110,9 MINS,Organic,Godrej 223 L 3 Star Convertible Freezer
Chennai South 600041,21-12-2025,11:58:06 AM,Godrej Aer Matic Kit (Machine + 1 Refill) Automatic Room Freshener Violet Valley Bloom,"https://instamart-media-assets.swiggy.com/swiggy/image/upload/fl_lossy,f_auto,q_auto,h_544,w_504/NI_CATALOG/IMAGES/CIW/2025/7/12/07b9f130-5e49-445b-ad87-42abb51c943a_20389_1.png",Floral fragrance automatic room freshener,210 ml,16,549,461,9 MINS,Organic,Godrej 223 L 3 Star Convertible Freezer
Chennai South 600041,21-12-2025,11:58:06 AM,Godrej aer Plug Violet Bloom - Machine + 2 Refills - Electric Air Freshener,"https://instamart-media-assets.swiggy.com/swiggy/image/upload/fl_lossy,f_auto,q_auto,h_544,w_504/NI_CATALOG/IMAGES/CIW/2025/6/3/04514107-2853-439c-b9f0-a8d748641255_617647_1.png",Electric plug-in air freshener with refills,20 ml,,,,9 MINS,Organic,Godrej 223 L 3 Star Convertible Freezer
Chennai South 600041,21-12-2025,11:58:06 AM,Gillette Venus Simply - Hair Removal Razor For Women 3 Blades,"https://instamart-media-assets.swiggy.com/swiggy/image/upload/fl_lossy,f_auto,q_auto,h_544,w_504/ed914cf97c69aadb8ee4ca159c36ee3f",3-blade disposable razor for smooth shaving,1 Piece,,,,9 MINS,Organic,Godrej 223 L 3 Star Convertible Freezer
Chennai South 600041,21-12-2025,11:58:06 AM,Godrej Fab Liquid Detergent Refill Pouch for Machine & Hand Wash,"https://instamart-media-assets.swiggy.com/swiggy/image/upload/fl_lossy,f_auto,q_auto,h_544,w_504/NI_CATALOG/IMAGES/ciw/2025/12/18/eb1abd9c-daae-4c9e-b4e7-5610c9d3e6ef_193ZFMMCUY_MN_18122025.png","Powerful Clean, Convenient Refill.",950 ml,12,99,87,9 MINS,Organic,Godrej 223 L 3 Star Convertible Freezer
Chennai South 600041,21-12-2025,11:58:06 AM,Stag Iconic 2 Star High-Visibility Table Tennis Balls (Orange),"https://instamart-media-assets.swiggy.com/swiggy/image/upload/fl_lossy,f_auto,q_auto,h_544,w_504/NI_CATALOG/IMAGES/CIW/2025/1/24/06ed2e36-9e75-45a8-9e4b-699af86373db_826122_1.png",Vibrant Volley Spheres,3 pieces,7,141,130,9 MINS,Organic,Godrej 223 L 3 Star Convertible Freezer
Chennai South 600041,21-12-2025,11:58:06 AM,Godrej Aer Power Pocket Bathroom Freshener Assorted Pack,"https://instamart-media-assets.swiggy.com/swiggy/image/upload/fl_lossy,f_auto,q_auto,h_544,w_504/886f6ad443c59004134ed435384de5a2","Long-lasting Freshness, Portable Fragrance.",1 Piece,13,195,168,9 MINS,Organic,Godrej 223 L 3 Star Convertible Freezer
Chennai South 600041,21-12-2025,11:58:06 AM,3 Roses Dust Tea,"https://instamart-media-assets.swiggy.com/swiggy/image/upload/fl_lossy,f_auto,q_auto,h_544,w_504/NI_CATALOG/IMAGES/CIW/2025/6/27/c31111f0-8c03-4049-a8c9-432205483764_856_1.png",Strong and flavorful CTC tea,100 g,,,,9 MINS,Organic,Godrej 223 L 3 Star Convertible Freezer
Chennai South 600041,21-12-2025,11:58:06 AM,"Jockey 1406 Women Cotton Hipsters (Pack of 3, Dark Assorted) - S","https://instamart-media-assets.swiggy.com/swiggy/image/upload/fl_lossy,f_auto,q_auto,h_544,w_504/NI_CATALOG/IMAGES/CIW/2025/6/5/1b24bcd6-2104-4581-a547-4ef18229b148_40003_14.png",Soft hipsters with all-day comfort,1 Small,,,,9 MINS,Organic,Godrej 223 L 3 Star Convertible Freezer
Chennai South 600041,21-12-2025,11:58:06 AM,Jockey 1529 Women Mid Waist Cotton Shorties (Black) - S,"https://instamart-media-assets.swiggy.com/swiggy/image/upload/fl_lossy,f_auto,q_auto,h_544,w_504/NI_CATALOG/IMAGES/CIW/2025/6/5/11ab8f68-eca5-4313-bb70-d46903e4d473_786561_2.png",,1 S,,,,9 MINS,Organic,Godrej 223 L 3 Star Convertible Freezer
Chennai South 600041,21-12-2025,11:58:06 AM,Godrej Aer Room Freshener Spray for Home & Office - Cool Aqua,"https://instamart-media-assets.swiggy.com/swiggy/image/upload/fl_lossy,f_auto,q_auto,h_544,w_504/NI_CATALOG/IMAGES/CIW/2025/12/11/91676d8c-0f58-4857-928d-48080c37428a_10835_1.png",Air freshener spray with marine fragrance,200 ml,,,,9 MINS,Organic,Godrej 223 L 3 Star Convertible Freezer
Chennai South 600041,21-12-2025,11:58:06 AM,Godrej Aer Room Freshener Spray for Home & Office - Jasmine Delight,"https://instamart-media-assets.swiggy.com/swiggy/image/upload/fl_lossy,f_auto,q_auto,h_544,w_504/NI_CATALOG/IMAGES/CIW/2025/12/11/6022509c-b650-424f-b652-c9faa00b5390_9335_1.png",Room freshener spray with a refreshing jasmine scent,200 ml,,,,9 MINS,Organic,Godrej 223 L 3 Star Convertible Freezer
Chennai South 600041,21-12-2025,11:58:06 AM,3 Roses Natural Care Tea,"https://instamart-media-assets.swiggy.com/swiggy/image/upload/fl_lossy,f_auto,q_auto,h_544,w_504/NI_CATALOG/IMAGES/CIW/2025/3/9/641c76d8-21d3-4395-b7a7-581eb37b7ba7_1873_1.png",Tea blend enriched with natural herbs,100 g,,,,9 MINS,Organic,Godrej 223 L 3 Star Convertible Freezer
Chennai South 600041,21-12-2025,11:58:06 AM,"Pigeon Favourite Induction Base Aluminium Pressure Cooker with Outer Lid (3 L, Silver)","https://instamart-media-assets.swiggy.com/swiggy/image/upload/fl_lossy,f_auto,q_auto,h_544,w_504/NI_CATALOG/IMAGES/CIW/2024/8/2/02a8da4f-4c49-401b-b108-8fef6da1aac5_64583_1.jpg",Sturdy kitchen essential,1 Piece,57,1395,599,9 MINS,Organic,Godrej 223 L 3 Star Convertible Freezer
Chennai South 600041,21-12-2025,11:58:06 AM,Party Propz 3D Paper Star Hanging for Decorations (Pack of 2),"https://instamart-media-assets.swiggy.com/swiggy/image/upload/fl_lossy,f_auto,q_auto,h_544,w_504/NI_CATALOG/IMAGES/CIW/2024/11/21/7a9d0e95-ff2d-494e-bb43-064eef037919_919802_4.png",Illuminate your celebrations with a celestial glow.,1 pack,83,599,99,9 MINS,Organic,Godrej 223 L 3 Star Convertible Freezer
Chennai South 600041,21-12-2025,11:58:06 AM,"Nestle KitKat 3 Fingers, Choco Coated Wafer Bar","https://instamart-media-assets.swiggy.com/swiggy/image/upload/fl_lossy,f_auto,q_auto,h_544,w_504/NI_CATALOG/IMAGES/CIW/2024/11/13/c8f6299b-32ff-499a-b9b8-1b3b9cacfc1d_1794_1.png",Classic 3-finger crispy chocolate wafer,28.5 g,12,25,22,9 MINS,Organic,Godrej 223 L 3 Star Convertible Freezer
Chennai South 600041,21-12-2025,11:58:06 AM,The Whole Truth Double Cocoa Protein Bar (Date Sweetened),"https://instamart-media-assets.swiggy.com/swiggy/image/upload/fl_lossy,f_auto,q_auto,h_544,w_504/NI_CATALOG/IMAGES/CIW/2025/10/16/0b72df99-7fb7-40c8-a02c-e17716ec6f27_4873_1.png",2x the chocolate & date sweetened,52 g,2,90,88,9 MINS,Organic,Godrej 223 L 3 Star Convertible Freezer
Chennai South 600041,21-12-2025,11:58:06 AM,3 Roses Natural Care Tea,"https://instamart-media-assets.swiggy.com/swiggy/image/upload/fl_lossy,f_auto,q_auto,h_544,w_504/NI_CATALOG/IMAGES/CIW/2025/3/9/03ecc720-6861-4094-8317-a9fe936e8d5a_8609_1.png",Black tea blended with natural herbs,250 g,,,,9 MINS,Organic,Godrej 223 L 3 Star Convertible Freezer
Chennai South 600041,21-12-2025,11:58:06 AM,"Bergner TriPro Tri-Ply Stainless Steel Kadai with Lid (24cm, 3.1 L, Induction Bottom)","https://instamart-media-assets.swiggy.com/swiggy/image/upload/fl_lossy,f_auto,q_auto,h_544,w_504/NI_CATALOG/IMAGES/CIW/2025/12/8/43ba0e80-a12e-45cb-b468-fa26a6b66b4c_791027_1.png",TriPly kadai: Culinary triple threat.,1 Piece,,2849,1029,Handpicked,Organic,Godrej 223 L 3 Star Convertible Freezer
Chennai South 600041,21-12-2025,11:58:06 AM,"Jockey 8015 Men Cotton Rib Solid Trunks (Pack of 2, Deep Navy) - S","https://instamart-media-assets.swiggy.com/swiggy/image/upload/fl_lossy,f_auto,q_auto,h_544,w_504/NI_CATALOG/IMAGES/CIW/2025/6/5/1ab5dff5-bbb0-4843-9ea7-dbd789976aea_69265_1.png",Soft and breathable everyday wear,1 S,,,,9 MINS,Organic,Godrej 223 L 3 Star Convertible Freezer
Chennai South 600041,21-12-2025,11:58:06 AM,Godrej Aer Power Pocket Bathroom and Toilet Air Freshener (Lemon Tangy Delight),"https://instamart-media-assets.swiggy.com/swiggy/image/upload/fl_lossy,f_auto,q_auto,h_544,w_504/NI_CATALOG/IMAGES/CIW/2024/11/6/a7e4de42-7e1b-4829-ae8d-56ca96c52162_930618_1.png",Compact air freshener for bathrooms (Lemon),10 g,,,,9 MINS,Organic,Godrej 223 L 3 Star Convertible Freezer
Chennai South 600041,21-12-2025,11:58:06 AM,"Ganesh Plastic Manual Hand Press Bingo Push Chopper (725ml, 3 Blades, Assorted)","https://instamart-media-assets.swiggy.com/swiggy/image/upload/fl_lossy,f_auto,q_auto,h_544,w_504/NI_CATALOG/IMAGES/CIW/2024/9/7/2b160755-4422-48d9-9a51-f933b2b7e0c3_984963_6.png",Versatile manual food chopper,1 Piece,49,432,220,9 MINS,Organic,Godrej 223 L 3 Star Convertible Freezer
Chennai South 600041,21-12-2025,11:58:06 AM,3 Roses Dust Tea,"https://instamart-media-assets.swiggy.com/swiggy/image/upload/fl_lossy,f_auto,q_auto,h_544,w_504/NI_CATALOG/IMAGES/CIW/2025/7/24/cd524518-7b0d-488f-b13e-85ef512fdc0b_2090_1.png",Strong and flavorful dust tea blend,250 g,,,,9 MINS,Organic,Godrej 223 L 3 Star Convertible Freezer
Chennai South 600041,21-12-2025,11:58:06 AM,"Jockey 8037 Men Cotton Solid Briefs (Pack of 2, Black) - S","https://instamart-media-assets.swiggy.com/swiggy/image/upload/fl_lossy,f_auto,q_auto,h_544,w_504/NI_CATALOG/IMAGES/CIW/2025/6/5/18435a33-d734-49bb-a454-ee9f88339a32_53546_1.png",Classic cotton briefs with snug fit,1 S,,,,9 MINS,Organic,Godrej 223 L 3 Star Convertible Freezer
Chennai South 600041,21-12-2025,11:58:06 AM,Godrej Aer Power Pocket Bathroom Freshener Assorted Pack,"https://instamart-media-assets.swiggy.com/swiggy/image/upload/fl_lossy,f_auto,q_auto,h_544,w_504/NI_CATALOG/IMAGES/CIW/2024/3/28/78e96188-54b5-4b45-85db-95611992663b_freshenerfragrance_K2NLGH7U61_MN.png",Compact gel freshener in assorted fragrances for bathroom,50 g,15,325,276,9 MINS,Organic,Godrej 223 L 3 Star Convertible Freezer
Chennai South 600041,21-12-2025,11:58:06 AM,Godrej Aer Power Pocket Bathroom Fragrance (Sea Breeze),"https://instamart-media-assets.swiggy.com/swiggy/image/upload/fl_lossy,f_auto,q_auto,h_544,w_504/NI_CATALOG/IMAGES/CIW/2024/9/26/e6ba8da8-0fea-472f-8fda-87f045af8dc2_50493_1.png",,10 g x 2,,,,9 MINS,Organic,Godrej 223 L 3 Star Convertible Freezer
Chennai South 600041,21-12-2025,11:58:06 AM,Borges Olive Oil for Indian Cooking - 2 L,"https://instamart-media-assets.swiggy.com/swiggy/image/upload/fl_lossy,f_auto,q_auto,h_544,w_504/NI_CATALOG/IMAGES/CIW/2025/5/28/a49addb3-a734-43f9-bcb5-60ac462eda81_6155_1.png","Light & Versatile, Pure Olive Oil.",2 ltr,56,4200,1848,9 MINS,Organic,Godrej 223 L 3 Star Convertible Freezer
Chennai South 600041,21-12-2025,11:58:06 AM,"Nan Pro Stage 3 Infant Follow-Up Formula Milk Powder After12 Months,Bag-In-Box Pack","https://instamart-media-assets.swiggy.com/swiggy/image/upload/fl_lossy,f_auto,q_auto,h_544,w_504/NI_CATALOG/IMAGES/CIW/2024/7/20/8be92666-11ed-47ff-ac52-331ab86cce57_babyfood_0JHYKC7A5X_MN.png",Follow-up milk formula for toddlers,400 g,,,,9 MINS,Organic,Godrej 223 L 3 Star Convertible Freezer
Chennai South 600041,21-12-2025,11:58:06 AM,Bajaj Frore 1200 mm 1 star Rated Ceiling Fans for Home|BEE stars Rated Energy Efficient Ceiling Fan|Rust Free Coating for Long Life |High Air Delivery |2-Yr Warranty Brown,"https://instamart-media-assets.swiggy.com/swiggy/image/upload/fl_lossy,f_auto,q_auto,h_544,w_504/NI_CATALOG/IMAGES/CIW/2025/3/26/7ac5d571-9117-4c20-804c-46537716dd2a_728563_1.png",Energy-efficient fan with strong air delivery,1 pack,61,3620,1380,9 MINS,Organic,Godrej 223 L 3 Star Convertible Freezer
Chennai South 600041,21-12-2025,11:58:06 AM,"XYXX Grey & Black Men Trunk (Solid, Pack of 2) - M","https://instamart-media-assets.swiggy.com/swiggy/image/upload/fl_lossy,f_auto,q_auto,h_544,w_504/NI_CATALOG/IMAGES/ciw/2025/11/20/6b971543-9029-4c2a-b988-d7b059a660bc_MY67NGFX2D_MN_20112025.jpg","Ultra-soft trunks, modern fit",1 Medium,7,538,499,9 MINS,Organic,Godrej 223 L 3 Star Convertible Freezer
Chennai South 600041,21-12-2025,11:58:06 AM,Godrej Aer Room Freshener Spray for Home & Office - Mystic Musk,"https://instamart-media-assets.swiggy.com/swiggy/image/upload/fl_lossy,f_auto,q_auto,h_544,w_504/NI_CATALOG/IMAGES/CIW/2025/12/11/15ed75bf-59ac-45b5-8169-e06e4ac4895f_53599_1.png",Musk-scented spray to eliminate smoke odours,200 ml,,,,9 MINS,Organic,Godrej 223 L 3 Star Convertible Freezer
Chennai South 600041,21-12-2025,11:58:06 AM,Hit Godrej Hit Anti Roach Gel Cockroach Killer 20 G,"https://instamart-media-assets.swiggy.com/swiggy/image/upload/fl_lossy,f_auto,q_auto,h_544,w_504/NI_CATALOG/IMAGES/CIW/2024/3/28/091a3890-9eca-4f6f-9696-2246c0ffa264_repellentsinsecticides_SHPJBSAKM8_MN.png",Targeted gel solution for cockroach control,20 g,10,220,198,9 MINS,Organic,Godrej 223 L 3 Star Convertible Freezer
Chennai South 600041,21-12-2025,11:58:47 AM,Britannia Marie Gold Biscuits,"https://instamart-media-assets.swiggy.com/swiggy/image/upload/fl_lossy,f_auto,q_auto,h_544,w_504/NI_CATALOG/IMAGES/ciw/2025/12/18/c2e6ec0d-75bf-4985-af79-7a6ce190fd18_OVGDUAIX92_MN_17122025.png",Light and crisp tea-time digestive biscuits,250 g,7,40,37,7 MINS,Organic,Britannia Marie Gold Biscuits
Chennai South 600041,21-12-2025,11:58:47 AM,Britannia Biscuits Vita Marie Gold,"https://instamart-media-assets.swiggy.com/swiggy/image/upload/fl_lossy,f_auto,q_auto,h_544,w_504/NI_CATALOG/IMAGES/CIW/2025/1/24/871507da-2c70-42c0-a693-4713070b3126_21264_1.png",Light digestive biscuits with vitamins,248 g,4,45,43,7 MINS,Organic,Britannia Marie Gold Biscuits
Chennai South 600041,21-12-2025,11:58:47 AM,Britannia Vita Marie Gold Chai Time,"https://instamart-media-assets.swiggy.com/swiggy/image/upload/fl_lossy,f_auto,q_auto,h_544,w_504/NI_CATALOG/IMAGES/ciw/2025/12/18/0343ac91-6af9-4bdb-8e53-ea230dc45b86_B8KAQQV7F6_MN_17122025.png",Classic chai-time biscuit with added nutrition.,1000 g,6,144,134,7 MINS,Organic,Britannia Marie Gold Biscuits
Chennai South 600041,21-12-2025,11:58:47 AM,Sunfeast Marie Light Rich Taste,"https://instamart-media-assets.swiggy.com/swiggy/image/upload/fl_lossy,f_auto,q_auto,h_544,w_504/NI_CATALOG/IMAGES/ciw/2025/12/18/51127af3-044a-474f-b348-62c9ef2f7195_MOL5Y37VD5_MN_17122025.png",Sweetness Straight from Nature,956 g,28,150,107,,Ad,Britannia Marie Gold Biscuits
Chennai South 600041,21-12-2025,11:58:47 AM,Britannia Good Day Fruit & Nut Cookies | Zero Trans Fat & Britannia Vita Marie Gold Chai Time,"https://instamart-media-assets.swiggy.com/swiggy/image/upload/fl_lossy,f_auto,q_auto,h_544,w_504/NI_CATALOG/IMAGES/CIW/2025/9/4/d6db0ae1-57f9-4610-8b9a-3e3eb89790c6_VC_GO4AE2NO5.png",,1 Combo,25,324,241,7 MINS,Organic,Britannia Marie Gold Biscuits
Chennai South 600041,21-12-2025,11:58:47 AM,Britannia Marie Gold,"https://instamart-media-assets.swiggy.com/swiggy/image/upload/fl_lossy,f_auto,q_auto,h_544,w_504/jskdqju8uukyjlzepkcy",Classic light tea biscuits by Britannia,1.05 kg x 2,12,290,254,SOLD OUT,Organic,Britannia Marie Gold Biscuits
Chennai South 600041,21-12-2025,11:58:47 AM,Sunfeast Marie Light Rich Taste Biscuits,"https://instamart-media-assets.swiggy.com/swiggy/image/upload/fl_lossy,f_auto,q_auto,h_544,w_504/NI_CATALOG/IMAGES/ciw/2025/12/18/e8128086-0da0-466d-864f-790ab806122f_2MI8NMUGJQ_MN_17122025.png",,243 g,20,40,32,SOLD OUT,Organic,Britannia Marie Gold Biscuits
Chennai South 600041,21-12-2025,11:58:47 AM,Britannia Nutrichoice Hi-Fibre Digestive Biscuits,"https://instamart-media-assets.swiggy.com/swiggy/image/upload/fl_lossy,f_auto,q_auto,h_544,w_504/NI_CATALOG/IMAGES/ciw/2025/12/18/085b1d93-8b9e-4f7a-b256-e5b6afb234b6_93NDEHIXC9_MN_17122025.png",High-fibre biscuits for healthy snacking,125 g,12,25,22,7 MINS,Organic,Britannia Marie Gold Biscuits
Chennai South 600041,21-12-2025,11:58:47 AM,Britannia 5050 Maska Chaska Biscuits,"https://instamart-media-assets.swiggy.com/swiggy/image/upload/fl_lossy,f_auto,q_auto,h_544,w_504/NI_CATALOG/IMAGES/CIW/2025/12/19/758489b2-05e3-4e4d-bec8-6c563bec8891_89_1.png",Sweet & salty butter-flavored snack,114.1 g,10,30,27,7 MINS,Organic,Britannia Marie Gold Biscuits
Chennai South 600041,21-12-2025,11:58:47 AM,Parle Marie Biscuits,"https://instamart-media-assets.swiggy.com/swiggy/image/upload/fl_lossy,f_auto,q_auto,h_544,w_504/NI_CATALOG/IMAGES/ciw/2025/12/18/f48904ee-ed85-48bc-8700-99408122a857_TBK6M2YT2X_MN_17122025.png",Light teatime classic,239.7 g,11,35,31,7 MINS,Organic,Britannia Marie Gold Biscuits
Chennai South 600041,21-12-2025,11:58:47 AM,Britannia Good Day Cashew Cookies,"https://instamart-media-assets.swiggy.com/swiggy/image/upload/fl_lossy,f_auto,q_auto,h_544,w_504/NI_CATALOG/IMAGES/CIW/2025/12/20/f4b9c7bd-a8a2-4379-8049-436945a7e948_908_1.png",Crunchy butter cookies with roasted cashew pieces,82.7 g,,,,7 MINS,Organic,Britannia Marie Gold Biscuits
Chennai South 600041,21-12-2025,11:58:47 AM,Britannia NutriChoice 5 Grain Digestive Biscuit | 0% Maida & High Fibre,"https://instamart-media-assets.swiggy.com/swiggy/image/upload/fl_lossy,f_auto,q_auto,h_544,w_504/NI_CATALOG/IMAGES/ciw/2025/12/18/d2277cc7-de0b-4e8f-be1b-930e13a6320a_FWZXWGPP8I_MN_17122025.png",Hearty fiber crunch,200 g,12,65,57,7 MINS,Organic,Britannia Marie Gold Biscuits
Chennai South 600041,21-12-2025,11:58:47 AM,Britannia Nutri Choice Hi-Fibre Digestive Biscuits,"https://instamart-media-assets.swiggy.com/swiggy/image/upload/fl_lossy,f_auto,q_auto,h_544,w_504/NI_CATALOG/IMAGES/ciw/2025/12/18/b9390a4f-422a-4ed7-8b80-55be1a46dddf_XGTO9C20BI_MN_17122025.png",,250 g,6,60,56,7 MINS,Organic,Britannia Marie Gold Biscuits
Chennai South 600041,21-12-2025,11:58:47 AM,Parle Krack Jack Sweet & Salty Crackers,"https://instamart-media-assets.swiggy.com/swiggy/image/upload/fl_lossy,f_auto,q_auto,h_544,w_504/NI_CATALOG/IMAGES/ciw/2025/12/18/23dd359d-f715-4b8e-b04e-005c920ce118_5B2P55K9EZ_MN_17122025.png",Classic sweet and salty tea biscuits,176.4 g,,,,7 MINS,Organic,Britannia Marie Gold Biscuits
Chennai South 600041,21-12-2025,11:58:47 AM,Britannia Little Hearts Classic Crunch,"https://instamart-media-assets.swiggy.com/swiggy/image/upload/fl_lossy,f_auto,q_auto,h_544,w_504/NI_CATALOG/IMAGES/CIW/2025/12/20/5e23b21d-d98d-4f62-85e3-c27b45ad81c2_90_1.png",Classic sugar-dusted crunchy biscuits,79 g,16,30,25,7 MINS,Organic,Britannia Marie Gold Biscuits
Chennai South 600041,21-12-2025,11:58:47 AM,Britannia Nice Time Sugar Showered Coconut Biscuits,"https://instamart-media-assets.swiggy.com/swiggy/image/upload/fl_lossy,f_auto,q_auto,h_544,w_504/NI_CATALOG/IMAGES/ciw/2025/12/18/7c0d955f-9b3f-4a8d-9d88-9ebe39d85926_IEMCM5P3YK_MN_17122025.png",Sugar-dusted coconut biscuits with a crunch,152 g,4,22,21,7 MINS,Organic,Britannia Marie Gold Biscuits
Chennai South 600041,21-12-2025,11:58:47 AM,Sunfeast Dark Fantasy Bourbon Classic Biscuit Made With Real Chocolate,"https://instamart-media-assets.swiggy.com/swiggy/image/upload/fl_lossy,f_auto,q_auto,h_544,w_504/NI_CATALOG/IMAGES/ciw/2025/12/18/2f0c3c24-c964-4e72-bd05-1ded926045c5_2ZLN7LQX4O_MN_17122025.png",Chocolate cream-filled sandwich biscuits,108 g,53,30,14,7 MINS,Organic,Britannia Marie Gold Biscuits
Chennai South 600041,21-12-2025,11:58:47 AM,Parle Parle G Gold Biscuits Pouch,"https://instamart-media-assets.swiggy.com/swiggy/image/upload/fl_lossy,f_auto,q_auto,h_544,w_504/NI_CATALOG/IMAGES/ciw/2025/12/18/2277be58-0a41-4cf5-86ae-13a38639263c_VLM5FL917H_MN_17122025.png",Classic high-energy biscuits in pouch pack,1 kg,14,142,122,7 MINS,Organic,Britannia Marie Gold Biscuits
Chennai South 600041,21-12-2025,11:58:47 AM,Britannia NutriChoice Digestive Zero High Fibre Biscuits | With 0% Added Sugar & Maida,"https://instamart-media-assets.swiggy.com/swiggy/image/upload/fl_lossy,f_auto,q_auto,h_544,w_504/NI_CATALOG/IMAGES/CIW/2025/12/20/8d7bc5f3-dd6a-4dcc-9265-993a7a718206_13994_1.png","No sugar, high fiber",100 g,6,30,28,7 MINS,Organic,Britannia Marie Gold Biscuits
Chennai South 600041,21-12-2025,11:58:47 AM,Parle Monaco Crispy Light Salty Snack,"https://instamart-media-assets.swiggy.com/swiggy/image/upload/fl_lossy,f_auto,q_auto,h_544,w_504/NI_CATALOG/IMAGES/ciw/2025/12/18/006e6414-ba52-4345-ba83-441b2086a887_7ERPJ1RHWT_MN_17122025.png","Crispy, salty biscuit for everyday snacking",185.6 g,,,,7 MINS,Organic,Britannia Marie Gold Biscuits
Chennai South 600041,21-12-2025,11:58:47 AM,Parle Nutricrunch Digestive Cookies Pouch,"https://instamart-media-assets.swiggy.com/swiggy/image/upload/fl_lossy,f_auto,q_auto,h_544,w_504/NI_CATALOG/IMAGES/ciw/2025/12/18/18a70119-65c7-4f82-a532-b4415f16fcab_AOOBCHI0NH_MN_17122025.png",,1 kg,49,285,145,7 MINS,Organic,Britannia Marie Gold Biscuits
Chennai South 600041,21-12-2025,11:58:47 AM,Britannia Milk Bikis Sandwich Biscuits,"https://instamart-media-assets.swiggy.com/swiggy/image/upload/fl_lossy,f_auto,q_auto,h_544,w_504/NI_CATALOG/IMAGES/ciw/2025/12/18/7d5c602a-36ee-4480-a75c-870945e64676_7Z66YMCLXN_MN_17122025.png",,188 g,8,50,46,7 MINS,Organic,Britannia Marie Gold Biscuits
Chennai South 600041,21-12-2025,11:58:47 AM,"Britannia NutriChoice Oats Cookies | Diabetic Friendly, Zero Added Sugar & 0% Maida","https://instamart-media-assets.swiggy.com/swiggy/image/upload/fl_lossy,f_auto,q_auto,h_544,w_504/NI_CATALOG/IMAGES/ciw/2025/12/18/cfb97a2c-ef32-4870-bfda-1be3d40b0da8_IFWA1W0CU1_MN_17122025.png",Diabetic-friendly oats cookies with no maida,150 g,12,65,57,7 MINS,Organic,Britannia Marie Gold Biscuits
Chennai South 600041,21-12-2025,11:58:47 AM,Sunfeast Farmlite High Fiber Digestive Pouch,"https://instamart-media-assets.swiggy.com/swiggy/image/upload/fl_lossy,f_auto,q_auto,h_544,w_504/NI_CATALOG/IMAGES/ciw/2025/12/18/55765571-d345-4c1d-95d7-9770ccab309d_V8Z88PBPQS_MN_17122025.png",High-fiber wheat biscuits in pouch pack,800 g,55,260,115,7 MINS,Organic,Britannia Marie Gold Biscuits
Chennai South 600041,21-12-2025,11:58:47 AM,Britannia Milk Bikis Biscuits,"https://instamart-media-assets.swiggy.com/swiggy/image/upload/fl_lossy,f_auto,q_auto,h_544,w_504/NI_CATALOG/IMAGES/CIW/2024/7/26/217af906-1c3b-47a5-ad27-fa9a6ff308fb_biscuits_ZSC5JL4MIC_MN.png",Milky crunchy treat,500 g,8,75,69,7 MINS,Organic,Britannia Marie Gold Biscuits
Chennai South 600041,21-12-2025,11:58:47 AM,Britannia The Original Bourbon - Creme Biscuit with Chocolate | Chocolatey Indulgence in Every Layer,"https://instamart-media-assets.swiggy.com/swiggy/image/upload/fl_lossy,f_auto,q_auto,h_544,w_504/NI_CATALOG/IMAGES/ciw/2025/12/18/90d3ba5d-840e-4434-941b-443a9f2a562c_E2ZNDNUI5F_MN_17122025.png",Iconic chocolate sandwich,100 g,,,,7 MINS,Organic,Britannia Marie Gold Biscuits
Chennai South 600041,21-12-2025,11:58:47 AM,Britannia Tiger Krunch Chocochip Biscuits,"https://instamart-media-assets.swiggy.com/swiggy/image/upload/fl_lossy,f_auto,q_auto,h_544,w_504/NI_CATALOG/IMAGES/ciw/2025/12/18/02c97c2b-1add-4a30-b2e7-2512afaf2029_PK97C07FVJ_MN_17122025.png",Crunchy & Chocolatey Biscuits for Anytime Snacking,400 g,50,130,65,7 MINS,Organic,Britannia Marie Gold Biscuits
Chennai South 600041,21-12-2025,11:58:47 AM,Britannia Good Day Cashew Cookies,"https://instamart-media-assets.swiggy.com/swiggy/image/upload/fl_lossy,f_auto,q_auto,h_544,w_504/NI_CATALOG/IMAGES/CIW/2025/12/20/85c0761f-04e1-4f10-9ef5-0ab70e64a1b0_14006_1.png",Buttery cashew bites,826.7 g,48,286,147,7 MINS,Organic,Britannia Marie Gold Biscuits
Chennai South 600041,21-12-2025,11:58:47 AM,Sunfeast Farmlite Active Oats Chocolate Biscuits,"https://instamart-media-assets.swiggy.com/swiggy/image/upload/fl_lossy,f_auto,q_auto,h_544,w_504/NI_CATALOG/IMAGES/ciw/2025/12/18/938c8b86-7ca1-4442-8391-ea978b6b84a1_HT1OSGDDOL_MN_17122025.png",Chocolate oat biscuits for a healthy snack,150 g,13,66,57,7 MINS,Organic,Britannia Marie Gold Biscuits
Chennai South 600041,21-12-2025,11:58:47 AM,Sunfeast Mom's Magic Cashew & Almond Biscuits,"https://instamart-media-assets.swiggy.com/swiggy/image/upload/fl_lossy,f_auto,q_auto,h_544,w_504/NI_CATALOG/IMAGES/ciw/2025/12/18/29afdc54-d92d-45cc-a000-e2994714e3b7_FU47T5D7DI_MN_17122025.png",Nutty and crunchy biscuits loved by every generation,544 g,44,160,89,7 MINS,Organic,Britannia Marie Gold Biscuits
Chennai South 600041,21-12-2025,11:58:47 AM,Britannia nutri choice 100% Millets,"https://instamart-media-assets.swiggy.com/swiggy/image/upload/fl_lossy,f_auto,q_auto,h_544,w_504/NI_CATALOG/IMAGES/ciw/2025/10/10/5655a964-d297-46af-9b9d-127e243d1c90_NPI-045682_1_20251010_081303.png",,100 g,,,,7 MINS,Organic,Britannia Marie Gold Biscuits
Chennai South 600041,21-12-2025,11:58:47 AM,Britannia Nutrichoice Digestive Zero,"https://instamart-media-assets.swiggy.com/swiggy/image/upload/fl_lossy,f_auto,q_auto,h_544,w_504/NI_CATALOG/IMAGES/CIW/2025/12/20/3512393c-f585-4bb1-a7d1-32d87300aff1_889019_1.png",,400 g,,,,7 MINS,Organic,Britannia Marie Gold Biscuits
Chennai South 600041,21-12-2025,11:59:21 AM,Harpic Power Plus Stain Removal Disinfectant Toilet Cleaner (Original),"https://instamart-media-assets.swiggy.com/swiggy/image/upload/fl_lossy,f_auto,q_auto,h_544,w_504/NI_CATALOG/IMAGES/ciw/2025/12/18/e5506ebe-c04f-42ea-9564-eba4eff74ad3_PBKIXD1ZII_MN_18122025.png","Powerful Clean, Stain Removal.",600 ml,,,,7 MINS,Organic,Harpic Power Plus Clean Disinfectant Toilet Cleaner
Chennai South 600041,21-12-2025,11:59:21 AM,"Harpic Lemon Toilet Cleaner, 5 Min Action, 10X Advanced, Disinfectant","https://instamart-media-assets.swiggy.com/swiggy/image/upload/fl_lossy,f_auto,q_auto,h_544,w_504/NI_CATALOG/IMAGES/ciw/2025/12/18/88b95dd8-46e6-4e29-8307-8f26c04823eb_KS53BB9GFJ_MN_18122025.png",Lemon-scented disinfectant toilet liquid,1 ltr,11,245,218,7 MINS,Organic,Harpic Power Plus Clean Disinfectant Toilet Cleaner
Chennai South 600041,21-12-2025,11:59:21 AM,"Harpic Original Toilet Cleaner, 5 Min Action, 10X Advanced, Disinfectant","https://instamart-media-assets.swiggy.com/swiggy/image/upload/fl_lossy,f_auto,q_auto,h_544,w_504/NI_CATALOG/IMAGES/ciw/2025/12/18/b2abf21d-1612-4234-be13-e092e2bdcd62_HPZI64Y587_MN_18122025.png","Powerful Clean, Hygienic Formula.",2 ltr,15,470,396,7 MINS,Organic,Harpic Power Plus Clean Disinfectant Toilet Cleaner
Chennai South 600041,21-12-2025,11:59:21 AM,"Harpic Power Plusl & Toilet Cleaner, Citrus Combo","https://instamart-media-assets.swiggy.com/swiggy/image/upload/fl_lossy,f_auto,q_auto,h_544,w_504/c39d1386687391137df48c0d5d177adb","Citrus Freshness, Powerful Clean.",1 combo,19,434,350,7 MINS,Organic,Harpic Power Plus Clean Disinfectant Toilet Cleaner
Chennai South 600041,21-12-2025,11:59:21 AM,Harpic Disinfectant Toilet Cleaner Liquid Jasmine Bottle,"https://instamart-media-assets.swiggy.com/swiggy/image/upload/fl_lossy,f_auto,q_auto,h_544,w_504/NI_CATALOG/IMAGES/ciw/2025/12/18/07578c05-1bb1-4ea3-b25a-9065c74905b3_LPXO9HGT81_MN_18122025.png",Powerful Jasmine Scented Toilet Cleaner,500 ml,,,,7 MINS,Organic,Harpic Power Plus Clean Disinfectant Toilet Cleaner
Chennai South 600041,21-12-2025,11:59:21 AM,Harpic Disinfectant Toilet Cleaner Liquid Refreshing Marine,"https://instamart-media-assets.swiggy.com/swiggy/image/upload/fl_lossy,f_auto,q_auto,h_544,w_504/NI_CATALOG/IMAGES/CIW/2024/8/2/67896ccc-4493-46f6-8075-994cb23b74bb_28281_1.png",Marine fresh hygiene,1 ltr x 2,11,490,435,7 MINS,Organic,Harpic Power Plus Clean Disinfectant Toilet Cleaner
Chennai South 600041,21-12-2025,11:59:21 AM,Harpic Power Plus Toilet Cleaner Original & Bathroom Cleaner Lemon Combo,"https://instamart-media-assets.swiggy.com/swiggy/image/upload/fl_lossy,f_auto,q_auto,h_544,w_504/9ae616a72d8de29d6ada733505152702","Powerful Clean, Lemon Freshness.",1 combo,19,454,367,7 MINS,Organic,Harpic Power Plus Clean Disinfectant Toilet Cleaner
Chennai South 600041,21-12-2025,11:59:21 AM,"Harpic Power Plus Toilet Cleaner Original, & Lizol Disinfectant Floor Cleaner Floral Combo","https://instamart-media-assets.swiggy.com/swiggy/image/upload/fl_lossy,f_auto,q_auto,h_544,w_504/43992f8db0b0554cce45cdb4cfeca64a","Powerful Clean, Floral Freshness.",1 combo,15,495,417,7 MINS,Organic,Harpic Power Plus Clean Disinfectant Toilet Cleaner
Chennai South 600041,21-12-2025,11:59:21 AM,Harpic Power Plus Toilet Cleaner Liquid Original & Bathroom Cleaner Liquid Floral Combo,"https://instamart-media-assets.swiggy.com/swiggy/image/upload/fl_lossy,f_auto,q_auto,h_544,w_504/c4e245e3a63b65dd9a1f0855dc216772","Powerful Clean, Floral Freshness.",1 combo,15,465,391,7 MINS,Organic,Harpic Power Plus Clean Disinfectant Toilet Cleaner
Chennai South 600041,21-12-2025,11:59:21 AM,"Harpic Disinfectant Bathroom Cleaner (Lemon), Colin Glass & Household Cleaner and Harpic Power Plus Stain Removal Disinfectant Toilet Cleaner (Original)","https://instamart-media-assets.swiggy.com/swiggy/image/upload/fl_lossy,f_auto,q_auto,h_544,w_504/NI_CATALOG/IMAGES/CIW/2025/5/16/875bb688-ae9b-4769-9822-07eee25ccdf7_868005.png",,1 combo,1,374,371,7 MINS,Organic,Harpic Power Plus Clean Disinfectant Toilet Cleaner
Chennai South 600041,21-12-2025,11:59:21 AM,"Harpic Black Stain Blaster Toilet Cleaner, Citrus","https://instamart-media-assets.swiggy.com/swiggy/image/upload/fl_lossy,f_auto,q_auto,h_544,w_504/NI_CATALOG/IMAGES/ciw/2025/12/18/28db94f6-63b8-41ba-86fb-442fe47216ee_UAISMS3SLC_MN_18122025.png",Powerful germ & stain remover with citrus fragrance,750 ml,24,199,150,7 MINS,Organic,Harpic Power Plus Clean Disinfectant Toilet Cleaner
Chennai South 600041,21-12-2025,11:59:21 AM,"Harpic Lemon Bathroom Cleaner, 10X Better Cleaning, Disinfectant","https://instamart-media-assets.swiggy.com/swiggy/image/upload/fl_lossy,f_auto,q_auto,h_544,w_504/NI_CATALOG/IMAGES/ciw/2025/12/18/4a73a8fa-08ee-4f83-a60b-1bf8e1d653e6_V5WU5ALI08_MN_18122025.png",Powerful lemon cleaner for a fresh bathroom.,500 ml,,,,7 MINS,Organic,Harpic Power Plus Clean Disinfectant Toilet Cleaner
Chennai South 600041,21-12-2025,11:59:21 AM,Harpic Power Plus Toilet Cleaner Original & Lizol Disinfectant Floor Cleaner Citrus Combo,"https://instamart-media-assets.swiggy.com/swiggy/image/upload/fl_lossy,f_auto,q_auto,h_544,w_504/010ec41128db8e189dce942588c093c8","Citrus Freshness, Powerful Clean.",1 combo,13,495,429,7 MINS,Organic,Harpic Power Plus Clean Disinfectant Toilet Cleaner
Chennai South 600041,21-12-2025,11:59:21 AM,Harpic Floral Disinfectant Bathroom Cleaner,"https://instamart-media-assets.swiggy.com/swiggy/image/upload/fl_lossy,f_auto,q_auto,h_544,w_504/NI_CATALOG/IMAGES/ciw/2025/12/18/01811606-8965-4f7e-b758-300636148111_5CR6HH1L9B_MN_18122025.png",Floral deep cleanse,1 ltr,15,230,195,7 MINS,Organic,Harpic Power Plus Clean Disinfectant Toilet Cleaner
Chennai South 600041,21-12-2025,11:59:21 AM,"Harpic Lemon Bathroom Cleaner, 10X Better Cleaning, Disinfectant","https://instamart-media-assets.swiggy.com/swiggy/image/upload/fl_lossy,f_auto,q_auto,h_544,w_504/ppcs6rcqwnvabtznwq5f","Citrus Clean, Sparkling Bathroom.",1 ltr x 2,25,438,328,7 MINS,Organic,Harpic Power Plus Clean Disinfectant Toilet Cleaner
Chennai South 600041,21-12-2025,11:59:21 AM,"Harpic Power Plus Toilet Cleaner Original & Flushmatic In Cistern Toilet Cleaner, Marine Combo","https://instamart-media-assets.swiggy.com/swiggy/image/upload/fl_lossy,f_auto,q_auto,h_544,w_504/407f4106e9c4c58b16ac6902fa3e7c4c","Powerful Clean, Marine Freshness.",1 combo,13,425,368,7 MINS,Organic,Harpic Power Plus Clean Disinfectant Toilet Cleaner
Chennai South 600041,21-12-2025,11:59:21 AM,Harpic Power Plus Toilet Cleaner Original & Fresh Power 6 Marine Splash Toilet Rim Block Combo,"https://instamart-media-assets.swiggy.com/swiggy/image/upload/fl_lossy,f_auto,q_auto,h_544,w_504/114c07c5f01ea78dd09ae377c78927a1","Powerful Clean, Marine Freshness.",1 combo,11,445,392,7 MINS,Organic,Harpic Power Plus Clean Disinfectant Toilet Cleaner
Chennai South 600041,21-12-2025,11:59:21 AM,Harpic White And Shine Bleach Disinfectant Liquid Toilet Cleaner,"https://instamart-media-assets.swiggy.com/swiggy/image/upload/fl_lossy,f_auto,q_auto,h_544,w_504/NI_CATALOG/IMAGES/CIW/2025/1/7/cd214ffe-cdb7-4e47-875e-283d7a88d6f0_45579_1.png",,500 ml x 2,2,230,224,7 MINS,Organic,Harpic Power Plus Clean Disinfectant Toilet Cleaner
Chennai South 600041,21-12-2025,11:59:21 AM,Harpic White & Shine Toilet Cleaner BleachDisinfectant Liquid,"https://instamart-media-assets.swiggy.com/swiggy/image/upload/fl_lossy,f_auto,q_auto,h_544,w_504/NI_CATALOG/IMAGES/ciw/2025/12/18/e1515cca-ad25-47b1-96f4-1c77c25ddeba_ZFVDP6HY4X_MN_18122025.png",Bleach-white sparkle,1 ltr,10,245,220,7 MINS,Organic,Harpic Power Plus Clean Disinfectant Toilet Cleaner
Chennai South 600041,21-12-2025,11:59:21 AM,Harpic Toilet Cleaner Original & Lizol Floor Cleaner Citrus & Dis-Infectant Bathroom Cleaner Combo,"https://instamart-media-assets.swiggy.com/swiggy/image/upload/fl_lossy,f_auto,q_auto,h_544,w_504/6d147ef7fd3246a3a5cd6b87aa89c071","Complete Bathroom Clean, Citrus & Lemon Freshness.",1 combo,15,714,603,7 MINS,Organic,Harpic Power Plus Clean Disinfectant Toilet Cleaner
Chennai South 600041,21-12-2025,11:59:21 AM,"Harpic Original Toilet Cleaner, 5 Min Action, 10X Advanced, Disinfectant","https://instamart-media-assets.swiggy.com/swiggy/image/upload/fl_lossy,f_auto,q_auto,h_544,w_504/NI_CATALOG/IMAGES/CIW/2025/5/27/6a54bc45-68ef-4bbc-a8b2-2a49427f9e80_3418_1.png","Powerful Clean, Stain Removal Formula.",1 ltr x 2,15,470,395,7 MINS,Organic,Harpic Power Plus Clean Disinfectant Toilet Cleaner
Chennai South 600041,21-12-2025,11:59:21 AM,Harpic Bathroom Cleaner Liquid Floral & Lemon Combo,"https://instamart-media-assets.swiggy.com/swiggy/image/upload/fl_lossy,f_auto,q_auto,h_544,w_504/f58b0f28fddb04f4b70db9dd83d59e2f","Floral & Lemon, Sparkling Clean Bathroom.",1 combo,18,449,366,7 MINS,Organic,Harpic Power Plus Clean Disinfectant Toilet Cleaner
Chennai South 600041,21-12-2025,11:59:21 AM,Domex Disinfectant Expert Toilet Cleaner,"https://instamart-media-assets.swiggy.com/swiggy/image/upload/fl_lossy,f_auto,q_auto,h_544,w_504/NI_CATALOG/IMAGES/ciw/2025/12/18/6df394d2-e08a-488e-b5f3-abaaf08610b1_2YFJGY1CPG_MN_18122025.png",Powerful toilet disinfectant,1 ltr,20,245,195,7 MINS,Organic,Harpic Power Plus Clean Disinfectant Toilet Cleaner
Chennai South 600041,21-12-2025,11:59:21 AM,Harpic Power Plus Toilet Cleaner Original & Colin Glass & Multisurface Cleaner Combo,"https://instamart-media-assets.swiggy.com/swiggy/image/upload/fl_lossy,f_auto,q_auto,h_544,w_504/NI_CATALOG/IMAGES/CIW/2024/8/17/91034afc-7caa-41f7-97f1-a54ee1e4ea13_19272_1.png","Powerful Clean, Multi-Surface Shine.",1 combo,10,350,312,7 MINS,Organic,Harpic Power Plus Clean Disinfectant Toilet Cleaner
Chennai South 600041,21-12-2025,11:59:21 AM,Domex Toilet Cleaner Lime Fresh,"https://instamart-media-assets.swiggy.com/swiggy/image/upload/fl_lossy,f_auto,q_auto,h_544,w_504/NI_CATALOG/IMAGES/ciw/2025/12/18/23b09366-2d5e-4e5a-a60e-9c2289cf8254_1Q615G0U4M_MN_18122025.png",Limescale fighter clean,1 ltr,20,245,195,7 MINS,Organic,Harpic Power Plus Clean Disinfectant Toilet Cleaner
Chennai South 600041,21-12-2025,11:59:21 AM,Domex Power foam Spray Floral Blast,"https://instamart-media-assets.swiggy.com/swiggy/image/upload/fl_lossy,f_auto,q_auto,h_544,w_504/NI_CATALOG/IMAGES/ciw/2025/12/18/e5e34c66-80c3-4586-8986-0ff29a1798de_A44MFD0HWQ_MN_18122025.png",,450 ml,20,230,183,7 MINS,Organic,Harpic Power Plus Clean Disinfectant Toilet Cleaner
Chennai South 600041,21-12-2025,11:59:21 AM,Lizol Floor Citrus & Harpic Toilet Blocks Marine Cleaner Combo,"https://instamart-media-assets.swiggy.com/swiggy/image/upload/fl_lossy,f_auto,q_auto,h_544,w_504/9c35004683862417e03104cae5191332","Citrus & Marine, Complete Bathroom Clean.",1 combo,11,767,676,7 MINS,Organic,Harpic Power Plus Clean Disinfectant Toilet Cleaner
Chennai South 600041,21-12-2025,11:59:21 AM,Household Cleaner Combo,"https://instamart-media-assets.swiggy.com/swiggy/image/upload/fl_lossy,f_auto,q_auto,h_544,w_504/m989xmnkyttw2uc0cjxj","Complete Clean, Household Essentials.",1 combo,14,569,486,7 MINS,Organic,Harpic Power Plus Clean Disinfectant Toilet Cleaner
Chennai South 600041,21-12-2025,11:59:21 AM,Clean Champ Disinfectant Toilet Cleaner,"https://instamart-media-assets.swiggy.com/swiggy/image/upload/fl_lossy,f_auto,q_auto,h_544,w_504/3cddc18118f1b37d6aafa0a1b7cd994b",,500 ml x 2,44,198,110,SOLD OUT,Organic,Harpic Power Plus Clean Disinfectant Toilet Cleaner
Chennai South 600041,21-12-2025,11:59:21 AM,Clean Champ Disinfecteant Jasmine Toilet cleaner,"https://instamart-media-assets.swiggy.com/swiggy/image/upload/fl_lossy,f_auto,q_auto,h_544,w_504/NI_CATALOG/IMAGES/CIW/2024/6/5/45e53abe-260e-456a-8d7c-71788fc4bada_surfacecleaningaids_QBYB9LKG8K_MN.png",,1 ltr x 2,53,420,197,SOLD OUT,Organic,Harpic Power Plus Clean Disinfectant Toilet Cleaner
Chennai South 600041,21-12-2025,11:59:21 AM,Harpic Marine Flushmatic In-Cistern Block Toilet Cleaner,"https://instamart-media-assets.swiggy.com/swiggy/image/upload/fl_lossy,f_auto,q_auto,h_544,w_504/NI_CATALOG/IMAGES/ciw/2025/12/18/56375745-3398-4e83-81b0-ea5bd8f1f78b_CTZCK5RTMC_MN_18122025.png",Toilet cleaning block with aquamarine freshness.,100 g,10,190,171,7 MINS,Organic,Harpic Power Plus Clean Disinfectant Toilet Cleaner
Chennai South 600041,21-12-2025,11:59:21 AM,Domex Power foam spray Thunder fresh,"https://instamart-media-assets.swiggy.com/swiggy/image/upload/fl_lossy,f_auto,q_auto,h_544,w_504/NI_CATALOG/IMAGES/ciw/2025/12/18/c8b70f17-34c1-4302-ac35-494460899780_A03O14Z1FQ_MN_18122025.png",,450 ml,20,230,183,7 MINS,Organic,Harpic Power Plus Clean Disinfectant Toilet Cleaner
Chennai South 600041,21-12-2025,11:59:55 AM,"boAt Airdopes 111v2 TWS Earbuds w/ Premium Leather Finish,4Mics ENx,50H Battery,Fast Charge,Dual Pair,BTv5.4(Classic Black)","https://instamart-media-assets.swiggy.com/swiggy/image/upload/fl_lossy,f_auto,q_auto,h_544,w_504/NI_CATALOG/IMAGES/CIW/2025/6/10/e6a2ae92-edcd-4f52-bb80-2beeb7f94734_538462_1.png",,1 unit,77,4990,1118,7 MINS,Organic,boAt Airdopes Prime Wireless Earbuds
Chennai South 600041,21-12-2025,11:59:55 AM,"boAt Airdopes 141 Gen 2 w/48 Hours Playback, 4 mics ENx Tech,ASAP Charge TWS Earbuds (Active White)","https://instamart-media-assets.swiggy.com/swiggy/image/upload/fl_lossy,f_auto,q_auto,h_544,w_504/NI_CATALOG/IMAGES/ciw/2025/8/27/a4da4f70-e038-4a49-b72f-ade51cf41811_NPI-026340_1_20250827_102019.png",Long playtime with crisp sound,1 Piece,77,3990,899,7 MINS,Organic,boAt Airdopes Prime Wireless Earbuds
Chennai South 600041,21-12-2025,11:59:55 AM,"boAt Airdopes 300 TWS Earbuds w/ Cinematic Spatial Audio, 50H Battery, 4Mic AI ENx, Fast Charge, IPX4 v5.3 (Gunmetal Black)","https://instamart-media-assets.swiggy.com/swiggy/image/upload/fl_lossy,f_auto,q_auto,h_544,w_504/NI_CATALOG/IMAGES/CIW/2025/7/28/f1fe5475-4176-4722-9aff-0487f09215c4_Z9GO2T8T3D.png",Spatial audio effect,1 unit,79,6490,1299,7 MINS,Organic,boAt Airdopes Prime Wireless Earbuds
Chennai South 600041,21-12-2025,11:59:55 AM,"boAt Airdopes 141 Gen 2 w/48 Hours Playback, 4 mics ENx Tech,ASAP Charge TWS Earbuds (Grey)","https://instamart-media-assets.swiggy.com/swiggy/image/upload/fl_lossy,f_auto,q_auto,h_544,w_504/NI_CATALOG/IMAGES/ciw/2025/8/27/6ace58a7-0199-473b-aca2-19ab9dc4fc5a_NPI-026343_1_20250827_102436.png",Extended playtime with clear calls,1 Piece,77,3990,899,7 MINS,Organic,boAt Airdopes Prime Wireless Earbuds
Chennai South 600041,21-12-2025,11:59:55 AM,"boAt Airdopes 131 Pro Buds TWS With In Ear Detection, 4 Mics ENx Tech & 40H Playback-Active Black","https://instamart-media-assets.swiggy.com/swiggy/image/upload/fl_lossy,f_auto,q_auto,h_544,w_504/NI_CATALOG/IMAGES/CIW/2025/7/31/b5e7ff33-db11-4ba3-bb98-b3fd90762793_738AU0B51I.png",Clear call earbuds,1 pack,83,5490,899,7 MINS,Organic,boAt Airdopes Prime Wireless Earbuds
Chennai South 600041,21-12-2025,11:59:55 AM,"boAt Airdopes 91 TWS Earbuds w/ 45H Battery, 50ms Low Latency, ENx Tech, Fast Charge, IPX4, BT v5.3 (Active Black)","https://instamart-media-assets.swiggy.com/swiggy/image/upload/fl_lossy,f_auto,q_auto,h_544,w_504/NI_CATALOG/IMAGES/CIW/2025/7/28/7e3b096b-bc66-4565-aed3-e252f154c497_SMBYKMLQXL.png",Low-latency earbuds,1 unit,82,4990,889,7 MINS,Organic,boAt Airdopes Prime Wireless Earbuds
Chennai South 600041,21-12-2025,11:59:55 AM,"boAt Airdopes 300 TWS Earbuds w/ Cinematic Spatial Audio, 50H Battery, 4Mic AI ENx, Fast Charge, IPX4 v5.3 (Chrome White)","https://instamart-media-assets.swiggy.com/swiggy/image/upload/fl_lossy,f_auto,q_auto,h_544,w_504/NI_CATALOG/IMAGES/CIW/2025/8/1/228a2fb0-323d-4693-bae4-edfa1466c4ed_ZON57KZJ60.png",Spatial cinematic buds,1 unit,83,6490,1099,7 MINS,Organic,boAt Airdopes Prime Wireless Earbuds
Chennai South 600041,21-12-2025,11:59:55 AM,"boAt Airdopes 141 Gen 2 w/48 Hours Playback, 4 mics ENx Tech,ASAP Charge TWS Earbuds (Active Black)","https://instamart-media-assets.swiggy.com/swiggy/image/upload/fl_lossy,f_auto,q_auto,h_544,w_504/NI_CATALOG/IMAGES/ciw/2025/8/27/3bffe784-e0d9-4bdf-8307-bef9c6b70ccd_NPI-026339_1_20250827_101853.png",Long playtime with clear calls,1 Piece,77,3990,899,7 MINS,Organic,boAt Airdopes Prime Wireless Earbuds
Chennai South 600041,21-12-2025,11:59:55 AM,"boAt Airdopes 163 In Ear TWS Earbuds With Mic, 40H Playtime, Signature Sound, BEAST Mode & ENx Tech (Active Black)","https://instamart-media-assets.swiggy.com/swiggy/image/upload/fl_lossy,f_auto,q_auto,h_544,w_504/NI_CATALOG/IMAGES/CIW/2025/10/28/9d65850a-d45e-4d71-b208-196934daeee8_39755_1.png",Clear sound earbuds with BEAST Mode,1 unit,61,2490,949,7 MINS,Organic,boAt Airdopes Prime Wireless Earbuds
Chennai South 600041,21-12-2025,11:59:55 AM,"boAt Airdopes 800 In Ear TWS Earbuds With Mic, 40 Hours Playtime (Interstellar Black)","https://instamart-media-assets.swiggy.com/swiggy/image/upload/fl_lossy,f_auto,q_auto,h_544,w_504/NI_CATALOG/IMAGES/CIW/2025/7/31/d8136698-301b-4ae8-a1af-3d71666e40b8_TUD76M5X0H.png",Gaming-friendly sound,1 unit,77,6490,1449,7 MINS,Organic,boAt Airdopes Prime Wireless Earbuds
Chennai South 600041,21-12-2025,11:59:55 AM,"boAt Airdopes 313, 13mm Drivers, Glide Shell, 75H Battery, TWS Ear Buds Wireless Earphones with mic (Carbon Black)","https://instamart-media-assets.swiggy.com/swiggy/image/upload/fl_lossy,f_auto,q_auto,h_544,w_504/NI_CATALOG/IMAGES/CIW/2025/12/4/02e4939c-276b-49df-91e9-64d2fbf36664_777237_1.png","Endless battery, punchy beats",1 Piece,72,3990,1099,7 MINS,Organic,boAt Airdopes Prime Wireless Earbuds
Chennai South 600041,21-12-2025,11:59:55 AM,"boAt Airdopes 121 Pro Plus TWS Earbuds w/ 100H Battery, ENx, 50ms Low Latency, Fast Charge, LED Display, IPX5, BTv5.3 (Black)","https://instamart-media-assets.swiggy.com/swiggy/image/upload/fl_lossy,f_auto,q_auto,h_544,w_504/NI_CATALOG/IMAGES/CIW/2025/8/1/17bad3e0-39f7-4546-8f52-7b0930deb338_SWGIW3GMBJ.png","Marathon play, low latency",1 unit,77,4990,1099,7 MINS,Organic,boAt Airdopes Prime Wireless Earbuds
Chennai South 600041,21-12-2025,11:59:55 AM,"boAt Airdopes 121 Pro Plus TWS Earbuds w/ 100H Battery, ENx, 50ms Low Latency, Fast Charge, LED Display, IPX5, BTv5.3 (Blue)","https://instamart-media-assets.swiggy.com/swiggy/image/upload/fl_lossy,f_auto,q_auto,h_544,w_504/NI_CATALOG/IMAGES/CIW/2024/8/13/f05f8c3b-2050-453f-9f14-ac02c28a8337_884462_1.png",Compact power earbuds,1 unit,79,4990,1019,7 MINS,Organic,boAt Airdopes Prime Wireless Earbuds
Chennai South 600041,21-12-2025,11:59:55 AM,"boAt Airdopes 311 Pro TWS w/ 50H Battery, Fast Charge, ENx Tech, Transparent LID, Low Latency, IPX4, IWP, v5.3 (Active Black)","https://instamart-media-assets.swiggy.com/swiggy/image/upload/fl_lossy,f_auto,q_auto,h_544,w_504/NI_CATALOG/IMAGES/CIW/2025/8/1/f06e8a2e-4209-4d8c-adb9-c9058b751683_OZK7GGHT8B.png","Fast-charge buds, balanced sound",1 unit,79,4990,999,7 MINS,Organic,boAt Airdopes Prime Wireless Earbuds
Chennai South 600041,21-12-2025,11:59:55 AM,"boAt Nirvana Ion w/ ENx Tech,120H battery, ASAP Charge (Charcoal Black)","https://instamart-media-assets.swiggy.com/swiggy/image/upload/fl_lossy,f_auto,q_auto,h_544,w_504/NI_CATALOG/IMAGES/CIW/2025/7/28/934ac752-d77b-4765-85c6-cab0c3f29eea_VO8YWAFROG.png",Endless playtime buds,1 unit,78,7990,1699,7 MINS,Organic,boAt Airdopes Prime Wireless Earbuds
Chennai South 600041,21-12-2025,11:59:55 AM,"boAt Airdopes 131 Elite ANC TWS Earbuds w/ 32dB ANC, 60H Battery & Ambient Mode (Active Black)","https://instamart-media-assets.swiggy.com/swiggy/image/upload/fl_lossy,f_auto,q_auto,h_544,w_504/NI_CATALOG/IMAGES/CIW/2025/4/24/05945f8a-f15e-485e-81d3-162386b0f14b_170685_1.png",,1 pack,79,6990,1399,7 MINS,Organic,boAt Airdopes Prime Wireless Earbuds
Chennai South 600041,21-12-2025,11:59:55 AM,boAt Airdopes Primo Earbuds Wireless Earphones with Mic (Active Black),"https://instamart-media-assets.swiggy.com/swiggy/image/upload/fl_lossy,f_auto,q_auto,h_544,w_504/NI_CATALOG/IMAGES/CIW/2025/4/2/3f165e9e-f3bb-4dc9-b01d-cac7ba2dda29_371125_1.png",TWS earbuds with mic and balanced sound,1 pack,82,4490,799,SOLD OUT,Organic,boAt Airdopes Prime Wireless Earbuds
Chennai South 600041,21-12-2025,11:59:55 AM,"boAt Airdopes 141 Pro Buds TWS Earbuds w/ 13mm Drivers, Metallic Finish & 60H Battery (Surfer Silver)","https://instamart-media-assets.swiggy.com/swiggy/image/upload/fl_lossy,f_auto,q_auto,h_544,w_504/NI_CATALOG/IMAGES/CIW/2025/4/24/4247f9b3-6817-4db9-9d99-1e2d066331f1_914012_1.png",,1 unit,83,4990,839,SOLD OUT,Organic,boAt Airdopes Prime Wireless Earbuds
Chennai South 600041,21-12-2025,11:59:55 AM,"boAt Airdopes 141 ANC w/ Active Noise Cancellation (~32dB), 50ms Low Latency, ENx, 42H Battery, Fast Charge, BT v5.3 (White)","https://instamart-media-assets.swiggy.com/swiggy/image/upload/fl_lossy,f_auto,q_auto,h_544,w_504/NI_CATALOG/IMAGES/CIW/2024/9/12/eb35eb71-15b1-41da-ab84-f303084c45d0_96689_1.png",,1 unit,76,5990,1399,7 MINS,Organic,boAt Airdopes Prime Wireless Earbuds
Chennai South 600041,21-12-2025,11:59:55 AM,"boAt Nirvana Ion ANC, Active Noise Cancellation(~32dB), 120Hrs Battery TWS in Ear Earbuds (Quartz White)","https://instamart-media-assets.swiggy.com/swiggy/image/upload/fl_lossy,f_auto,q_auto,h_544,w_504/NI_CATALOG/IMAGES/CIW/2024/12/6/cac17dbd-32fa-4f7f-8f38-5f7c66634787_660240_1.png","Silence on, music vivid",1 pack,82,9990,1749,7 MINS,Organic,boAt Airdopes Prime Wireless Earbuds
Chennai South 600041,21-12-2025,11:59:55 AM,"boAt Nirvana Lucid TWS With 32 dB ANC, Multi-Point Connectivity & in-Ear Detection-Gunmetal Black","https://instamart-media-assets.swiggy.com/swiggy/image/upload/fl_lossy,f_auto,q_auto,h_544,w_504/NI_CATALOG/IMAGES/CIW/2025/7/28/9121e7f5-dfda-4eb9-bb0b-e1424c365146_T8TRLSBBJ8.png",Dual-device freedom,1 pack,77,6990,1599,7 MINS,Organic,boAt Airdopes Prime Wireless Earbuds
Chennai South 600041,21-12-2025,11:59:55 AM,"boAt Airdopes 800 HiDef TWS Earbuds w/Hi-Res Audio LDA,4Mic Enx, ASAP Charge, IPX5, Dual Pairing, BTv5.3 (Graphite Grey)","https://instamart-media-assets.swiggy.com/swiggy/image/upload/fl_lossy,f_auto,q_auto,h_544,w_504/NI_CATALOG/IMAGES/CIW/2025/7/31/a49922a9-a2cb-4c16-80cc-8213f7b9e5ad_WZF8NSMX0N.png","Hi-Res audio, swift charge",1 pack,78,7490,1599,7 MINS,Organic,boAt Airdopes Prime Wireless Earbuds
Chennai South 600041,21-12-2025,11:59:55 AM,"boAt Nirvana Space w/ 32db ANC, Spatial Audio, 100H battery, ASAP Charge (Cosmic Black)","https://instamart-media-assets.swiggy.com/swiggy/image/upload/fl_lossy,f_auto,q_auto,h_544,w_504/NI_CATALOG/IMAGES/CIW/2025/7/31/3737fe95-d0ab-4bc7-a899-144bdbbe05a7_U104L12UAI.png","Immersive ANC, marathon battery",1 unit,78,7999,1699,7 MINS,Organic,boAt Airdopes Prime Wireless Earbuds
Chennai South 600041,21-12-2025,11:59:55 AM,boAt Nirvana Ion ANC TWS ANC TWS Earbuds with Up to 32 dB ANC and Crystal Bionic Sound Powered by HiFi-Crystal (Crystal Black),"https://instamart-media-assets.swiggy.com/swiggy/image/upload/fl_lossy,f_auto,q_auto,h_544,w_504/NI_CATALOG/IMAGES/CIW/2024/12/6/ce59abe9-fa82-4310-aabe-4de2e9c406db_742855_1.png",Deep focus with smart silence,1 pack,82,9990,1749,7 MINS,Organic,boAt Airdopes Prime Wireless Earbuds
Chennai South 600041,21-12-2025,11:59:55 AM,"realme Buds T110 Truly Wireless Earbuds With Mic, 28 Hours Playtime, Bluetooth v5.3 (Punk Black)","https://instamart-media-assets.swiggy.com/swiggy/image/upload/fl_lossy,f_auto,q_auto,h_544,w_504/NI_CATALOG/IMAGES/CIW/2025/7/27/2b8444e9-44b2-476a-8dc5-597194df4e67_S38NFXAMDY.png",Compact punk black buds,1 Piece,53,2999,1395,7 MINS,Organic,boAt Airdopes Prime Wireless Earbuds
Chennai South 600041,21-12-2025,11:59:55 AM,"realme Buds T110 Truly Wireless Earbuds With Mic, 38 Hours Playtime, Bluetooth v5.3 (Jazz Blue)","https://instamart-media-assets.swiggy.com/swiggy/image/upload/fl_lossy,f_auto,q_auto,h_544,w_504/NI_CATALOG/IMAGES/CIW/2025/7/25/b5c06fbf-dad4-4021-9c85-e20cd8883305_FOJM59MO1T.png",Punchy casual buds,1 Piece,52,2999,1429,7 MINS,Organic,boAt Airdopes Prime Wireless Earbuds
Chennai South 600041,21-12-2025,11:59:55 AM,Portronics Harmonics Twins S18 Smart TWS BT Earbuds - Black,"https://instamart-media-assets.swiggy.com/swiggy/image/upload/fl_lossy,f_auto,q_auto,h_544,w_504/NI_CATALOG/IMAGES/CIW/2025/7/31/06e174ca-fead-4969-9998-3608673fbb1c_KA6RROWAM0.png",Music with IPX5 safety,1 unit,65,1999,699,7 MINS,Organic,boAt Airdopes Prime Wireless Earbuds
Chennai South 600041,21-12-2025,11:59:55 AM,"Hammer Ultra Pods In-Ear Truly Wireless Earbuds With Mic, 30 Hours Playtime, IPX5, Bluetooth v5.3 (Blue)","https://instamart-media-assets.swiggy.com/swiggy/image/upload/fl_lossy,f_auto,q_auto,h_544,w_504/NI_CATALOG/IMAGES/CIW/2025/9/13/6a4e597a-97bc-48d8-b23f-1592f0f52c06_691558_1.png",Extended play earbuds,1 unit,87,3499,439,7 MINS,Organic,boAt Airdopes Prime Wireless Earbuds
Chennai South 600041,21-12-2025,11:59:55 AM,"Mivi DuoPods i7 Earbuds - Step into The 3rd Dimension of Sound with 3D Soundstage, High Fidelity Drivers, Advanced Audio Codec for Lossless Audio, etc.(Pearl Black)","https://instamart-media-assets.swiggy.com/swiggy/image/upload/fl_lossy,f_auto,q_auto,h_544,w_504/NI_CATALOG/IMAGES/CIW/2025/8/1/f5a9c0d4-f0ad-4f4c-ad37-569c18e8b564_8DC0TZ3K34.png",,1 Piece,70,4999,1499,7 MINS,Organic,boAt Airdopes Prime Wireless Earbuds
Chennai South 600041,21-12-2025,11:59:55 AM,"Nu Republic Epic X3 In-Ear Truly Wireless Earbuds With Mic, 48 Hours Playtime, ENC, IPX4, Bluetooth v5.3 (Blue)","https://instamart-media-assets.swiggy.com/swiggy/image/upload/fl_lossy,f_auto,q_auto,h_544,w_504/NI_CATALOG/IMAGES/CIW/2024/6/22/c7488b55-6c66-47d7-a892-c7b329eb9b1e_ElectronicsandWearables_C4HDRL8MMY_MN.png",Wireless earbuds with long playtime,1 unit,84,3499,549,7 MINS,Organic,boAt Airdopes Prime Wireless Earbuds
Chennai South 600041,21-12-2025,11:59:55 AM,"Hammer G-Shots In-Ear Truly Wireless Earbuds With Mic, 22 Hours Playtime, ENC, IP54, Bluetooth v5.3 (Black)","https://instamart-media-assets.swiggy.com/swiggy/image/upload/fl_lossy,f_auto,q_auto,h_544,w_504/NI_CATALOG/IMAGES/CIW/2025/7/28/4e753232-5d7e-4165-8663-4c37890b76a5_SVA5IL2FXS.png","Compact buds, clear calls",1 unit,86,4999,699,7 MINS,Organic,boAt Airdopes Prime Wireless Earbuds
Chennai South 600041,21-12-2025,11:59:55 AM,"Hammer Airflow Plus In-Ear Truly Wireless Earbuds With Mic, 23 Hours Playtime, Sound Isolation, IPX4, Bluetooth v5.1 (Green)","https://instamart-media-assets.swiggy.com/swiggy/image/upload/fl_lossy,f_auto,q_auto,h_544,w_504/NI_CATALOG/IMAGES/CIW/2025/7/25/1abd8cd0-d5b0-434f-9f85-5b59b1f9fbe9_53UAG2RD0A.png","Long play, clear sound",1 unit,91,4999,429,7 MINS,Organic,boAt Airdopes Prime Wireless Earbuds
Chennai South 600041,21-12-2025,12:00:32 PM,Himalaya Purifying Neem Face Wash,"https://instamart-media-assets.swiggy.com/swiggy/image/upload/fl_lossy,f_auto,q_auto,h_544,w_504/NI_CATALOG/IMAGES/CIW/2025/7/21/df1c3b57-6d59-4cf2-b5aa-ba6f93154af7_1320_01.png","Purifying Cleanse, Neem Power.",200 ml,18,449,368,6 MINS,Organic,Himalaya Neem Purifying Face Wash
Chennai South 600041,21-12-2025,12:00:32 PM,Himalaya Purifying Neem Face Wash,"https://instamart-media-assets.swiggy.com/swiggy/image/upload/fl_lossy,f_auto,q_auto,h_544,w_504/NI_CATALOG/IMAGES/CIW/2025/7/21/59c22e93-d9c4-4778-828d-264bff4c28be_45133_01.png","Purifying Cleanse, Neem Power.",400 ml,25,599,449,6 MINS,Organic,Himalaya Neem Purifying Face Wash
Chennai South 600041,21-12-2025,12:00:32 PM,Himalaya Purifying Neem Foaming Face Wash,"https://instamart-media-assets.swiggy.com/swiggy/image/upload/fl_lossy,f_auto,q_auto,h_544,w_504/NI_CATALOG/IMAGES/CIW/2025/3/21/3d0afdf5-a858-4f6a-8f77-e0cca792e82f_3801_1.png",,150 ml x 2,14,598,514,6 MINS,Organic,Himalaya Neem Purifying Face Wash
Chennai South 600041,21-12-2025,12:00:32 PM,Himalaya Natural Glow Kesar Face Wash,"https://instamart-media-assets.swiggy.com/swiggy/image/upload/fl_lossy,f_auto,q_auto,h_544,w_504/NI_CATALOG/IMAGES/CIW/2025/2/26/a6c2196b-b0a9-4883-9b06-43b07d25d1b9_62028_1.png",Brightening face wash with saffron for glowing skin,150 ml,17,279,229,6 MINS,Organic,Himalaya Neem Purifying Face Wash
Chennai South 600041,21-12-2025,12:00:32 PM,Himalaya Oil Clear Lemon Face Wash,"https://instamart-media-assets.swiggy.com/swiggy/image/upload/fl_lossy,f_auto,q_auto,h_544,w_504/NI_CATALOG/IMAGES/CIW/2025/2/26/26c25f7d-0d76-454c-8a9d-7369bb6b6cdc_88371_1.png",Cleanses oily skin with refreshing lemon.,200 ml,18,399,327,6 MINS,Organic,Himalaya Neem Purifying Face Wash
Chennai South 600041,21-12-2025,12:00:32 PM,Himalaya Poll Detox Charcoal Face Wash,"https://instamart-media-assets.swiggy.com/swiggy/image/upload/fl_lossy,f_auto,q_auto,h_544,w_504/NI_CATALOG/IMAGES/CIW/2024/11/30/f2cfedad-6670-47c0-b534-466739bfa7fb_134857_1.png",Detox face wash with charcoal for pollution defense,100 g,15,220,185,6 MINS,Organic,Himalaya Neem Purifying Face Wash
Chennai South 600041,21-12-2025,12:00:32 PM,Everyuth Purifying Neem Facewash,"https://instamart-media-assets.swiggy.com/swiggy/image/upload/fl_lossy,f_auto,q_auto,h_544,w_504/NI_CATALOG/IMAGES/CIW/2025/9/20/d7ca30f5-f448-44d2-b2e3-19e63b508bbe_26967_1.png",Neem-based cleanser for clear skin,150 g,39,225,137,6 MINS,Organic,Himalaya Neem Purifying Face Wash
Chennai South 600041,21-12-2025,12:00:32 PM,Himalaya Purifying Neem Face Wash,"https://instamart-media-assets.swiggy.com/swiggy/image/upload/fl_lossy,f_auto,q_auto,h_544,w_504/NI_CATALOG/IMAGES/CIW/2025/7/21/bc908fc2-ec2a-4a6a-bc67-57db82b3e763_1319_01.png",Applied for Anti-acne & Pimples,100 ml,12,189,166,SOLD OUT,Organic,Himalaya Neem Purifying Face Wash
Chennai South 600041,21-12-2025,12:00:32 PM,Himalaya Purifying Neem Face Wash,"https://instamart-media-assets.swiggy.com/swiggy/image/upload/fl_lossy,f_auto,q_auto,h_544,w_504/NI_CATALOG/IMAGES/CIW/2025/7/21/115c41b1-7116-4470-afcc-81c4e040446e_95149_01.png",,300 ml x 2,18,1098,890,SOLD OUT,Organic,Himalaya Neem Purifying Face Wash
Chennai South 600041,21-12-2025,12:00:32 PM,Cetaphil Gentle Skin Cleanser Face Wash,"https://instamart-media-assets.swiggy.com/swiggy/image/upload/fl_lossy,f_auto,q_auto,h_544,w_504/NI_CATALOG/IMAGES/CIW/2025/7/6/ac0bf488-adda-419b-83f0-1708d9b3e5dd_64716_1.png",Gentle face cleanser for daily use,125 ml,11,429,378,6 MINS,Organic,Himalaya Neem Purifying Face Wash
Chennai South 600041,21-12-2025,12:00:32 PM,Gillette Venus Simply - Hair Removal Razor For Women 3 Blades,"https://instamart-media-assets.swiggy.com/swiggy/image/upload/fl_lossy,f_auto,q_auto,h_544,w_504/ed914cf97c69aadb8ee4ca159c36ee3f",3-blade disposable razor for smooth shaving,1 Piece,,,,6 MINS,Organic,Himalaya Neem Purifying Face Wash
Chennai South 600041,21-12-2025,12:00:32 PM,Clean & Clear Foaming Face Wash,"https://instamart-media-assets.swiggy.com/swiggy/image/upload/fl_lossy,f_auto,q_auto,h_544,w_504/ixavngmca1fvckii5b38","Deep Cleanse, Foaming Formula.",100 ml,8,199,183,6 MINS,Organic,Himalaya Neem Purifying Face Wash
Chennai South 600041,21-12-2025,12:00:32 PM,Biotique Fresh Neem Pimple Control Face Wash,"https://instamart-media-assets.swiggy.com/swiggy/image/upload/fl_lossy,f_auto,q_auto,h_544,w_504/b7d98b6bce1f23bde8aa4df228b3fbf9",Ayurvedic neem cleanser for acne-prone skin,200 ml,22,299,233,6 MINS,Organic,Himalaya Neem Purifying Face Wash
Chennai South 600041,21-12-2025,12:00:32 PM,Biotique Fresh Neem Pimple Control Face Wash,"https://instamart-media-assets.swiggy.com/swiggy/image/upload/fl_lossy,f_auto,q_auto,h_544,w_504/NI_CATALOG/IMAGES/CIW/2024/5/31/23fca669-6cd5-4b9f-b4a2-07a08dc6703d_facewash_OB2VBRRZQ2_MN.png",Herbal face wash to fight pimples & acne,150 ml,10,225,202,6 MINS,Organic,Himalaya Neem Purifying Face Wash
Chennai South 600041,21-12-2025,12:00:32 PM,Everyuth Purifying Neem Facewash and Tan Removal Choco Cherry Combo,"https://instamart-media-assets.swiggy.com/swiggy/image/upload/fl_lossy,f_auto,q_auto,h_544,w_504/589d6b7bdc0c4f18f66933faae82350b",Skincare combo for cleansing and glow,1 combo,25,365,272,6 MINS,Organic,Himalaya Neem Purifying Face Wash
Chennai South 600041,21-12-2025,12:00:32 PM,Simple Kind To Skin Refreshing Facial Wash,"https://instamart-media-assets.swiggy.com/swiggy/image/upload/fl_lossy,f_auto,q_auto,h_544,w_504/NI_CATALOG/IMAGES/CIW/2025/8/28/df625d29-b2a3-49f0-a232-60d0b2b2726b_44603_01.png",Mild facial cleanser suitable for sensitive skin,150 ml,20,420,336,6 MINS,Organic,Himalaya Neem Purifying Face Wash
Chennai South 600041,21-12-2025,12:00:32 PM,Clean & Clear Foaming Face Wash,"https://instamart-media-assets.swiggy.com/swiggy/image/upload/fl_lossy,f_auto,q_auto,h_544,w_504/NI_CATALOG/IMAGES/CIW/2025/9/23/617c7f30-2b3c-475c-8fbf-6c9b7497c7ea_8908_1.png",Oil-free daily face wash for clean and clear skin,150 ml,4,285,271,6 MINS,Organic,Himalaya Neem Purifying Face Wash
Chennai South 600041,21-12-2025,12:00:32 PM,Clean & Clear Foaming Face Wash,"https://instamart-media-assets.swiggy.com/swiggy/image/upload/fl_lossy,f_auto,q_auto,h_544,w_504/1023e23c74f36b93d97a4733eb50ba48",Oil-free foaming face wash for clean and clear skin.,240 ml,20,480,384,6 MINS,Organic,Himalaya Neem Purifying Face Wash
Chennai South 600041,21-12-2025,12:00:32 PM,Everyuth Purifying Neem Facewash and Tan Removal Choco Cherry Scrub combo,"https://instamart-media-assets.swiggy.com/swiggy/image/upload/fl_lossy,f_auto,q_auto,h_544,w_504/a19e2dc44325084c13a3b560066e97e6",Facewash and scrub combo for clear skin.,1 combo,25,365,272,6 MINS,Organic,Himalaya Neem Purifying Face Wash
Chennai South 600041,21-12-2025,12:00:32 PM,Pond's Bright Beauty Spot-less Glow Face Wash,"https://instamart-media-assets.swiggy.com/swiggy/image/upload/fl_lossy,f_auto,q_auto,h_544,w_504/NI_CATALOG/IMAGES/CIW/2024/5/15/2feb12ce-fc27-4d38-8d3b-35a2dfbf010b_facewash_2DWIH9264C_MN.png",Spotless glow facewash with vitamins,50 g,,,,6 MINS,Organic,Himalaya Neem Purifying Face Wash
Chennai South 600041,21-12-2025,12:00:32 PM,Biotique Fruit Brightening Face Wash,"https://instamart-media-assets.swiggy.com/swiggy/image/upload/fl_lossy,f_auto,q_auto,h_544,w_504/NI_CATALOG/IMAGES/CIW/2024/5/25/c5338cec-faf7-4b88-b007-6fe8e55227e4_facewash_K360L8T2CA_MN.png",Brightening face wash with fruit extracts,200 ml,26,320,234,6 MINS,Organic,Himalaya Neem Purifying Face Wash
Chennai South 600041,21-12-2025,12:00:32 PM,Pond's Pure White Activated Charcoal Face Wash,"https://instamart-media-assets.swiggy.com/swiggy/image/upload/fl_lossy,f_auto,q_auto,h_544,w_504/NI_CATALOG/IMAGES/CIW/2024/5/15/cc6be098-821d-4b21-b1cb-3908d5ef8818_facewash_23486OTWJV_MN.png",Deep cleansing face wash with charcoal,100 g,10,240,216,6 MINS,Organic,Himalaya Neem Purifying Face Wash
Chennai South 600041,21-12-2025,12:00:32 PM,Parachute Pure Coconut Oil,"https://instamart-media-assets.swiggy.com/swiggy/image/upload/fl_lossy,f_auto,q_auto,h_544,w_504/NI_CATALOG/IMAGES/CIW/2024/4/2/6e299a16-3ee1-4ce3-b590-57f78135d7c0_hairandbodyoils_K8167JQB2X_MN.png",Pure and natural coconut oil,200 ml,5,155,147,6 MINS,Organic,Himalaya Neem Purifying Face Wash
Chennai South 600041,21-12-2025,12:00:32 PM,Dr. Sheth's Neem & Salicylic Acid Face Wash,"https://instamart-media-assets.swiggy.com/swiggy/image/upload/fl_lossy,f_auto,q_auto,h_544,w_504/NI_CATALOG/IMAGES/CIW/2024/7/8/77e5b4d9-df2e-4dae-b82b-721e77c3d490_facewash_Z4N15HW6T5_MN.png",Acne-fighting face wash with neem and salicylic acid.,100 g,10,349,311,6 MINS,Organic,Himalaya Neem Purifying Face Wash
Chennai South 600041,21-12-2025,12:00:32 PM,Biotique Fruit Brightening Face Wash,"https://instamart-media-assets.swiggy.com/swiggy/image/upload/fl_lossy,f_auto,q_auto,h_544,w_504/3c2208591ca1299a9bf813d2c9ea0e06",Ayurvedic blend for radiant skin with fruit extracts,150 ml,10,250,225,6 MINS,Organic,Himalaya Neem Purifying Face Wash
Chennai South 600041,21-12-2025,12:00:32 PM,Everyuth Naturals Moisturizing Fruit Face Wash,"https://instamart-media-assets.swiggy.com/swiggy/image/upload/fl_lossy,f_auto,q_auto,h_544,w_504/x4l6ragurcoiij7ksjzb",Refreshing fruit-based cleanser for soft and hydrated skin,150 g,39,225,137,6 MINS,Organic,Himalaya Neem Purifying Face Wash
Chennai South 600041,21-12-2025,12:00:32 PM,Everyuth Naturals Brightening Lemon & Cherry Face Wash,"https://instamart-media-assets.swiggy.com/swiggy/image/upload/fl_lossy,f_auto,q_auto,h_544,w_504/NI_CATALOG/IMAGES/CIW/2024/5/17/3d292b0a-be81-4ad9-9341-5b0e91b86acf_facewash_XS16HPWM7D_MN.png",Brightening face wash with citrus extracts,150 g,39,225,137,6 MINS,Organic,Himalaya Neem Purifying Face Wash
Chennai South 600041,21-12-2025,12:00:32 PM,Mamaearth Vitamin C & Turmeric Foaming Face Wash,"https://instamart-media-assets.swiggy.com/swiggy/image/upload/fl_lossy,f_auto,q_auto,h_544,w_504/NI_CATALOG/IMAGES/CIW/2024/7/13/e8a7e8b8-eb6e-4dd4-9978-f80c671493d5_facewash_U94GM3R0TK_AL2.png",Brightens skin with gentle foaming action.,150 ml,20,399,319,6 MINS,Organic,Himalaya Neem Purifying Face Wash
Chennai South 600041,21-12-2025,12:00:32 PM,Hamam 100% Pure Neem Oil Soap,"https://instamart-media-assets.swiggy.com/swiggy/image/upload/fl_lossy,f_auto,q_auto,h_544,w_504/NI_CATALOG/IMAGES/CIW/2025/8/28/29596f3b-f897-4336-8987-e0efaa4044e9_35531_1.png",,100 g x 3,1,108,106,6 MINS,Organic,Himalaya Neem Purifying Face Wash
Chennai South 600041,21-12-2025,12:00:32 PM,Lacto Calamine Face Wash With Kaolin Clay For Oily Skin,"https://instamart-media-assets.swiggy.com/swiggy/image/upload/fl_lossy,f_auto,q_auto,h_544,w_504/NI_CATALOG/IMAGES/CIW/2025/6/30/19e614f5-e825-4501-ba34-98005ec92d58_77156_1.png","Deep Cleansing & Oil Control for Clear, Fresh Skin",100 ml,,,,6 MINS,Organic,Himalaya Neem Purifying Face Wash
Chennai South 600041,21-12-2025,12:00:32 PM,Mamaearth Vitamin C Face Wash,"https://instamart-media-assets.swiggy.com/swiggy/image/upload/fl_lossy,f_auto,q_auto,h_544,w_504/NI_CATALOG/IMAGES/CIW/2025/6/24/3a7bc44d-30b6-4045-961b-337b35fbd67d_18097_1.png","Daily face wash for radiant, glowing skin",100 ml,10,269,242,6 MINS,Organic,Himalaya Neem Purifying Face Wash
Chennai South 600041,21-12-2025,12:00:32 PM,Everyuth Naturals Anti Acne Anti Marks Tulsi Turmeric Face Wash,"https://instamart-media-assets.swiggy.com/swiggy/image/upload/fl_lossy,f_auto,q_auto,h_544,w_504/NI_CATALOG/IMAGES/CIW/2025/9/20/0a6fada6-a502-459a-92e4-56fd7634110b_13948_1.png",Tulsi & turmeric face wash for acne control,150 g,39,225,137,6 MINS,Organic,Himalaya Neem Purifying Face Wash
Chennai South 600041,21-12-2025,12:01:06 PM,Bombay Shaving Company Sensi Smart 3 Razor Cartridge,"https://instamart-media-assets.swiggy.com/swiggy/image/upload/fl_lossy,f_auto,q_auto,h_544,w_504/NI_CATALOG/IMAGES/CIW/2025/5/19/fbc186d0-8d68-46fa-aaa0-5ffc6cdf73f8_52536_1.png",3-blade refill cartridges for smooth shave,2 pieces,33,149,99,6 MINS,Organic,Bombay Shaving Company Classic Safety Razor
Chennai South 600041,21-12-2025,12:01:06 PM,Bombay Shaving Company Sensi Flo 6 Razor Cartridge For Men,"https://instamart-media-assets.swiggy.com/swiggy/image/upload/fl_lossy,f_auto,q_auto,h_544,w_504/3170412fb850742419800506d7d1c74f",6-blade razor cartridge for a smooth and gentle shave,4 pieces,10,999,899,6 MINS,Organic,Bombay Shaving Company Classic Safety Razor
Chennai South 600041,21-12-2025,12:01:06 PM,"Bombay Shaving Company Premium Shaving Kit for Men (5-in-1 Grooming Combo, 400 g)","https://instamart-media-assets.swiggy.com/swiggy/image/upload/fl_lossy,f_auto,q_auto,h_544,w_504/NI_CATALOG/IMAGES/CIW/2025/8/7/3a17c1b9-dd2e-4298-ad1f-82520554628f_22328_1.png",Elevate your daily ritual into a moment of luxury and self-care.,400 g,43,799,449,6 MINS,Organic,Bombay Shaving Company Classic Safety Razor
Chennai South 600041,21-12-2025,12:01:06 PM,Bombay Shaving Company Charcoal Shaving Cream,"https://instamart-media-assets.swiggy.com/swiggy/image/upload/fl_lossy,f_auto,q_auto,h_544,w_504/NI_CATALOG/IMAGES/CIW/2025/12/20/76483e9a-a314-4bd1-8ccc-dc843676962d_59437_1.png",Smooth lathering shaving cream with charcoal,78 g,16,84,70,6 MINS,Organic,Bombay Shaving Company Classic Safety Razor
Chennai South 600041,21-12-2025,12:01:06 PM,Bombay Shaving Company Premium Perfume Set for Men (300 g Gift Set),"https://instamart-media-assets.swiggy.com/swiggy/image/upload/fl_lossy,f_auto,q_auto,h_544,w_504/NI_CATALOG/IMAGES/CIW/2025/8/31/0c53c8d9-ab90-4fff-b815-ab0fe466acb1_67837_1.png",Curated Scents for Every Destination and Moment,90 ml,66,1495,499,6 MINS,Organic,Bombay Shaving Company Classic Safety Razor
Chennai South 600041,21-12-2025,12:01:06 PM,Bombay Shaving Company Intimate Hair Removal Cream,"https://instamart-media-assets.swiggy.com/swiggy/image/upload/fl_lossy,f_auto,q_auto,h_544,w_504/NI_CATALOG/IMAGES/CIW/2025/12/20/92790ad7-3262-49dd-bb48-fb7b09380377_982169_1.png",,50 g,40,149,88,6 MINS,Organic,Bombay Shaving Company Classic Safety Razor
Chennai South 600041,21-12-2025,12:01:06 PM,Bombay Shaving Company Beard Styling Pen,"https://instamart-media-assets.swiggy.com/swiggy/image/upload/fl_lossy,f_auto,q_auto,h_544,w_504/NI_CATALOG/IMAGES/CIW/2025/8/7/5376b8f8-eeb1-42de-bd76-4eddfeac0f4f_428580_1.png","Effortless Styling, Precise Application.",3 pieces,33,299,199,6 MINS,Organic,Bombay Shaving Company Classic Safety Razor
Chennai South 600041,21-12-2025,12:01:06 PM,Gillette Mach3 Shaving Blades Cartridges (Pack of 6),"https://instamart-media-assets.swiggy.com/swiggy/image/upload/fl_lossy,f_auto,q_auto,h_544,w_504/NI_CATALOG/IMAGES/CIW/2025/11/11/fb41fb67-61d0-4a4c-952c-863c44588968_14714_1.png",Replacement blades for a smooth Mach 3 shave,6 pieces,5,890,845,6 MINS,Organic,Bombay Shaving Company Classic Safety Razor
Chennai South 600041,21-12-2025,12:01:06 PM,Gillette Fusion Manual Shaving Razor Blades Cartridge,"https://instamart-media-assets.swiggy.com/swiggy/image/upload/fl_lossy,f_auto,q_auto,h_544,w_504/NI_CATALOG/IMAGES/CIW/2025/9/20/267af2d0-fb9e-44fb-bc6a-896fe59bcbcb_14712_1.png",Precision 5-blade cartridges for a smooth shave,4 pieces,,,,6 MINS,Organic,Bombay Shaving Company Classic Safety Razor
Chennai South 600041,21-12-2025,12:01:06 PM,Bombay Shaving Company Shave Fitkari Bar 100g And Bombay Shaving Company Charcoal Shaving Cream 78g,"https://instamart-media-assets.swiggy.com/swiggy/image/upload/fl_lossy,f_auto,q_auto,h_544,w_504/NI_CATALOG/IMAGES/ciw/2025/10/24/4dbb6389-a095-4c08-ae41-c2ff94dcac2f_NPIC-002684_20251024_071239.png",,1 combo,44,283,157,6 MINS,Organic,Bombay Shaving Company Classic Safety Razor
Chennai South 600041,21-12-2025,12:01:06 PM,Bombay Shaving Company Natural Antiseptic & Astringent Alum or Fitkari Bar,"https://instamart-media-assets.swiggy.com/swiggy/image/upload/fl_lossy,f_auto,q_auto,h_544,w_504/NI_CATALOG/IMAGES/CIW/2025/11/17/529f36c6-460c-478b-91e2-7d4f8d9c6584_473786_1.png","Natural Shaving, Alum Block.",100 g,50,199,99,6 MINS,Organic,Bombay Shaving Company Classic Safety Razor
Chennai South 600041,21-12-2025,12:01:06 PM,Bombay Shaving Company After-Shave Lotion With Turmeric And Sandalwood,"https://instamart-media-assets.swiggy.com/swiggy/image/upload/fl_lossy,f_auto,q_auto,h_544,w_504/NI_CATALOG/IMAGES/CIW/2025/5/27/d7970ef5-6704-4dfc-8b07-f2e2686d0734_35212_1.png",Soothing aftershave with natural ingredients,100 ml,13,259,225,6 MINS,Organic,Bombay Shaving Company Classic Safety Razor
Chennai South 600041,21-12-2025,12:01:06 PM,Gillette Presto Ready Shaver 5 Cartridges,"https://instamart-media-assets.swiggy.com/swiggy/image/upload/fl_lossy,f_auto,q_auto,h_544,w_504/NI_CATALOG/IMAGES/CIW/2024/12/9/1d9a93f4-f070-4018-8418-92819433a26b_510_1.png","Disposable razors for quick, clean shaving",5 pieces,,,,6 MINS,Organic,Bombay Shaving Company Classic Safety Razor
Chennai South 600041,21-12-2025,12:01:06 PM,Gillette Fusion Manual Razor for Men with styling back blade,"https://instamart-media-assets.swiggy.com/swiggy/image/upload/fl_lossy,f_auto,q_auto,h_544,w_504/NI_CATALOG/IMAGES/CIW/2025/9/20/6a102d4c-3ad5-40ec-93f3-048d3d00807f_32286_1.png",Precision manual razor with back styling blade,1 pack,10,425,382,6 MINS,Organic,Bombay Shaving Company Classic Safety Razor
Chennai South 600041,21-12-2025,12:01:06 PM,Gillette Venus Simply - Hair Removal Razor For Women 3 Blades,"https://instamart-media-assets.swiggy.com/swiggy/image/upload/fl_lossy,f_auto,q_auto,h_544,w_504/ed914cf97c69aadb8ee4ca159c36ee3f",3-blade disposable razor for smooth shaving,1 Piece,,,,6 MINS,Organic,Bombay Shaving Company Classic Safety Razor
Chennai South 600041,21-12-2025,12:01:06 PM,Park Avenue Signature Perfume Gift Set For Men 2 Deo + 1 Eau De Perfume,"https://instamart-media-assets.swiggy.com/swiggy/image/upload/fl_lossy,f_auto,q_auto,h_544,w_504/NI_CATALOG/IMAGES/CIW/2025/8/1/1d6567ca-ae62-4677-bce5-cf4dac6dd8b5_SN46U34WFL.png",Perfume gift set with deo and fragrance.,350 ml,43,899,512,6 MINS,Organic,Bombay Shaving Company Classic Safety Razor
Chennai South 600041,21-12-2025,12:01:06 PM,Gillette Mach3 Razor Light Shaving Razor for Men,"https://instamart-media-assets.swiggy.com/swiggy/image/upload/fl_lossy,f_auto,q_auto,h_544,w_504/NI_CATALOG/IMAGES/CIW/2025/6/6/f69de37b-8385-42da-8146-cf772d0dc035_276334_1.png","Smooth Shave, Precision Engineering.",1 Piece,,,,6 MINS,Organic,Bombay Shaving Company Classic Safety Razor
Chennai South 600041,21-12-2025,12:01:06 PM,Gillette Guard 3 Razor - With 2 Catridges,"https://instamart-media-assets.swiggy.com/swiggy/image/upload/fl_lossy,f_auto,q_auto,h_544,w_504/af9daa4636ce37953b98a54e66032ca4",Triple blade razor with 2 cartridges,2 pieces,,,,6 MINS,Organic,Bombay Shaving Company Classic Safety Razor
Chennai South 600041,21-12-2025,12:01:06 PM,Gillette Regular Shaving Foam,"https://instamart-media-assets.swiggy.com/swiggy/image/upload/fl_lossy,f_auto,q_auto,h_544,w_504/b4dac81d4649ef5d2f5a3514fc92bcc0",Rich lather shaving foam for a smooth shave,50 g,,,,6 MINS,Organic,Bombay Shaving Company Classic Safety Razor
Chennai South 600041,21-12-2025,12:01:06 PM,Park Avenue Good Morning Grooming Kit,"https://instamart-media-assets.swiggy.com/swiggy/image/upload/fl_lossy,f_auto,q_auto,h_544,w_504/a1fa9cb1e6f4a3b70e5f986ef0796de6",Men's grooming essentials in a fresh morning scent,1 pack,45,799,439,6 MINS,Organic,Bombay Shaving Company Classic Safety Razor
Chennai South 600041,21-12-2025,12:01:06 PM,Gillette Series Sensitive Skin With Aloe Shave Gel Pack,"https://instamart-media-assets.swiggy.com/swiggy/image/upload/fl_lossy,f_auto,q_auto,h_544,w_504/NI_CATALOG/IMAGES/CIW/2024/12/9/768af981-bf43-4961-8ca3-c0ebac745e41_22383_1.png","Sensitive Skin, Aloe Vera Soothe.",60 g,,,,6 MINS,Organic,Bombay Shaving Company Classic Safety Razor
Chennai South 600041,21-12-2025,12:01:06 PM,LetsShave Pro 2 Plus Disposable Twin Blade Shaving Men's Razor - Set of 5,"https://instamart-media-assets.swiggy.com/swiggy/image/upload/fl_lossy,f_auto,q_auto,h_544,w_504/NI_CATALOG/IMAGES/CIW/2025/6/27/dda0a6de-5ced-4197-b7fb-5c3a5f6f1fb6_58073_1.png","Premium twin-blade disposable razor for a close, smooth shave",5 pieces,,,,6 MINS,Organic,Bombay Shaving Company Classic Safety Razor
Chennai South 600041,21-12-2025,12:01:06 PM,Park Avenue Luxury Grooming Collection 8 in 1 Combo Grooming Kit for Men,"https://instamart-media-assets.swiggy.com/swiggy/image/upload/fl_lossy,f_auto,q_auto,h_544,w_504/0511cdb0832fed7a0f42c717471fce4d",8-in-1 grooming essentials set for men.,1 unit,45,1099,604,6 MINS,Organic,Bombay Shaving Company Classic Safety Razor
Chennai South 600041,21-12-2025,12:01:06 PM,Gillette Fusion Manual Shaving Razor Blades Cartridge and Classic Foam Shave Combo,"https://instamart-media-assets.swiggy.com/swiggy/image/upload/fl_lossy,f_auto,q_auto,h_544,w_504/NI_CATALOG/IMAGES/CIW/2024/10/2/76b51d89-a7e4-49f5-8bb1-646afee5c4ce_858997_1.png",,1 combo,,,,6 MINS,Organic,Bombay Shaving Company Classic Safety Razor
Chennai South 600041,21-12-2025,12:01:06 PM,Gillette Mach3 Cartridge Blade,"https://instamart-media-assets.swiggy.com/swiggy/image/upload/fl_lossy,f_auto,q_auto,h_544,w_504/NI_CATALOG/IMAGES/CIW/2025/1/22/722fbb46-7352-4d48-a8e5-6699e425200d_1609_1.png",Precision 3-blade cartridge for smooth shave,1 Piece,,,,6 MINS,Organic,Bombay Shaving Company Classic Safety Razor
Chennai South 600041,21-12-2025,12:01:06 PM,Gillette Classic Foam Shave Regular Lathers Quickly & Hydrates,"https://instamart-media-assets.swiggy.com/swiggy/image/upload/fl_lossy,f_auto,q_auto,h_544,w_504/NI_CATALOG/IMAGES/CIW/2024/12/4/cdc230c5-08c4-45e1-b465-0dcfc9b9b115_9779_1.png","Quick lather, classic clean shave",418 g,,,,6 MINS,Organic,Bombay Shaving Company Classic Safety Razor
Chennai South 600041,21-12-2025,12:01:06 PM,Gillette Venus Bikini Sensitive Hair Removal Razor| Intimate Care| Derm Tested | No Irritation,"https://instamart-media-assets.swiggy.com/swiggy/image/upload/fl_lossy,f_auto,q_auto,h_544,w_504/ef947ac3b78f725fbfd3848fa5b2eb80","Gentle razor for intimate areas, dermatologist-tested",1 Piece,,,,6 MINS,Organic,Bombay Shaving Company Classic Safety Razor
Chennai South 600041,21-12-2025,12:01:06 PM,Park Avenue Euphoria and Harmony Eau De Perfume Gift Set for Men,"https://instamart-media-assets.swiggy.com/swiggy/image/upload/fl_lossy,f_auto,q_auto,h_544,w_504/NI_CATALOG/IMAGES/CIW/2025/8/1/be05d8ce-4ccb-4d33-9136-2185af64c9a9_71QKB16PXY.png",Dual perfume gift set with elegant masculine scents,2 pieces,40,1499,899,6 MINS,Organic,Bombay Shaving Company Classic Safety Razor
Chennai South 600041,21-12-2025,12:01:06 PM,Gillette Venus Smooth Hair Removal Razor For Women With Aloe Vera,"https://instamart-media-assets.swiggy.com/swiggy/image/upload/fl_lossy,f_auto,q_auto,h_544,w_504/NI_CATALOG/IMAGES/CIW/2025/4/7/a15e77e6-c726-447f-a460-e00d8ff20fe8_18101_1.png","Aloe-infused razor for a close, smooth shave",1 Piece,,,,6 MINS,Organic,Bombay Shaving Company Classic Safety Razor
Chennai South 600041,21-12-2025,12:01:06 PM,Gillette Mach3 Men’s Razor with 2 Cartridges,"https://instamart-media-assets.swiggy.com/swiggy/image/upload/fl_lossy,f_auto,q_auto,h_544,w_504/NI_CATALOG/IMAGES/CIW/2025/4/17/cf6e02c7-a3e3-415c-9e5c-c39ba08cb3bf_10888_1.png",3-blade razor for a smooth and clean shave,1 Piece,8,437,402,6 MINS,Organic,Bombay Shaving Company Classic Safety Razor
Chennai South 600041,21-12-2025,12:01:06 PM,Gillette Mach 3 Shaving Blades & Classic Foam Shave Regular Lathers Quickly & Hydrates,"https://instamart-media-assets.swiggy.com/swiggy/image/upload/fl_lossy,f_auto,q_auto,h_544,w_504/f7bbb876d02bf1e7bdb67d98870566ac",3-blade razor with hydrating foam,1 combo,3,1180,1135,6 MINS,Organic,Bombay Shaving Company Classic Safety Razor
Chennai South 600041,21-12-2025,12:01:06 PM,Gillette Fusion Shaving 5 Cartridges & Classic Foam Shave Lathers Quickly & Hydrates,"https://instamart-media-assets.swiggy.com/swiggy/image/upload/fl_lossy,f_auto,q_auto,h_544,w_504/524743c13a59b0f632115d56979ffe3b",Smooth shaving combo with 5-blade cartridges,1 combo,4,2012,1926,6 MINS,Organic,Bombay Shaving Company Classic Safety Razor
Chennai South 600041,21-12-2025,12:01:38 PM,Himalaya Natural Glow Kesar Face Wash,"https://instamart-media-assets.swiggy.com/swiggy/image/upload/fl_lossy,f_auto,q_auto,h_544,w_504/NI_CATALOG/IMAGES/CIW/2025/2/26/a6c2196b-b0a9-4883-9b06-43b07d25d1b9_62028_1.png",Brightening face wash with saffron for glowing skin,150 ml,17,279,229,6 MINS,Organic,Himalaya Brightening Blueberry Face Wash
Chennai South 600041,21-12-2025,12:01:38 PM,Himalaya Purifying Neem Face Wash,"https://instamart-media-assets.swiggy.com/swiggy/image/upload/fl_lossy,f_auto,q_auto,h_544,w_504/NI_CATALOG/IMAGES/CIW/2025/7/21/59c22e93-d9c4-4778-828d-264bff4c28be_45133_01.png","Purifying Cleanse, Neem Power.",400 ml,25,599,449,6 MINS,Organic,Himalaya Brightening Blueberry Face Wash
Chennai South 600041,21-12-2025,12:01:38 PM,Himalaya Purifying Neem Foaming Face Wash,"https://instamart-media-assets.swiggy.com/swiggy/image/upload/fl_lossy,f_auto,q_auto,h_544,w_504/NI_CATALOG/IMAGES/CIW/2025/3/21/3d0afdf5-a858-4f6a-8f77-e0cca792e82f_3801_1.png",,150 ml x 2,14,598,514,6 MINS,Organic,Himalaya Brightening Blueberry Face Wash
Chennai South 600041,21-12-2025,12:01:38 PM,Himalaya Oil Clear Lemon Face Wash,"https://instamart-media-assets.swiggy.com/swiggy/image/upload/fl_lossy,f_auto,q_auto,h_544,w_504/NI_CATALOG/IMAGES/CIW/2025/2/26/26c25f7d-0d76-454c-8a9d-7369bb6b6cdc_88371_1.png",Cleanses oily skin with refreshing lemon.,200 ml,18,399,327,6 MINS,Organic,Himalaya Brightening Blueberry Face Wash
Chennai South 600041,21-12-2025,12:01:38 PM,Everyuth Naturals Brightening Lemon & Cherry Face Wash,"https://instamart-media-assets.swiggy.com/swiggy/image/upload/fl_lossy,f_auto,q_auto,h_544,w_504/NI_CATALOG/IMAGES/CIW/2024/5/17/3d292b0a-be81-4ad9-9341-5b0e91b86acf_facewash_XS16HPWM7D_MN.png",Brightening face wash with citrus extracts,150 g,39,225,137,6 MINS,Organic,Himalaya Brightening Blueberry Face Wash
Chennai South 600041,21-12-2025,12:01:38 PM,Himalaya Poll Detox Charcoal Face Wash,"https://instamart-media-assets.swiggy.com/swiggy/image/upload/fl_lossy,f_auto,q_auto,h_544,w_504/NI_CATALOG/IMAGES/CIW/2024/11/30/f2cfedad-6670-47c0-b534-466739bfa7fb_134857_1.png",Detox face wash with charcoal for pollution defense,100 g,15,220,185,6 MINS,Organic,Himalaya Brightening Blueberry Face Wash
Chennai South 600041,21-12-2025,12:01:38 PM,Biotique Fruit Brightening Face Wash,"https://instamart-media-assets.swiggy.com/swiggy/image/upload/fl_lossy,f_auto,q_auto,h_544,w_504/NI_CATALOG/IMAGES/CIW/2024/5/25/c5338cec-faf7-4b88-b007-6fe8e55227e4_facewash_K360L8T2CA_MN.png",Brightening face wash with fruit extracts,200 ml,26,320,234,6 MINS,Organic,Himalaya Brightening Blueberry Face Wash
Chennai South 600041,21-12-2025,12:01:38 PM,Cetaphil Bright Healthy Radiance Gentle Renewing Cleanser,"https://instamart-media-assets.swiggy.com/swiggy/image/upload/fl_lossy,f_auto,q_auto,h_544,w_504/NI_CATALOG/IMAGES/CIW/2025/7/6/3f86f201-1410-4273-9104-acb0c115c2e8_98068_1.png",Skin-brightening cleanser with gentle exfoliation,100 g,10,930,828,6 MINS,Organic,Himalaya Brightening Blueberry Face Wash
Chennai South 600041,21-12-2025,12:01:38 PM,Everyuth Naturals Moisturizing Fruit Face Wash,"https://instamart-media-assets.swiggy.com/swiggy/image/upload/fl_lossy,f_auto,q_auto,h_544,w_504/x4l6ragurcoiij7ksjzb",Refreshing fruit-based cleanser for soft and hydrated skin,150 g,39,225,137,6 MINS,Organic,Himalaya Brightening Blueberry Face Wash
Chennai South 600041,21-12-2025,12:01:38 PM,Biotique Fruit Brightening Face Wash,"https://instamart-media-assets.swiggy.com/swiggy/image/upload/fl_lossy,f_auto,q_auto,h_544,w_504/3c2208591ca1299a9bf813d2c9ea0e06",Ayurvedic blend for radiant skin with fruit extracts,150 ml,10,250,225,6 MINS,Organic,Himalaya Brightening Blueberry Face Wash
Chennai South 600041,21-12-2025,12:01:38 PM,"Hyphen Rice Water Brightening Daily Cleanser | Brightens Skin, Reduces Dark Spots & Pigmentation","https://instamart-media-assets.swiggy.com/swiggy/image/upload/fl_lossy,f_auto,q_auto,h_544,w_504/NI_CATALOG/IMAGES/CIW/2025/6/24/3fb60c74-f358-4240-8a2f-17dc066352e7_932019_1.png",Brightening cleanser with rice water,1 Piece,5,299,284,6 MINS,Organic,Himalaya Brightening Blueberry Face Wash
Chennai South 600041,21-12-2025,12:01:38 PM,Plum Saffron & Papaya Glow Bright Face Wash,"https://instamart-media-assets.swiggy.com/swiggy/image/upload/fl_lossy,f_auto,q_auto,h_544,w_504/NI_CATALOG/IMAGES/CIW/2024/5/23/058ab1e0-a330-42de-9ccf-83517fa5b5f2_facewash_P9J13AI3XM_MN.png",Brightening face wash for radiant skin.,100 ml,12,275,242,6 MINS,Organic,Himalaya Brightening Blueberry Face Wash
Chennai South 600041,21-12-2025,12:01:38 PM,Dot & Key Watermelon Super Glow Face Wash Vitamin C & Cucumber (Packaging Might Vary),"https://instamart-media-assets.swiggy.com/swiggy/image/upload/fl_lossy,f_auto,q_auto,h_544,w_504/NI_CATALOG/IMAGES/CIW/2025/11/3/6c56e6a3-45bf-4b9a-a77b-f891c3de0868_78215_1.png",With Vitamin C & Cucumber,100 ml,14,249,214,6 MINS,Organic,Himalaya Brightening Blueberry Face Wash
Chennai South 600041,21-12-2025,12:01:38 PM,Pond's Bright Beauty Spot-less Glow Face Wash,"https://instamart-media-assets.swiggy.com/swiggy/image/upload/fl_lossy,f_auto,q_auto,h_544,w_504/NI_CATALOG/IMAGES/CIW/2024/5/15/2feb12ce-fc27-4d38-8d3b-35a2dfbf010b_facewash_2DWIH9264C_MN.png",Spotless glow facewash with vitamins,50 g,,,,6 MINS,Organic,Himalaya Brightening Blueberry Face Wash
Chennai South 600041,21-12-2025,12:01:38 PM,Biotique Papaya Tan Removal Brightening & Revitalizing Face Scrub Tube,"https://instamart-media-assets.swiggy.com/swiggy/image/upload/fl_lossy,f_auto,q_auto,h_544,w_504/568eddfeb0b6060b1fb190836437e0da",Natural Glow with Papaya Power,50 g,12,150,132,6 MINS,Organic,Himalaya Brightening Blueberry Face Wash
Chennai South 600041,21-12-2025,12:01:38 PM,Biotique Papaya Tan Removal Brightening & Revitalizing Face Scrub,"https://instamart-media-assets.swiggy.com/swiggy/image/upload/fl_lossy,f_auto,q_auto,h_544,w_504/NI_CATALOG/IMAGES/CIW/2025/3/2/6030baac-fde1-4fbf-b9f7-80a8e89a35e1_42280_1.png","Brighten & Exfoliate, Papaya Power.",100 g,22,299,233,6 MINS,Organic,Himalaya Brightening Blueberry Face Wash
Chennai South 600041,21-12-2025,12:01:38 PM,Dot & Key Barrier Repair + Hydrating Gentle Face Wash,"https://instamart-media-assets.swiggy.com/swiggy/image/upload/fl_lossy,f_auto,q_auto,h_544,w_504/NI_CATALOG/IMAGES/CIW/2025/8/31/8b318655-b301-4caf-80b1-3a49b1f12ba1_42717_1.png","Repair & Hydrate, Gentle Cleanse.",100 g,14,249,214,6 MINS,Organic,Himalaya Brightening Blueberry Face Wash
Chennai South 600041,21-12-2025,12:01:38 PM,"Garnier Skin Naturals, Facewash, Cleansing And Brightening, Bright Complete","https://instamart-media-assets.swiggy.com/swiggy/image/upload/fl_lossy,f_auto,q_auto,h_544,w_504/NI_CATALOG/IMAGES/CIW/2025/7/3/388dfa93-1f32-4ee4-80be-029d3b0fb767_58023_1.png",Brightening facewash with lemon (non-food),100 g,25,219,164,6 MINS,Organic,Himalaya Brightening Blueberry Face Wash
Chennai South 600041,21-12-2025,12:01:38 PM,Dabur Gulabari Rose Glow Face Cleanser Gentle Cleanser for All Skin Types.,"https://instamart-media-assets.swiggy.com/swiggy/image/upload/fl_lossy,f_auto,q_auto,h_544,w_504/NI_CATALOG/IMAGES/CIW/2025/5/20/c5d2e365-54ae-4580-86fa-fd579717e8e5_70383_1.png","Gentle rose cleanser for soft, glowing skin",100 ml,10,99,89,6 MINS,Organic,Himalaya Brightening Blueberry Face Wash
Chennai South 600041,21-12-2025,12:01:38 PM,Lakme Blush & Glow Strawberry Face Wash,"https://instamart-media-assets.swiggy.com/swiggy/image/upload/fl_lossy,f_auto,q_auto,h_544,w_504/NI_CATALOG/IMAGES/CIW/2024/7/12/73a39484-4efd-4111-9c23-6c138b3fce11_facewash_0WBHZOZLFW_MN.png",Gentle glow face wash with strawberry,100 g,24,269,202,6 MINS,Organic,Himalaya Brightening Blueberry Face Wash
Chennai South 600041,21-12-2025,12:01:38 PM,Everyuth Purifying Neem Facewash,"https://instamart-media-assets.swiggy.com/swiggy/image/upload/fl_lossy,f_auto,q_auto,h_544,w_504/NI_CATALOG/IMAGES/CIW/2025/9/20/d7ca30f5-f448-44d2-b2e3-19e63b508bbe_26967_1.png",Neem-based cleanser for clear skin,150 g,39,225,137,6 MINS,Organic,Himalaya Brightening Blueberry Face Wash
Chennai South 600041,21-12-2025,12:01:38 PM,Pond's Bright Beauty Spot-Less Fairness & Germ Removal Facewash,"https://instamart-media-assets.swiggy.com/swiggy/image/upload/fl_lossy,f_auto,q_auto,h_544,w_504/NI_CATALOG/IMAGES/CIW/2024/6/5/563a8b42-a6bc-483c-98b2-02c3e6cf4383_facewash_NCRPLG56KI_MN.png",,200 g x 2,40,904,542,6 MINS,Organic,Himalaya Brightening Blueberry Face Wash
Chennai South 600041,21-12-2025,12:01:38 PM,"Hyphen Rice Water Brightening Daily Cleanser | Brightens Skin, Reduces Dark Spots and Pigmentation & Hyphen Barrier Care Cream - Normal To Dry Skin","https://instamart-media-assets.swiggy.com/swiggy/image/upload/fl_lossy,f_auto,q_auto,h_544,w_504/NI_CATALOG/IMAGES/CIW/2025/6/11/ac966fd8-dda4-4502-8c6f-3a7809580a21_737056.png",,1 combo,4,748,711,6 MINS,Organic,Himalaya Brightening Blueberry Face Wash
Chennai South 600041,21-12-2025,12:01:38 PM,Everyuth Naturals Anti Acne Anti Marks Tulsi Turmeric Face Wash,"https://instamart-media-assets.swiggy.com/swiggy/image/upload/fl_lossy,f_auto,q_auto,h_544,w_504/NI_CATALOG/IMAGES/CIW/2025/9/20/0a6fada6-a502-459a-92e4-56fd7634110b_13948_1.png",Tulsi & turmeric face wash for acne control,150 g,39,225,137,6 MINS,Organic,Himalaya Brightening Blueberry Face Wash
Chennai South 600041,21-12-2025,12:01:38 PM,Pond's Bright Beauty Facewash,"https://instamart-media-assets.swiggy.com/swiggy/image/upload/fl_lossy,f_auto,q_auto,h_544,w_504/NI_CATALOG/IMAGES/CIW/2024/5/7/b157847e-ad93-4646-ae17-ed8276ea570e_facewash_7XVVHTGGCL_MN.png",Brightening facewash for radiant skin,150 g,32,359,244,6 MINS,Organic,Himalaya Brightening Blueberry Face Wash
Chennai South 600041,21-12-2025,12:01:38 PM,Mamaearth Beetroot Gentle With Beetroot & Hyaluronic Acid For Hydrated Pink Glow Face Wash,"https://instamart-media-assets.swiggy.com/swiggy/image/upload/fl_lossy,f_auto,q_auto,h_544,w_504/NI_CATALOG/IMAGES/CIW/2025/6/24/54becb64-90b8-4b0f-a2e9-13c291aff1d5_92645_1.png",With Beetroot & Hyaluronic Acid for a hydrated pink glow,100 ml,10,269,242,6 MINS,Organic,Himalaya Brightening Blueberry Face Wash
Chennai South 600041,21-12-2025,12:01:38 PM,Foxtale Refreshing Niacinamide Gel Face Wash,"https://instamart-media-assets.swiggy.com/swiggy/image/upload/fl_lossy,f_auto,q_auto,h_544,w_504/NI_CATALOG/IMAGES/CIW/2025/10/18/7bfd313e-6f32-4321-8937-eae032c43f9a_831484_1.png",Hydrating face wash for glow,100 ml,24,249,187,6 MINS,Organic,Himalaya Brightening Blueberry Face Wash
Chennai South 600041,21-12-2025,12:01:38 PM,Dot & Key Cica Calming Face Wash Salicylic & Green Tea,"https://instamart-media-assets.swiggy.com/swiggy/image/upload/fl_lossy,f_auto,q_auto,h_544,w_504/NI_CATALOG/IMAGES/CIW/2025/8/31/47791ebc-2dd8-444d-8e63-1293ae657a2f_42695_1.png","Soothing Cleanse, Cica & Salicylic Acid.",100 ml,14,249,214,6 MINS,Organic,Himalaya Brightening Blueberry Face Wash
Chennai South 600041,21-12-2025,12:01:38 PM,Pond's White Beauty Spotless Fairness Face Wash,"https://instamart-media-assets.swiggy.com/swiggy/image/upload/fl_lossy,f_auto,q_auto,h_544,w_504/NI_CATALOG/IMAGES/CIW/2024/7/19/c668b0bf-470c-4c08-8d06-2a814cee7b37_facewash_3GIU3ICSW2_MN.png","Brightening Cleanse, Spotless Fairness.",100 g,10,209,188,6 MINS,Organic,Himalaya Brightening Blueberry Face Wash
Chennai South 600041,21-12-2025,12:01:38 PM,Lakme Perfect Radiance Brightening Facewash with 98% Pure Niacinamide Complex & Glycerin,"https://instamart-media-assets.swiggy.com/swiggy/image/upload/fl_lossy,f_auto,q_auto,h_544,w_504/NI_CATALOG/IMAGES/CIW/2024/8/16/4bbaa2b5-e99b-4ca5-b80d-221362feb5a7_188521_1.png",Brightening facewash with niacinamide complex,50 g,20,175,140,6 MINS,Organic,Himalaya Brightening Blueberry Face Wash
Chennai South 600041,21-12-2025,12:01:38 PM,Everyuth Purifying Neem Facewash and Tan Removal Choco Cherry Combo,"https://instamart-media-assets.swiggy.com/swiggy/image/upload/fl_lossy,f_auto,q_auto,h_544,w_504/589d6b7bdc0c4f18f66933faae82350b",Skincare combo for cleansing and glow,1 combo,25,365,272,6 MINS,Organic,Himalaya Brightening Blueberry Face Wash
Chennai South 600041,21-12-2025,12:01:38 PM,Wow Skin Science Brightening Vitamin C Foaming Face Wash,"https://instamart-media-assets.swiggy.com/swiggy/image/upload/fl_lossy,f_auto,q_auto,h_544,w_504/NI_CATALOG/IMAGES/CIW/2024/8/12/821f9d2c-c339-4a68-97e0-ca194dac1fa2_8296_1.png",Foaming Face Cleanser with Built-In Brush | Brightens & Tones Skin,150 ml,17,399,331,6 MINS,Organic,Himalaya Brightening Blueberry Face Wash
Madurai Goripalayam 625016,21-12-2025,12:02:49 PM,"Mangaldeep Chandan 3 In1 Agarbatti Classic Chandan, Rose Chandan & Jasmine Chandan","https://instamart-media-assets.swiggy.com/swiggy/image/upload/fl_lossy,f_auto,q_auto,h_544,w_504/NI_CATALOG/IMAGES/CIW/2024/4/24/c870f1f0-625e-4379-a3b9-7b46761ee005_poojaneeds_28BKHOZNVI_MN.png","Fragrant Trio of Classic Chandan, Rose & Jasmine Incense",226 g,12,125,110,8 MINS,Organic,Mangaldeep 3 in 1 Premium Incense
Madurai Goripalayam 625016,21-12-2025,12:02:49 PM,Mangaldeep 3 in 1 Agarbatti Premium quality charcoal free Long lasting fragrances,"https://instamart-media-assets.swiggy.com/swiggy/image/upload/fl_lossy,f_auto,q_auto,h_544,w_504/NI_CATALOG/IMAGES/CIW/2024/4/24/96f66387-ed8d-40f8-80f4-1805e12200ba_poojaneeds_QP2ADLFNUI_MN.png",Charcoal-free agarbatti with long-lasting fragrance,106 g,15,65,55,8 MINS,Organic,Mangaldeep 3 in 1 Premium Incense
Madurai Goripalayam 625016,21-12-2025,12:02:49 PM,Mangaldeep Scent Radiance Burst - Luxury Incense Sticks,"https://instamart-media-assets.swiggy.com/swiggy/image/upload/fl_lossy,f_auto,q_auto,h_544,w_504/NI_CATALOG/IMAGES/CIW/2025/11/20/647d086a-e040-4a27-bc55-465a473154f6_462812_1.png",,40 Sticks,12,225,198,8 MINS,Organic,Mangaldeep 3 in 1 Premium Incense
Madurai Goripalayam 625016,21-12-2025,12:02:49 PM,Mangaldeep Scent 3 in1 Incense Pack,"https://instamart-media-assets.swiggy.com/swiggy/image/upload/fl_lossy,f_auto,q_auto,h_544,w_504/NI_CATALOG/IMAGES/CIW/2025/4/4/c13cac9b-03c1-4413-9f07-692a41b48226_80710_1.png",,213 g x 2,12,250,220,SOLD OUT,Organic,Mangaldeep 3 in 1 Premium Incense
Madurai Goripalayam 625016,21-12-2025,12:02:49 PM,Mangaldeep Sandal Agarbatti,"https://instamart-media-assets.swiggy.com/swiggy/image/upload/fl_lossy,f_auto,q_auto,h_544,w_504/f158c3690db13ceecc5a2ae86b8bd0ca",Sandalwood-scented incense sticks,1 pack,10,65,58,8 MINS,Organic,Mangaldeep 3 in 1 Premium Incense
Madurai Goripalayam 625016,21-12-2025,12:02:49 PM,Cycle Pure Four Seasons Premium Bambooless Incense,"https://instamart-media-assets.swiggy.com/swiggy/image/upload/fl_lossy,f_auto,q_auto,h_544,w_504/NI_CATALOG/IMAGES/CIW/2024/7/21/8e0470f3-30dc-49d2-b775-f135eae5527d_poojaneeds_H7US8DPGU7_MN.png",Premium bambooless incense with four unique fragrances,240 g,,,,8 MINS,Organic,Mangaldeep 3 in 1 Premium Incense
Madurai Goripalayam 625016,21-12-2025,12:02:49 PM,Mangaldeep Temple Sanctum Camphor & Amber Agarbatti,"https://instamart-media-assets.swiggy.com/swiggy/image/upload/fl_lossy,f_auto,q_auto,h_544,w_504/NI_CATALOG/IMAGES/CIW/2024/9/17/43755a43-5b87-4312-8b2f-36a9a3a8aff8_766741_1.png",Traditional Religious Essentials,20 Sticks,26,100,74,8 MINS,Organic,Mangaldeep 3 in 1 Premium Incense
Madurai Goripalayam 625016,21-12-2025,12:02:49 PM,Mangaldeep Sandalwood & Patchouli Temple Premium Dhoop Cones (40 cones),"https://instamart-media-assets.swiggy.com/swiggy/image/upload/fl_lossy,f_auto,q_auto,h_544,w_504/NI_CATALOG/IMAGES/CIW/2024/10/20/421ace95-78bb-4229-af7f-6c1f081f2747_726389_1.png",Premium temple dhoop cones with rich aroma,40 pieces,10,150,135,8 MINS,Organic,Mangaldeep 3 in 1 Premium Incense
Madurai Goripalayam 625016,21-12-2025,12:02:49 PM,"Lia 3-in-1 Agarbatti Pack with Gulab, Mogra and Chandanam Fragrance | From House of Cycle","https://instamart-media-assets.swiggy.com/swiggy/image/upload/fl_lossy,f_auto,q_auto,h_544,w_504/NI_CATALOG/IMAGES/CIW/2025/4/10/3bb61f60-7291-4f69-9130-0a0354fec47b_918661_1.png","Rose, mogra & sandalwood incense sticks",202 g,15,125,106,8 MINS,Organic,Mangaldeep 3 in 1 Premium Incense
Madurai Goripalayam 625016,21-12-2025,12:02:49 PM,Mangaldeep Bambooless Dhoop Stick 4 in 1 Jar,"https://instamart-media-assets.swiggy.com/swiggy/image/upload/fl_lossy,f_auto,q_auto,h_544,w_504/NI_CATALOG/IMAGES/CIW/2024/10/10/255b9381-f097-460b-aee8-2696c2f1dcaf_902961_1.png",Multipurpose dhoop with four divine fragrances,200 g,16,150,126,8 MINS,Organic,Mangaldeep 3 in 1 Premium Incense
Madurai Goripalayam 625016,21-12-2025,12:02:49 PM,Mangaldeep Temple Sandalwood and Oud - Premium Incense Cups,"https://instamart-media-assets.swiggy.com/swiggy/image/upload/fl_lossy,f_auto,q_auto,h_544,w_504/NI_CATALOG/IMAGES/CIW/2025/2/13/dcaef1bb-d37e-4c7d-b927-3bee6b588157_458562_1.png",Premium incense cups with temple-grade sandalwood and oud,15 pieces,10,300,270,8 MINS,Organic,Mangaldeep 3 in 1 Premium Incense
Madurai Goripalayam 625016,21-12-2025,12:02:49 PM,Cycle Pure Royal Jasmine Agarbatti Incense Sticks,"https://instamart-media-assets.swiggy.com/swiggy/image/upload/fl_lossy,f_auto,q_auto,h_544,w_504/NI_CATALOG/IMAGES/CIW/2025/3/13/5c571d99-3ed6-41e6-9cd4-27f45d50b844_256601_1.png",Jasmine-scented incense sticks.,30 Sticks,10,220,198,8 MINS,Organic,Mangaldeep 3 in 1 Premium Incense
Madurai Goripalayam 625016,21-12-2025,12:02:49 PM,"Ullas Max 5 in 1 Agarbatti, Woody, Citrus, Floral, green-oriented, Bouquet Fragrances","https://instamart-media-assets.swiggy.com/swiggy/image/upload/fl_lossy,f_auto,q_auto,h_544,w_504/NI_CATALOG/IMAGES/CIW/2025/7/11/79b687a2-e597-4e01-bcd9-0a33d5b8740d_275904_1.png","Multi-Purpose Incense, Long-lasting Fragrance.",100 g,10,70,63,8 MINS,Organic,Mangaldeep 3 in 1 Premium Incense
Madurai Goripalayam 625016,21-12-2025,12:02:49 PM,"Mangaldeep Wet Dhoop 5In1 Value Pack: Sandal, Rose, Mogra, Marigold & Deluxe","https://instamart-media-assets.swiggy.com/swiggy/image/upload/fl_lossy,f_auto,q_auto,h_544,w_504/NI_CATALOG/IMAGES/CIW/2025/2/7/631eca11-aafa-4a53-8b21-ddfbbde64015_66704_1.png",5 fragrance pack of wet dhoop sticks for spiritual rituals,176 g,9,75,68,8 MINS,Organic,Mangaldeep 3 in 1 Premium Incense
Madurai Goripalayam 625016,21-12-2025,12:02:49 PM,Mangaldeep Treya Cup Sambrani,"https://instamart-media-assets.swiggy.com/swiggy/image/upload/fl_lossy,f_auto,q_auto,h_544,w_504/NI_CATALOG/IMAGES/CIW/2024/10/4/c3f7b699-0b83-4391-bcf3-210f49039d37_29014_1.png",Cup-shaped sambrani incense,9 pieces,8,75,69,8 MINS,Organic,Mangaldeep 3 in 1 Premium Incense
Madurai Goripalayam 625016,21-12-2025,12:02:49 PM,Mangaldeep Sankalp Pooja Camphor - Infused With Bhimseni,"https://instamart-media-assets.swiggy.com/swiggy/image/upload/fl_lossy,f_auto,q_auto,h_544,w_504/NI_CATALOG/IMAGES/CIW/2025/7/28/778bae92-ccc5-4cd9-8070-1615ba850177_712301_1.png",Camphor infused with Bhimseni for pooja use,50 g,12,100,88,8 MINS,Organic,Mangaldeep 3 in 1 Premium Incense
Madurai Goripalayam 625016,21-12-2025,12:02:49 PM,"Homelites Matchbox (5 Pieces, Small)","https://instamart-media-assets.swiggy.com/swiggy/image/upload/fl_lossy,f_auto,q_auto,h_544,w_504/ec26dc129444d099b9c38c63bd56223e",Reliable matchsticks for everyday or pooja use,1 box,10,10,9,8 MINS,Organic,Mangaldeep 3 in 1 Premium Incense
Madurai Goripalayam 625016,21-12-2025,12:02:49 PM,AMBICA Heaven Agrabathi,"https://instamart-media-assets.swiggy.com/swiggy/image/upload/fl_lossy,f_auto,q_auto,h_544,w_504/NI_CATALOG/IMAGES/CIW/2025/3/10/03af2719-1137-40ea-8a49-57db6808a3f1_100524_1.png",Fragrant incense sticks for spiritual ambiance,80 g,,,,8 MINS,Organic,Mangaldeep 3 in 1 Premium Incense
Madurai Goripalayam 625016,21-12-2025,12:02:49 PM,Art of Puja Sandal agarbatti | Chandan handcrafted incense sticks (Anand),"https://instamart-media-assets.swiggy.com/swiggy/image/upload/fl_lossy,f_auto,q_auto,h_544,w_504/NI_CATALOG/IMAGES/CIW/2025/2/6/f0c4b19b-6317-4f5f-9be1-3d9c9c4b1f2c_168943_1.png",Handcrafted chandan incense sticks for rituals,30 Sticks,,,,8 MINS,Organic,Mangaldeep 3 in 1 Premium Incense
Madurai Goripalayam 625016,21-12-2025,12:02:49 PM,Phool 27 Pcs Sambrani Bambooless Agarbatti I Natural Dhoop Sticks,"https://instamart-media-assets.swiggy.com/swiggy/image/upload/fl_lossy,f_auto,q_auto,h_544,w_504/38ea8829dac4d545264a61d9c9e5e419","Aromatic Incense, Natural Dhoop Sticks.",27 pieces,10,225,202,8 MINS,Organic,Mangaldeep 3 in 1 Premium Incense
Madurai Goripalayam 625016,21-12-2025,12:02:49 PM,Phool Jasmine Agarbatti | 100% Natural Certified Incense Sticks I Agarbattis for Pooja,"https://instamart-media-assets.swiggy.com/swiggy/image/upload/fl_lossy,f_auto,q_auto,h_544,w_504/NI_CATALOG/IMAGES/CIW/2025/1/23/16d4a000-edf4-4adc-887b-5ad1112c402c_338914_1.png",Natural jasmine-scented incense sticks,40 Sticks,10,165,148,8 MINS,Organic,Mangaldeep 3 in 1 Premium Incense
Madurai Goripalayam 625016,21-12-2025,12:02:49 PM,Phool Meditation Pack I Nagchampa & Patchouli Dhoop Cones I Pack Of 80 Cones,"https://instamart-media-assets.swiggy.com/swiggy/image/upload/fl_lossy,f_auto,q_auto,h_544,w_504/65b09e43511c6acda6c364847988df4c",Natural cones for calming meditation ambiance,80 pieces,,,,8 MINS,Organic,Mangaldeep 3 in 1 Premium Incense
Madurai Goripalayam 625016,21-12-2025,12:02:49 PM,Art of Puja Sai flora temple agarbatti | Sai flora handcrafted incense sticks (Kripa),"https://instamart-media-assets.swiggy.com/swiggy/image/upload/fl_lossy,f_auto,q_auto,h_544,w_504/NI_CATALOG/IMAGES/CIW/2025/2/4/2194e9d4-43ac-4722-9bc7-a9098011c8c8_494555_1.png",Handcrafted temple incense sticks,30 Sticks,,,,8 MINS,Organic,Mangaldeep 3 in 1 Premium Incense
Madurai Goripalayam 625016,21-12-2025,12:02:49 PM,"Cycle Pure Camphor Bambooless Solid Dhoop Stick, 6 Inch","https://instamart-media-assets.swiggy.com/swiggy/image/upload/fl_lossy,f_auto,q_auto,h_544,w_504/NI_CATALOG/IMAGES/CIW/2025/8/12/4c3b3556-6cf1-4ecb-af36-5d27b0390984_326027_1.png",Pure camphor dhoop for spiritual ambiance.,50 Sticks,6,130,122,8 MINS,Organic,Mangaldeep 3 in 1 Premium Incense
Madurai Goripalayam 625016,21-12-2025,12:02:49 PM,Soulflower Luxury Lavender Agarbatti for Pooja Handcrafted Charcoal-Free Longlasting,"https://instamart-media-assets.swiggy.com/swiggy/image/upload/fl_lossy,f_auto,q_auto,h_544,w_504/NI_CATALOG/IMAGES/CIW/2025/10/7/4da15bc1-a2f3-4a6f-ae85-0e02b30e2402_536488_1.png",Handcrafted lavender-scented incense,20 Sticks,34,150,99,8 MINS,Organic,Mangaldeep 3 in 1 Premium Incense
Madurai Goripalayam 625016,21-12-2025,12:02:49 PM,AMBICA Durbar Bathi,"https://instamart-media-assets.swiggy.com/swiggy/image/upload/fl_lossy,f_auto,q_auto,h_544,w_504/NI_CATALOG/IMAGES/ciw/2025/2/19/6690d52c-620b-4a7e-85f5-84630b0410e5_121557_1_20250214_083220.png",Premium traditional incense sticks,220 g,,,,8 MINS,Organic,Mangaldeep 3 in 1 Premium Incense
Madurai Goripalayam 625016,21-12-2025,12:02:49 PM,Art of Puja Kasturi Agarbatti | Musk Handcrafted Incense Sticks (Siddhi),"https://instamart-media-assets.swiggy.com/swiggy/image/upload/fl_lossy,f_auto,q_auto,h_544,w_504/NI_CATALOG/IMAGES/CIW/2025/2/4/2a6db735-7897-4dd9-9ad2-7644ac7dcd47_837502_1.png",Handcrafted musk incense sticks,30 Sticks,,,,8 MINS,Organic,Mangaldeep 3 in 1 Premium Incense
Madurai Goripalayam 625016,21-12-2025,12:02:49 PM,Phool Nagchampa Agarbatti I 100% Natural Certified Incense Sticks,"https://instamart-media-assets.swiggy.com/swiggy/image/upload/fl_lossy,f_auto,q_auto,h_544,w_504/0dc3fd5caff6b8442cf5042883635f99",Eco-friendly natural incense sticks,40 pieces,4,165,158,8 MINS,Organic,Mangaldeep 3 in 1 Premium Incense
Madurai Goripalayam 625016,21-12-2025,12:02:49 PM,Shri Samriddhi Enterprises Incense Cones Rose,"https://instamart-media-assets.swiggy.com/swiggy/image/upload/fl_lossy,f_auto,q_auto,h_544,w_504/NI_CATALOG/IMAGES/CIW/2024/7/24/23c2a431-56b2-4c74-a113-a25de43fe74c_poojaneeds_ZN1FJCBNU2_MN.png",Fragrant rose incense for home or rituals,125 g,41,120,70,8 MINS,Organic,Mangaldeep 3 in 1 Premium Incense
Madurai Goripalayam 625016,21-12-2025,12:02:49 PM,Cycle Pure Naivedya Cup Sambrani,"https://instamart-media-assets.swiggy.com/swiggy/image/upload/fl_lossy,f_auto,q_auto,h_544,w_504/NI_CATALOG/IMAGES/CIW/2025/8/13/742db789-4b8c-4406-93bc-3de641674471_589212_1.png",Sambrani incense in cup form for pure and divine ambiance,15 pieces,5,90,85,8 MINS,Organic,Mangaldeep 3 in 1 Premium Incense
Madurai Goripalayam 625016,21-12-2025,12:02:49 PM,AMBICA Kesar Chandan Zipper,"https://instamart-media-assets.swiggy.com/swiggy/image/upload/fl_lossy,f_auto,q_auto,h_544,w_504/NI_CATALOG/IMAGES/CIW/2025/3/10/c07aad81-a47b-4545-8150-7d442aa6afb8_640982_1.png",Aromatic kesar chandan incense in a resealable pack,110 g,,,,8 MINS,Organic,Mangaldeep 3 in 1 Premium Incense
Madurai Goripalayam 625016,21-12-2025,12:02:49 PM,"Cycle Pure Oudh Bambooless Solid Dhoop Stick, 6 Inch","https://instamart-media-assets.swiggy.com/swiggy/image/upload/fl_lossy,f_auto,q_auto,h_544,w_504/NI_CATALOG/IMAGES/CIW/2025/8/12/1cc85a22-b1c0-4d76-9dfa-46aa117f9148_230250_1.png",Rich Oudh dhoop for a serene atmosphere.,50 Sticks,6,130,122,8 MINS,Organic,Mangaldeep 3 in 1 Premium Incense
Madurai Goripalayam 625016,21-12-2025,12:03:22 PM,Dabur Honitus Syrup,"https://instamart-media-assets.swiggy.com/swiggy/image/upload/fl_lossy,f_auto,q_auto,h_544,w_504/lac6khf2ydojrbcapfkg",Natural relief for cough and sore throat.,100 ml,9,121,109,8 MINS,Organic,Dabur Honitus Cough Syrup
Madurai Goripalayam 625016,21-12-2025,12:03:22 PM,Honitus Hot Sip Ayurvedic Kaadha Sachets,"https://instamart-media-assets.swiggy.com/swiggy/image/upload/fl_lossy,f_auto,q_auto,h_544,w_504/NI_CATALOG/IMAGES/ciw/2025/12/18/f2eafc97-4f92-4f2c-a1cb-41db525c2ec1_MVY0D100U7_MN_18122025.png",Herbal kaadha sachets to support throat and immunity.,7 pieces,10,77,69,8 MINS,Organic,Dabur Honitus Cough Syrup
Madurai Goripalayam 625016,21-12-2025,12:03:22 PM,Dabur Tulsi Drops Immunity Booster - 50% Extra,"https://instamart-media-assets.swiggy.com/swiggy/image/upload/fl_lossy,f_auto,q_auto,h_544,w_504/NI_CATALOG/IMAGES/ciw/2025/12/18/20502f15-95bc-40f4-9bab-c0b82535e571_RMJF32FH9G_MN_18122025.png","Immunity Support, Tulsi Power.",30 ml,34,182,119,8 MINS,Organic,Dabur Honitus Cough Syrup
Madurai Goripalayam 625016,21-12-2025,12:03:22 PM,Himalaya Koflet Cough Syrup for Cough & Throat Relief | With Tulasi & Honey | Non Drowsy | 100ml,"https://instamart-media-assets.swiggy.com/swiggy/image/upload/fl_lossy,f_auto,q_auto,h_544,w_504/5db2b90f2286552b21b2c55be4023f0d",Enriched with tulsi and honey,100 ml,10,117,105,,Ad,Dabur Honitus Cough Syrup
Madurai Goripalayam 625016,21-12-2025,12:03:22 PM,Himalaya Koflet Cough Syrup + 6 Lozenges Free for Cough & Throat Relief | Non Drowsy | 100ml,"https://instamart-media-assets.swiggy.com/swiggy/image/upload/fl_lossy,f_auto,q_auto,h_544,w_504/NI_CATALOG/IMAGES/CIW/2024/12/10/836ea40b-2c2b-4813-9b4a-7e73dc68711d_101503_1.png",Ayurvedic relief for cough,100 ml,10,125,112,,Ad,Dabur Honitus Cough Syrup
Madurai Goripalayam 625016,21-12-2025,12:03:22 PM,Vicks Cough Syrup 100ml -Fast Relief for Dry & Chesty Coughs with Tulsi & Ginger,"https://instamart-media-assets.swiggy.com/swiggy/image/upload/fl_lossy,f_auto,q_auto,h_544,w_504/NI_CATALOG/IMAGES/CIW/2024/11/30/496ec211-4021-4d38-8e65-40ca1c8b5b8f_230833_1.png",Fast relief from dry and chesty coughs with Tulsi & Ginger,100 ml,19,121,97,8 MINS,Organic,Dabur Honitus Cough Syrup
Madurai Goripalayam 625016,21-12-2025,12:03:22 PM,Himalaya Koflet Syrup 100Ml With Himalaya Cold Balm 45G,"https://instamart-media-assets.swiggy.com/swiggy/image/upload/fl_lossy,f_auto,q_auto,h_544,w_504/d4f000580aa677ce78017c67ced2e9a9",,200 ml,10,267,240,SOLD OUT,Organic,Dabur Honitus Cough Syrup
Madurai Goripalayam 625016,21-12-2025,12:03:22 PM,Himalaya Gokshura Tablets,"https://instamart-media-assets.swiggy.com/swiggy/image/upload/fl_lossy,f_auto,q_auto,h_544,w_504/NI_CATALOG/IMAGES/ciw/2025/12/18/8b3e72f4-7993-47cf-bcf6-eeacdde4efe0_38H11LCQRG_MN_18122025.png","Ayurvedic Support, Herbal Formula.",60 pieces,10,250,225,8 MINS,Organic,Dabur Honitus Cough Syrup
Madurai Goripalayam 625016,21-12-2025,12:03:22 PM,Zandu Ayurvedic Cough Syrup,"https://instamart-media-assets.swiggy.com/swiggy/image/upload/fl_lossy,f_auto,q_auto,h_544,w_504/e2b3423de46f30b3a2ae8db5c8393ded",Herbal cough syrup with ayurvedic formulation,100 ml,19,117,94,8 MINS,Organic,Dabur Honitus Cough Syrup
Madurai Goripalayam 625016,21-12-2025,12:03:22 PM,Moov Fast Pain Relief Spray 100% Ayurvedic Formula,"https://instamart-media-assets.swiggy.com/swiggy/image/upload/fl_lossy,f_auto,q_auto,h_544,w_504/NI_CATALOG/IMAGES/CIW/2025/7/9/2116be19-e282-4877-86c2-970a6f411bd2_24777_1.png","Fast Relief, Ayurvedic Formula.",50 g,,,,8 MINS,Organic,Dabur Honitus Cough Syrup
Madurai Goripalayam 625016,21-12-2025,12:03:22 PM,Dabur Amla Juice,"https://instamart-media-assets.swiggy.com/swiggy/image/upload/fl_lossy,f_auto,q_auto,h_544,w_504/NI_CATALOG/IMAGES/ciw/2025/12/18/ec9a860f-9cde-4aaf-92b9-8f2c195ea58b_RK4QRQ8ADI_MN_18122025.png",Natural juice for hair and immunity,1 L,19,242,194,8 MINS,Organic,Dabur Honitus Cough Syrup
Madurai Goripalayam 625016,21-12-2025,12:03:22 PM,Zandu Chyavanprash Avaleha with Jaggery Gur,"https://instamart-media-assets.swiggy.com/swiggy/image/upload/fl_lossy,f_auto,q_auto,h_544,w_504/NI_CATALOG/IMAGES/ciw/2025/12/18/e72f482d-e628-4b64-8409-027866a15338_CUGON08S18_MN_18122025.png",Traditional Ayurvedic chyavanprash sweetened with jaggery,455 g,15,220,187,8 MINS,Organic,Dabur Honitus Cough Syrup
Madurai Goripalayam 625016,21-12-2025,12:03:22 PM,Dabur Sat Isabgol Psyllium Husk) Relieves Constipation & Improves Digestion,"https://instamart-media-assets.swiggy.com/swiggy/image/upload/fl_lossy,f_auto,q_auto,h_544,w_504/NI_CATALOG/IMAGES/CIW/2024/10/2/ca0529a7-c9d9-42df-81b6-a67a95f1e6c4_52962_1.png",Natural fibre supplement for digestion,90 g,9,175,158,8 MINS,Organic,Dabur Honitus Cough Syrup
Madurai Goripalayam 625016,21-12-2025,12:03:22 PM,"Dabur Pudin Hara Herbal Antacid Suspension Relives Acidity, Improves Digestion","https://instamart-media-assets.swiggy.com/swiggy/image/upload/fl_lossy,f_auto,q_auto,h_544,w_504/NI_CATALOG/IMAGES/ciw/2025/12/18/1746c7b9-4c71-4c85-8dcd-05edc4eeb234_F3MVB3VZB0_MN_18122025.png",Herbal Relief for Acidity & Digestion,200 ml,34,150,99,8 MINS,Organic,Dabur Honitus Cough Syrup
Madurai Goripalayam 625016,21-12-2025,12:03:22 PM,Himalaya Party Smart Capsules,"https://instamart-media-assets.swiggy.com/swiggy/image/upload/fl_lossy,f_auto,q_auto,h_544,w_504/NI_CATALOG/IMAGES/ciw/2025/12/18/4d4fcdd0-78c6-45c4-a00f-22a78d1b20ab_G9ZKWAQ5FI_MN_18122025.png",Herbal capsules to prevent hangovers,5 tablets,25,120,90,8 MINS,Organic,Dabur Honitus Cough Syrup
Madurai Goripalayam 625016,21-12-2025,12:03:22 PM,Eno Lemon Flavour Fruit Salt,"https://instamart-media-assets.swiggy.com/swiggy/image/upload/fl_lossy,f_auto,q_auto,h_544,w_504/NI_CATALOG/IMAGES/ciw/2025/12/18/91df47ff-7033-4f43-935d-1747ce92f9fe_9INOABBQ19_MN_18122025.png",Lemon-flavoured antacid for acidity relief,30 g,,,,8 MINS,Organic,Dabur Honitus Cough Syrup
Madurai Goripalayam 625016,21-12-2025,12:03:22 PM,Himalaya Himcocid-Sf Suspension,"https://instamart-media-assets.swiggy.com/swiggy/image/upload/fl_lossy,f_auto,q_auto,h_544,w_504/NI_CATALOG/IMAGES/ciw/2025/12/18/05959b11-e2e5-4eb8-b257-688c75bb287a_4UCWWVT3MF_MN_18122025.png",Sugar-Free Antacid Suspension,200 ml,16,145,121,8 MINS,Organic,Dabur Honitus Cough Syrup
Madurai Goripalayam 625016,21-12-2025,12:03:22 PM,Vicks Vaporub Balm,"https://instamart-media-assets.swiggy.com/swiggy/image/upload/fl_lossy,f_auto,q_auto,h_544,w_504/NI_CATALOG/IMAGES/CIW/2025/9/6/35f590a6-0d61-4942-b386-df8594d32131_31215_1.png",Soothing vapour balm for cold relief and clear breathing.,25 ml,,,,8 MINS,Organic,Dabur Honitus Cough Syrup
Madurai Goripalayam 625016,21-12-2025,12:03:22 PM,Man Matters Pure Himalayan Shilajit Gummies,"https://instamart-media-assets.swiggy.com/swiggy/image/upload/fl_lossy,f_auto,q_auto,h_544,w_504/NI_CATALOG/IMAGES/ciw/2025/12/18/982ec1ea-4a15-4d2a-a33e-ea7c0df1b86a_HNNPN7TSUR_MN_18122025.png",Wellness gummies with pure Himalayan Shilajit extract,120 g,2,549,535,8 MINS,Organic,Dabur Honitus Cough Syrup
Madurai Goripalayam 625016,21-12-2025,12:03:22 PM,"Zandu Ultra Power Balm | Pain Relief from Strong Headache, Bodyaches & Cold ,Muscle Care","https://instamart-media-assets.swiggy.com/swiggy/image/upload/fl_lossy,f_auto,q_auto,h_544,w_504/NI_CATALOG/IMAGES/CIW/2025/1/30/7b2977ea-ed71-4d91-bb2c-04485dc053dd_382340_1.png","Fast relief from headaches, body aches, cold & muscle pain",8 ml,,,,8 MINS,Organic,Dabur Honitus Cough Syrup
Madurai Goripalayam 625016,21-12-2025,12:03:22 PM,Hajmola Tasty Digestive Tablets (Regular Flavour),"https://instamart-media-assets.swiggy.com/swiggy/image/upload/fl_lossy,f_auto,q_auto,h_544,w_504/NI_CATALOG/IMAGES/ciw/2025/12/18/e23cffa7-efde-4058-8bf4-8e951a3e15d1_NB1S9OPHZI_MN_18122025.png",Tangy digestive tablets with traditional herbs.,120 pieces,4,65,62,8 MINS,Organic,Dabur Honitus Cough Syrup
Madurai Goripalayam 625016,21-12-2025,12:03:22 PM,Kapiva BP Care Juice - Ayurvedic Juice for Curbing Hypertension with 14 Potent Herbs,"https://instamart-media-assets.swiggy.com/swiggy/image/upload/fl_lossy,f_auto,q_auto,h_544,w_504/NI_CATALOG/IMAGES/ciw/2025/12/18/eb84e826-2d08-423d-a8cf-18e5689a388a_ZTI6HPJDS9_MN_18122025.png",Herbal juice for blood pressure support,1 ltr,10,1049,935,8 MINS,Organic,Dabur Honitus Cough Syrup
Madurai Goripalayam 625016,21-12-2025,12:03:22 PM,Zandu Balm,"https://instamart-media-assets.swiggy.com/swiggy/image/upload/fl_lossy,f_auto,q_auto,h_544,w_504/NI_CATALOG/IMAGES/CIW/2024/11/15/1893f594-1c50-4caa-a05e-cc157d2c8b33_548_1.png",Trusted Pain Relief Balm,25 ml,5,118,112,8 MINS,Organic,Dabur Honitus Cough Syrup
Madurai Goripalayam 625016,21-12-2025,12:03:22 PM,Vicks Inhaler Key Chain,"https://instamart-media-assets.swiggy.com/swiggy/image/upload/fl_lossy,f_auto,q_auto,h_544,w_504/NI_CATALOG/IMAGES/CIW/2024/12/4/54711085-f9da-4c95-b2e1-3f72cf2bf83f_1354_1.png",Handy decongestant in keychain form,0.5 ml,,,,8 MINS,Organic,Dabur Honitus Cough Syrup
Madurai Goripalayam 625016,21-12-2025,12:03:22 PM,Hajmola Tasty Digestive Tablets (Imli Flavour),"https://instamart-media-assets.swiggy.com/swiggy/image/upload/fl_lossy,f_auto,q_auto,h_544,w_504/NI_CATALOG/IMAGES/ciw/2025/12/18/e79ad315-a2d9-43f6-8a5c-90e3d1b7dc21_6DVUXEQ7MF_MN_18122025.png",,120 pieces,4,65,62,8 MINS,Organic,Dabur Honitus Cough Syrup
Madurai Goripalayam 625016,21-12-2025,12:03:22 PM,Iodex Rapid Action Pain Relief Spray,"https://instamart-media-assets.swiggy.com/swiggy/image/upload/fl_lossy,f_auto,q_auto,h_544,w_504/fcb013405ed11aa81ac634921ce0f66d",Fast relief spray for muscle and joint pain,60 g,10,216,194,8 MINS,Organic,Dabur Honitus Cough Syrup
Madurai Goripalayam 625016,21-12-2025,12:03:22 PM,Baidyanath Nagpur Isabgol - Psyllium Husk Powder,"https://instamart-media-assets.swiggy.com/swiggy/image/upload/fl_lossy,f_auto,q_auto,h_544,w_504/NI_CATALOG/IMAGES/ciw/2025/12/18/03a8fefc-5640-472f-9df6-dd65b8178102_9Z9SHGP540_MN_18122025.png",Natural digestive fiber for gut health and regularity.,100 g,26,195,144,8 MINS,Organic,Dabur Honitus Cough Syrup
Madurai Goripalayam 625016,21-12-2025,12:03:22 PM,Amrutanjan Pain Balm Extra Power,"https://instamart-media-assets.swiggy.com/swiggy/image/upload/fl_lossy,f_auto,q_auto,h_544,w_504/da16dcfcd8b4db15649e54b2525c9f21",Extra strong pain relief balm.,50 ml,10,141,126,8 MINS,Organic,Dabur Honitus Cough Syrup
Madurai Goripalayam 625016,21-12-2025,12:03:22 PM,"Vicks Vaporub Steampods 4S For Steam Inhalation, Quick Relief From Blocked Nose","https://instamart-media-assets.swiggy.com/swiggy/image/upload/fl_lossy,f_auto,q_auto,h_544,w_504/NI_CATALOG/IMAGES/CIW/2024/12/4/8fc23a35-29d0-4325-83ed-9771d0cabf1a_90375_1.png",Pods for steam relief from nasal congestion,4 pieces,,,,8 MINS,Organic,Dabur Honitus Cough Syrup
Madurai Goripalayam 625016,21-12-2025,12:03:22 PM,"Eno Chewy Bites - On-The-Go Acidity Relief, Tangy Lemon Flavour (Pack of 10)","https://instamart-media-assets.swiggy.com/swiggy/image/upload/fl_lossy,f_auto,q_auto,h_544,w_504/NI_CATALOG/IMAGES/ciw/2025/12/18/86f43131-aa93-4cce-9e68-27c70ad3191f_9Y1N0IID5L_MN_18122025.png",Chewable antacid for fast acidity relief,10 pieces,7,65,60,8 MINS,Organic,Dabur Honitus Cough Syrup
Madurai Goripalayam 625016,21-12-2025,12:03:22 PM,Dabur Shilajit Gold,"https://instamart-media-assets.swiggy.com/swiggy/image/upload/fl_lossy,f_auto,q_auto,h_544,w_504/NI_CATALOG/IMAGES/ciw/2025/12/18/277d6ac7-58e5-49f6-8f44-8b30a4ac143c_6UOJY89GX8_MN_18122025.png",Strength and stamina ayurvedic capsules,10 pieces,15,320,272,8 MINS,Organic,Dabur Honitus Cough Syrup
Madurai Goripalayam 625016,21-12-2025,12:03:22 PM,Dabur Chyawanprash Awaleha Bottle,"https://instamart-media-assets.swiggy.com/swiggy/image/upload/fl_lossy,f_auto,q_auto,h_544,w_504/ba692fb06f144ec9998dd43c383c1afe",Ayurvedic immunity paste with Amla.,2 kg,26,895,656,8 MINS,Organic,Dabur Honitus Cough Syrup
Madurai Goripalayam 625016,21-12-2025,12:03:56 PM,Happy Tyohaar Pure Cotton Round Kalawa Thread,"https://instamart-media-assets.swiggy.com/swiggy/image/upload/fl_lossy,f_auto,q_auto,h_544,w_504/NI_CATALOG/IMAGES/CIW/2025/3/22/846caf68-34e4-4840-8308-a2cb5de004c1_981408_1.png",Sacred cotton kalawa thread for rituals and puja,1 Piece,51,49,24,8 MINS,Organic,Lion Brand Yarn 24-7 Cotton Yarn
Madurai Goripalayam 625016,21-12-2025,12:03:56 PM,SATVIK Pure Cotton Round Kalawa Thread,"https://instamart-media-assets.swiggy.com/swiggy/image/upload/fl_lossy,f_auto,q_auto,h_544,w_504/NI_CATALOG/IMAGES/CIW/2024/6/13/9f58103f-4df0-4878-87dd-c60c823930cf_poojaneeds_8MKQ771J7H_MN.png",Sacred red thread for religious ceremonies,1 Piece,51,49,24,8 MINS,Organic,Lion Brand Yarn 24-7 Cotton Yarn
Madurai Goripalayam 625016,21-12-2025,12:03:56 PM,OM BHAKTI Cotton Cloth,"https://instamart-media-assets.swiggy.com/swiggy/image/upload/fl_lossy,f_auto,q_auto,h_544,w_504/NI_CATALOG/IMAGES/CIW/2024/6/12/bfa99024-eca4-4e2f-9d63-c0bae7ba1590_poojaneeds_M9Q41WOWFZ_MN.png",Pure cotton pooja cloth for spiritual rituals,1 Piece,3,29,28,8 MINS,Organic,Lion Brand Yarn 24-7 Cotton Yarn
Madurai Goripalayam 625016,21-12-2025,12:03:56 PM,SATVIK Divine Drapery: Red Cotton Gamcha for Worship,"https://instamart-media-assets.swiggy.com/swiggy/image/upload/fl_lossy,f_auto,q_auto,h_544,w_504/NI_CATALOG/IMAGES/CIW/2024/6/13/660db923-ddf7-45f8-b719-e6fcc9a97dd1_poojaneeds_ID6V01IUXW_MN.png",Sacred drapery for ritual worship,1 Piece,34,149,98,8 MINS,Organic,Lion Brand Yarn 24-7 Cotton Yarn
Madurai Goripalayam 625016,21-12-2025,12:03:56 PM,Happy Tyohaar Divine Drapery: Red Cotton Gamcha for Worship,"https://instamart-media-assets.swiggy.com/swiggy/image/upload/fl_lossy,f_auto,q_auto,h_544,w_504/NI_CATALOG/IMAGES/CIW/2025/3/25/1e003fc3-efaf-4c82-8449-337ede9e2052_784872_1.png",Soft gamcha for pooja and decor,1 Piece,44,159,89,8 MINS,Organic,Lion Brand Yarn 24-7 Cotton Yarn
Madurai Goripalayam 625016,21-12-2025,12:03:56 PM,OM BHAKTI Janeu,"https://instamart-media-assets.swiggy.com/swiggy/image/upload/fl_lossy,f_auto,q_auto,h_544,w_504/NI_CATALOG/IMAGES/CIW/2024/7/1/4d4ebee1-eed4-48d7-8912-fc35e4dc9264_poojaneeds_V4YZIV7O29_MN.png",Sacred thread for traditional Hindu ceremonies,2 pieces,,,,8 MINS,Organic,Lion Brand Yarn 24-7 Cotton Yarn
Madurai Goripalayam 625016,21-12-2025,12:03:56 PM,OM BHAKTI Vastramala (with Kumkum & Ashtagandha) 2M,"https://instamart-media-assets.swiggy.com/swiggy/image/upload/fl_lossy,f_auto,q_auto,h_544,w_504/NI_CATALOG/IMAGES/CIW/2025/10/14/21a2fa29-86af-47a6-8891-67a659358167_53313_1.png",,1 Piece x 2,3,58,56,8 MINS,Organic,Lion Brand Yarn 24-7 Cotton Yarn
Madurai Goripalayam 625016,21-12-2025,12:03:56 PM,Shubhkart Moli Roll,"https://instamart-media-assets.swiggy.com/swiggy/image/upload/fl_lossy,f_auto,q_auto,h_544,w_504/NI_CATALOG/IMAGES/CIW/2024/11/18/c8ae4803-41c1-40f0-bd56-ba3595554b7e_4798_1.png",,1 Piece x 2,10,40,36,8 MINS,Organic,Lion Brand Yarn 24-7 Cotton Yarn
Madurai Goripalayam 625016,21-12-2025,12:03:56 PM,Shri Samriddhi Enterprises Pooja Cloth,"https://instamart-media-assets.swiggy.com/swiggy/image/upload/fl_lossy,f_auto,q_auto,h_544,w_504/19dd6cf49a7d7c04fa9f6e44fa60e8c3","Traditional Cloth, Festive Use.",1 Piece,36,50,32,8 MINS,Organic,Lion Brand Yarn 24-7 Cotton Yarn
Madurai Goripalayam 625016,21-12-2025,12:03:56 PM,SATVIK White Puja Cloth-1.25 mtr,"https://instamart-media-assets.swiggy.com/swiggy/image/upload/fl_lossy,f_auto,q_auto,h_544,w_504/NI_CATALOG/IMAGES/CIW/2024/6/13/fe161f83-19ff-4da2-b9b8-a90f14e1ec52_poojaneeds_9YVL1FNZ38_MN.png",Traditional white cloth for pooja rituals,1 Piece,50,99,49,8 MINS,Organic,Lion Brand Yarn 24-7 Cotton Yarn
Madurai Goripalayam 625016,21-12-2025,12:04:23 PM,"Clazkit Smart Pop up Ice Cube Tray for Freezer with Lid (BPA Free, Easy Release)","https://instamart-media-assets.swiggy.com/swiggy/image/upload/fl_lossy,f_auto,q_auto,h_544,w_504/NI_CATALOG/IMAGES/CIW/2024/9/25/a4554541-da60-469a-9f15-0ae168bdb75e_783722_1.jpg",Innovative ice cube tray,1 Piece,44,199,110,8 MINS,Organic,Godrej 223 L 3 Star Convertible Freezer
Madurai Goripalayam 625016,21-12-2025,12:04:23 PM,Luvlap Baby Muslin Swaddle Wrapper (White) 3 Pieces Pack,"https://instamart-media-assets.swiggy.com/swiggy/image/upload/fl_lossy,f_auto,q_auto,h_544,w_504/f445c0d636d089d253445a7eda999ea4",Soft cotton swaddles for cozy baby wrapping,3 Pieces,29,839,589,8 MINS,Organic,Godrej 223 L 3 Star Convertible Freezer
Madurai Goripalayam 625016,21-12-2025,12:04:23 PM,"Jockey 1406 Women Cotton Hipsters (Pack of 3, Dark Assorted) - S","https://instamart-media-assets.swiggy.com/swiggy/image/upload/fl_lossy,f_auto,q_auto,h_544,w_504/NI_CATALOG/IMAGES/CIW/2025/6/5/1b24bcd6-2104-4581-a547-4ef18229b148_40003_14.png",Soft hipsters with all-day comfort,1 Small,,,,8 MINS,Organic,Godrej 223 L 3 Star Convertible Freezer
Madurai Goripalayam 625016,21-12-2025,12:04:23 PM,Godrej Aer Power Pocket Bathroom Freshener Assorted Pack,"https://instamart-media-assets.swiggy.com/swiggy/image/upload/fl_lossy,f_auto,q_auto,h_544,w_504/NI_CATALOG/IMAGES/CIW/2024/3/28/78e96188-54b5-4b45-85db-95611992663b_freshenerfragrance_K2NLGH7U61_MN.png",Compact gel freshener in assorted fragrances for bathroom,50 g,15,325,276,8 MINS,Organic,Godrej 223 L 3 Star Convertible Freezer
Madurai Goripalayam 625016,21-12-2025,12:04:23 PM,"Clazkit Stainless Steel 3 Compartment Lunch Box (750ml, Blue)","https://instamart-media-assets.swiggy.com/swiggy/image/upload/fl_lossy,f_auto,q_auto,h_544,w_504/NI_CATALOG/IMAGES/CIW/2025/2/12/2e998cf8-51cd-488a-a2ef-b1db03e6d1bc_266704_1.png",Leakproof sectioned lunch container,1 Piece,20,499,399,8 MINS,Organic,Godrej 223 L 3 Star Convertible Freezer
Madurai Goripalayam 625016,21-12-2025,12:04:23 PM,"MILTON Exective Lunch Box (2U 280ml + 1U 450ml, 3 Pieces, Assorted Colour)","https://instamart-media-assets.swiggy.com/swiggy/image/upload/fl_lossy,f_auto,q_auto,h_544,w_504/NI_CATALOG/IMAGES/CIW/2025/7/28/ae50304b-3eec-4bca-a8ea-3ad537142ac8_DQCX6TQTTX.png",Neat lunch companion,1 pack,18,445,363,8 MINS,Organic,Godrej 223 L 3 Star Convertible Freezer
Madurai Goripalayam 625016,21-12-2025,12:04:23 PM,Godrej Aer Power Pocket Bathroom Fragrance (Sea Breeze),"https://instamart-media-assets.swiggy.com/swiggy/image/upload/fl_lossy,f_auto,q_auto,h_544,w_504/NI_CATALOG/IMAGES/CIW/2024/9/26/e6ba8da8-0fea-472f-8fda-87f045af8dc2_50493_1.png",,10 g x 2,,,,8 MINS,Organic,Godrej 223 L 3 Star Convertible Freezer
Madurai Goripalayam 625016,21-12-2025,12:04:23 PM,"Godrej Locks Brass Locking Navtal 7 Levers with 4 Keys (8.6cm, Gold)","https://instamart-media-assets.swiggy.com/swiggy/image/upload/fl_lossy,f_auto,q_auto,h_544,w_504/NI_CATALOG/IMAGES/CIW/2024/8/22/df255582-9823-4227-8716-dc716a102120_49977_1.png",Seven-Shield Gold Lock,1 Piece,9,860,775,8 MINS,Organic,Godrej 223 L 3 Star Convertible Freezer
Madurai Goripalayam 625016,21-12-2025,12:04:23 PM,3 Roses Dust Tea,"https://instamart-media-assets.swiggy.com/swiggy/image/upload/fl_lossy,f_auto,q_auto,h_544,w_504/NI_CATALOG/IMAGES/CIW/2025/6/27/c31111f0-8c03-4049-a8c9-432205483764_856_1.png",Strong and flavorful CTC tea,100 g,,,,8 MINS,Organic,Godrej 223 L 3 Star Convertible Freezer
Madurai Goripalayam 625016,21-12-2025,12:04:23 PM,"Ganesh Plastic Manual Hand Press Bingo Push Chopper (725ml, 3 Blades, Assorted)","https://instamart-media-assets.swiggy.com/swiggy/image/upload/fl_lossy,f_auto,q_auto,h_544,w_504/NI_CATALOG/IMAGES/CIW/2024/9/7/2b160755-4422-48d9-9a51-f933b2b7e0c3_984963_6.png",Versatile manual food chopper,1 Piece,49,432,220,8 MINS,Organic,Godrej 223 L 3 Star Convertible Freezer
Madurai Goripalayam 625016,21-12-2025,12:04:23 PM,"XYXX Grey & Black Men Trunk (Solid, Pack of 2) - M","https://instamart-media-assets.swiggy.com/swiggy/image/upload/fl_lossy,f_auto,q_auto,h_544,w_504/NI_CATALOG/IMAGES/ciw/2025/11/20/6b971543-9029-4c2a-b988-d7b059a660bc_MY67NGFX2D_MN_20112025.jpg","Ultra-soft trunks, modern fit",1 Medium,7,538,499,8 MINS,Organic,Godrej 223 L 3 Star Convertible Freezer
Madurai Goripalayam 625016,21-12-2025,12:04:23 PM,3 Roses Natural Care Tea,"https://instamart-media-assets.swiggy.com/swiggy/image/upload/fl_lossy,f_auto,q_auto,h_544,w_504/NI_CATALOG/IMAGES/CIW/2025/3/9/641c76d8-21d3-4395-b7a7-581eb37b7ba7_1873_1.png",Tea blend enriched with natural herbs,100 g,,,,8 MINS,Organic,Godrej 223 L 3 Star Convertible Freezer
Madurai Goripalayam 625016,21-12-2025,12:04:23 PM,Godrej Yummiez Green Peas,"https://instamart-media-assets.swiggy.com/swiggy/image/upload/fl_lossy,f_auto,q_auto,h_544,w_504/NI_CATALOG/IMAGES/ciw/2025/12/18/ebb4ade5-8c2b-4e21-bae0-38ce9c527ffb_27TWTI3ITV_MN_18122025.png",,500 g,25,160,119,8 MINS,Organic,Godrej 223 L 3 Star Convertible Freezer
Madurai Goripalayam 625016,21-12-2025,12:04:23 PM,Mangaldeep 3 in 1 Agarbatti Premium quality charcoal free Long lasting fragrances,"https://instamart-media-assets.swiggy.com/swiggy/image/upload/fl_lossy,f_auto,q_auto,h_544,w_504/NI_CATALOG/IMAGES/CIW/2024/4/24/96f66387-ed8d-40f8-80f4-1805e12200ba_poojaneeds_QP2ADLFNUI_MN.png",Charcoal-free agarbatti with long-lasting fragrance,106 g,15,65,55,8 MINS,Organic,Godrej 223 L 3 Star Convertible Freezer
Madurai Goripalayam 625016,21-12-2025,12:04:23 PM,Jockey Men Cotton Stretch Solid Trunk (Black) - M,"https://instamart-media-assets.swiggy.com/swiggy/image/upload/fl_lossy,f_auto,q_auto,h_544,w_504/NI_CATALOG/IMAGES/CIW/2025/7/9/a824d70a-2218-47cb-907e-a7657cfba78d_678888_1.png",,1 M,,,,8 MINS,Organic,Godrej 223 L 3 Star Convertible Freezer
Madurai Goripalayam 625016,21-12-2025,12:04:23 PM,Jockey NY15 Men Cotton Stretch Solid Brief (Mid Night Navy) - M,"https://instamart-media-assets.swiggy.com/swiggy/image/upload/fl_lossy,f_auto,q_auto,h_544,w_504/NI_CATALOG/IMAGES/CIW/2025/6/5/1a74aca0-3b79-4ecd-b378-b9c92da7194a_190153_1.png",,1 M,,,,8 MINS,Organic,Godrej 223 L 3 Star Convertible Freezer
Madurai Goripalayam 625016,21-12-2025,12:04:23 PM,Jockey 9L6 Men Cotton Rich Shorts (Black) - M,"https://instamart-media-assets.swiggy.com/swiggy/image/upload/fl_lossy,f_auto,q_auto,h_544,w_504/NI_CATALOG/IMAGES/CIW/2024/8/29/5835e9f1-81de-4f87-8e66-d32050f4a81d_65135_1.png",Soft and stretchable shorts for casual comfort,1 Medium,,,,8 MINS,Organic,Godrej 223 L 3 Star Convertible Freezer
Madurai Goripalayam 625016,21-12-2025,12:04:23 PM,Jockey 2714 Men Cotton Rich Half Sleeve T -Shirt (Grey Melange) - S,"https://instamart-media-assets.swiggy.com/swiggy/image/upload/fl_lossy,f_auto,q_auto,h_544,w_504/NI_CATALOG/IMAGES/CIW/2025/6/5/54b66a05-da84-47ee-be06-1f469cc88885_56759_1.png",,1 Small,,,,8 MINS,Organic,Godrej 223 L 3 Star Convertible Freezer
Madurai Goripalayam 625016,21-12-2025,12:04:23 PM,3 Roses Dust Tea,"https://instamart-media-assets.swiggy.com/swiggy/image/upload/fl_lossy,f_auto,q_auto,h_544,w_504/NI_CATALOG/IMAGES/CIW/2025/7/24/cd524518-7b0d-488f-b13e-85ef512fdc0b_2090_1.png",Strong and flavorful dust tea blend,250 g,,,,8 MINS,Organic,Godrej 223 L 3 Star Convertible Freezer
Madurai Goripalayam 625016,21-12-2025,12:04:23 PM,"Rupa Bruno Round Neck Men's Vest, White - S","https://instamart-media-assets.swiggy.com/swiggy/image/upload/fl_lossy,f_auto,q_auto,h_544,w_504/NI_CATALOG/IMAGES/CIW/2025/9/12/428adaa9-2117-4230-a103-9e6eed946230_78545_1.png",Classic innerwear for all-day comfort,1 Small,67,149,49,8 MINS,Organic,Godrej 223 L 3 Star Convertible Freezer
Madurai Goripalayam 625016,21-12-2025,12:04:23 PM,"Rupa Bruno Round Neck Men's Vest, White (Pack of 2) - S","https://instamart-media-assets.swiggy.com/swiggy/image/upload/fl_lossy,f_auto,q_auto,h_544,w_504/NI_CATALOG/IMAGES/CIW/2025/9/29/06d34bba-c4e6-45d3-a42e-94db0a2e3cba_57829.png",Breathable cotton for all-day ease,2 Small,66,299,99,8 MINS,Organic,Godrej 223 L 3 Star Convertible Freezer
Madurai Goripalayam 625016,21-12-2025,12:04:23 PM,Godrej Yummiez Chicken Nuggets,"https://instamart-media-assets.swiggy.com/swiggy/image/upload/fl_lossy,f_auto,q_auto,h_544,w_504/NI_CATALOG/IMAGES/ciw/2025/12/18/0392bd31-f129-4cec-b322-a12b1444e9de_B79XVUCSU6_MN_18122025.png",Crunchy juicy bites,500 g,28,346,249,8 MINS,Organic,Godrej 223 L 3 Star Convertible Freezer
Madurai Goripalayam 625016,21-12-2025,12:04:23 PM,"DaMENSCH Boxer Short (100% Cotton, Pack of 1, Solid), Cape Black - L","https://instamart-media-assets.swiggy.com/swiggy/image/upload/fl_lossy,f_auto,q_auto,h_544,w_504/NI_CATALOG/IMAGES/CIW/2024/8/8/720e498d-bd95-45d9-bb92-7f14a60a2059_750660_1.png",Ultra-light cotton shorts for cool comfort,1 L,17,599,497,8 MINS,Organic,Godrej 223 L 3 Star Convertible Freezer
Madurai Goripalayam 625016,21-12-2025,12:04:23 PM,"DaMENSCH Deo-Cotton Men's Underwear Trunk (Pack of 2, Black, Charcoal) - M","https://instamart-media-assets.swiggy.com/swiggy/image/upload/fl_lossy,f_auto,q_auto,h_544,w_504/NI_CATALOG/IMAGES/CIW/2025/7/16/4ba1d265-d6f6-409f-b88e-efcdb5017876_928949_1.png","Soft trunks, fresh feel",1 Medium,13,695,598,8 MINS,Organic,Godrej 223 L 3 Star Convertible Freezer
Madurai Goripalayam 625016,21-12-2025,12:04:23 PM,"XYXX Blue, Black Men Trunk (Modal, Solid) - M","https://instamart-media-assets.swiggy.com/swiggy/image/upload/fl_lossy,f_auto,q_auto,h_544,w_504/NI_CATALOG/IMAGES/ciw/2025/11/20/bd914926-0911-4c58-940a-2aa465d727b8_FINFTALC7Z_MN_20112025.jpg","Smooth fit, soft modal comfort",1 M,8,598,549,8 MINS,Organic,Godrej 223 L 3 Star Convertible Freezer
Madurai Goripalayam 625016,21-12-2025,12:04:23 PM,"Nestle KitKat 3 Fingers, Choco Coated Wafer Bar","https://instamart-media-assets.swiggy.com/swiggy/image/upload/fl_lossy,f_auto,q_auto,h_544,w_504/NI_CATALOG/IMAGES/CIW/2024/11/13/c8f6299b-32ff-499a-b9b8-1b3b9cacfc1d_1794_1.png",Classic 3-finger crispy chocolate wafer,28.5 g,12,25,22,8 MINS,Organic,Godrej 223 L 3 Star Convertible Freezer
Madurai Goripalayam 625016,21-12-2025,12:04:23 PM,GM 3019 3 Pin 6 AMP Universal Multiplug Travel Adapter with 4 Charging Point - White,"https://instamart-media-assets.swiggy.com/swiggy/image/upload/fl_lossy,f_auto,q_auto,h_544,w_504/NI_CATALOG/IMAGES/CIW/2025/7/23/fd82c456-6dd7-4443-8399-3f8fe4c1ac58_150949_1.png",Handy adaptor for travel needs,1 Piece,56,457,199,8 MINS,Organic,Godrej 223 L 3 Star Convertible Freezer
Madurai Goripalayam 625016,21-12-2025,12:04:23 PM,Kinder Joy (DC) Pack of 3,"https://instamart-media-assets.swiggy.com/swiggy/image/upload/fl_lossy,f_auto,q_auto,h_544,w_504/NI_CATALOG/IMAGES/CIW/2025/11/6/50e7e14b-e446-4421-bf76-bbe8377ad6e2_19906_1.png",A fun-filled treat with toy surprise and creamy delight,60 g,2,135,131,8 MINS,Organic,Godrej 223 L 3 Star Convertible Freezer
Madurai Goripalayam 625016,21-12-2025,12:04:23 PM,Dexolac Stage 3 (After 12 Months) Powder (Large Pack),"https://instamart-media-assets.swiggy.com/swiggy/image/upload/fl_lossy,f_auto,q_auto,h_544,w_504/NI_CATALOG/IMAGES/CIW/2025/3/19/6aa77f01-4407-4368-a2c2-0ecc3822cf6f_676976_1.png","Balanced Nutrition, Stage 3 Formula.",1.2 kg,,,,8 MINS,Organic,Godrej 223 L 3 Star Convertible Freezer
Madurai Goripalayam 625016,21-12-2025,12:04:23 PM,Godrej Yummiez Cheese Corn Nuggets,"https://instamart-media-assets.swiggy.com/swiggy/image/upload/fl_lossy,f_auto,q_auto,h_544,w_504/NI_CATALOG/IMAGES/ciw/2025/12/18/d2504aee-4baa-48d3-be95-56e203587295_VRBN3GVWZ2_MN_18122025.png",Cheesy corn pops,400 g,23,234,179,8 MINS,Organic,Godrej 223 L 3 Star Convertible Freezer
Madurai Goripalayam 625016,21-12-2025,12:04:23 PM,"Nan Pro Stage 3 Infant Follow-Up Formula Milk Powder After12 Months,Bag-In-Box Pack","https://instamart-media-assets.swiggy.com/swiggy/image/upload/fl_lossy,f_auto,q_auto,h_544,w_504/NI_CATALOG/IMAGES/CIW/2024/7/20/8be92666-11ed-47ff-ac52-331ab86cce57_babyfood_0JHYKC7A5X_MN.png",Follow-up milk formula for toddlers,400 g,,,,8 MINS,Organic,Godrej 223 L 3 Star Convertible Freezer
Madurai Goripalayam 625016,21-12-2025,12:04:23 PM,Crystal Blue Garbage Bag Roll L & Crystal Green Garbage Bag Roll L,"https://instamart-media-assets.swiggy.com/swiggy/image/upload/fl_lossy,f_auto,q_auto,h_544,w_504/b32405203182da0acb5a0ea44b3f6580",,1 combo,40,200,120,8 MINS,Organic,Godrej 223 L 3 Star Convertible Freezer
Madurai Goripalayam 625016,21-12-2025,12:05:01 PM,Britannia Vita Marie Gold Chai Time,"https://instamart-media-assets.swiggy.com/swiggy/image/upload/fl_lossy,f_auto,q_auto,h_544,w_504/NI_CATALOG/IMAGES/ciw/2025/12/18/0343ac91-6af9-4bdb-8e53-ea230dc45b86_B8KAQQV7F6_MN_17122025.png",Classic chai-time biscuit with added nutrition.,1000 g,6,144,134,8 MINS,Organic,Britannia Marie Gold Biscuits
Madurai Goripalayam 625016,21-12-2025,12:05:01 PM,Britannia Good Day Fruit & Nut Cookies | Zero Trans Fat & Britannia Vita Marie Gold Chai Time,"https://instamart-media-assets.swiggy.com/swiggy/image/upload/fl_lossy,f_auto,q_auto,h_544,w_504/NI_CATALOG/IMAGES/CIW/2025/9/4/d6db0ae1-57f9-4610-8b9a-3e3eb89790c6_VC_GO4AE2NO5.png",,1 Combo,24,324,246,8 MINS,Organic,Britannia Marie Gold Biscuits
Madurai Goripalayam 625016,21-12-2025,12:05:01 PM,Britannia 5050 Maska Chaska Biscuits,"https://instamart-media-assets.swiggy.com/swiggy/image/upload/fl_lossy,f_auto,q_auto,h_544,w_504/NI_CATALOG/IMAGES/CIW/2025/12/19/758489b2-05e3-4e4d-bec8-6c563bec8891_89_1.png",Sweet & salty butter-flavored snack,114.1 g,10,30,27,8 MINS,Organic,Britannia Marie Gold Biscuits
Madurai Goripalayam 625016,21-12-2025,12:05:01 PM,NUTRISUM Oats Cookies - No added Sugar - Mixed Berries,"https://instamart-media-assets.swiggy.com/swiggy/image/upload/fl_lossy,f_auto,q_auto,h_544,w_504/NI_CATALOG/IMAGES/CIW/2025/12/8/2b151e3e-4cd0-454e-8e71-84e3844f9b3d_613998_1.png",No added sugar oats cookies,70 g,,,,,Ad,Britannia Marie Gold Biscuits
Madurai Goripalayam 625016,21-12-2025,12:05:01 PM,Sunfeast Marie Light Rich Taste,"https://instamart-media-assets.swiggy.com/swiggy/image/upload/fl_lossy,f_auto,q_auto,h_544,w_504/NI_CATALOG/IMAGES/ciw/2025/12/18/51127af3-044a-474f-b348-62c9ef2f7195_MOL5Y37VD5_MN_17122025.png",Sweetness Straight from Nature,956 g,26,150,110,,Ad,Britannia Marie Gold Biscuits
Madurai Goripalayam 625016,21-12-2025,12:05:01 PM,Britannia Nutrichoice Digestive High-Fibre Biscuits,"https://instamart-media-assets.swiggy.com/swiggy/image/upload/fl_lossy,f_auto,q_auto,h_544,w_504/NI_CATALOG/IMAGES/ciw/2025/12/18/de8d199d-200b-40e3-bf7f-a51ca8cbcee8_QJO9COCRG9_MN_17122025.png",High-fibre digestive biscuits,960 g,29,198,139,8 MINS,Organic,Britannia Marie Gold Biscuits
Madurai Goripalayam 625016,21-12-2025,12:05:01 PM,Britannia Good Day Cashew Cookies,"https://instamart-media-assets.swiggy.com/swiggy/image/upload/fl_lossy,f_auto,q_auto,h_544,w_504/NI_CATALOG/IMAGES/CIW/2025/12/20/f4b9c7bd-a8a2-4379-8049-436945a7e948_908_1.png",Crunchy butter cookies with roasted cashew pieces,82.7 g,,,,8 MINS,Organic,Britannia Marie Gold Biscuits
Madurai Goripalayam 625016,21-12-2025,12:05:01 PM,Unibic Danish Coconut Cookies,"https://instamart-media-assets.swiggy.com/swiggy/image/upload/fl_lossy,f_auto,q_auto,h_544,w_504/NI_CATALOG/IMAGES/ciw/2025/12/18/b5bb4818-5ead-430b-a260-a1db69aab3b1_1KRI9GY5RR_MN_17122025.png",Buttery cookies infused with coconut flavor,270 g,44,149,82,,Ad,Britannia Marie Gold Biscuits
Madurai Goripalayam 625016,21-12-2025,12:05:01 PM,Britannia NutriChoice 5 Grain Digestive Biscuit | 0% Maida & High Fibre,"https://instamart-media-assets.swiggy.com/swiggy/image/upload/fl_lossy,f_auto,q_auto,h_544,w_504/NI_CATALOG/IMAGES/ciw/2025/12/18/d2277cc7-de0b-4e8f-be1b-930e13a6320a_FWZXWGPP8I_MN_17122025.png",Hearty fiber crunch,200 g,12,65,57,8 MINS,Organic,Britannia Marie Gold Biscuits
Madurai Goripalayam 625016,21-12-2025,12:05:01 PM,Britannia Nice Time Sugar Showered Coconut Biscuits,"https://instamart-media-assets.swiggy.com/swiggy/image/upload/fl_lossy,f_auto,q_auto,h_544,w_504/NI_CATALOG/IMAGES/ciw/2025/12/18/7c0d955f-9b3f-4a8d-9d88-9ebe39d85926_IEMCM5P3YK_MN_17122025.png",Sugar-dusted coconut biscuits with a crunch,152 g,4,22,21,8 MINS,Organic,Britannia Marie Gold Biscuits
Madurai Goripalayam 625016,21-12-2025,12:05:01 PM,Sunfeast Dark Fantasy Bourbon Classic Biscuit Made With Real Chocolate,"https://instamart-media-assets.swiggy.com/swiggy/image/upload/fl_lossy,f_auto,q_auto,h_544,w_504/NI_CATALOG/IMAGES/ciw/2025/12/18/2f0c3c24-c964-4e72-bd05-1ded926045c5_2ZLN7LQX4O_MN_17122025.png",Chocolate cream-filled sandwich biscuits,108 g,23,30,23,8 MINS,Organic,Britannia Marie Gold Biscuits
Madurai Goripalayam 625016,21-12-2025,12:05:01 PM,Mcvitie's Digestive High Fibre Biscuits With Goodness Of Wholewheat,"https://instamart-media-assets.swiggy.com/swiggy/image/upload/fl_lossy,f_auto,q_auto,h_544,w_504/NI_CATALOG/IMAGES/ciw/2025/12/18/a2e3fd16-cea8-475e-8895-4e66ae8592f8_JD3BU3QLZR_MN_17122025.png",Wholewheat high-fibre healthy biscuits,959.1 g,37,199,124,8 MINS,Organic,Britannia Marie Gold Biscuits
Madurai Goripalayam 625016,21-12-2025,12:05:01 PM,Sunfeast Farmlite High Fiber Digestive Pouch,"https://instamart-media-assets.swiggy.com/swiggy/image/upload/fl_lossy,f_auto,q_auto,h_544,w_504/NI_CATALOG/IMAGES/ciw/2025/12/18/55765571-d345-4c1d-95d7-9770ccab309d_V8Z88PBPQS_MN_17122025.png",High-fiber wheat biscuits in pouch pack,800 g,53,230,108,8 MINS,Organic,Britannia Marie Gold Biscuits
Madurai Goripalayam 625016,21-12-2025,12:05:01 PM,Mcvitie's Digestive High Fibre Biscuits With Goodness Of Wholewheat,"https://instamart-media-assets.swiggy.com/swiggy/image/upload/fl_lossy,f_auto,q_auto,h_544,w_504/NI_CATALOG/IMAGES/ciw/2025/12/18/972c2420-6a6e-478f-956e-ab4be95823ed_TRA4BJEACL_MN_17122025.png",Classic fiber crunch,448 g,28,100,71,8 MINS,Organic,Britannia Marie Gold Biscuits
Madurai Goripalayam 625016,21-12-2025,12:05:01 PM,Parle Monaco Crispy Light Salty Snack,"https://instamart-media-assets.swiggy.com/swiggy/image/upload/fl_lossy,f_auto,q_auto,h_544,w_504/NI_CATALOG/IMAGES/ciw/2025/12/18/006e6414-ba52-4345-ba83-441b2086a887_7ERPJ1RHWT_MN_17122025.png","Crispy, salty biscuit for everyday snacking",185.6 g,,,,8 MINS,Organic,Britannia Marie Gold Biscuits
Madurai Goripalayam 625016,21-12-2025,12:05:01 PM,Britannia The Original Bourbon - Creme Biscuit with Chocolate | Chocolatey Indulgence in Every Layer,"https://instamart-media-assets.swiggy.com/swiggy/image/upload/fl_lossy,f_auto,q_auto,h_544,w_504/NI_CATALOG/IMAGES/ciw/2025/12/18/90d3ba5d-840e-4434-941b-443a9f2a562c_E2ZNDNUI5F_MN_17122025.png",Iconic chocolate sandwich,100 g,,,,8 MINS,Organic,Britannia Marie Gold Biscuits
Madurai Goripalayam 625016,21-12-2025,12:05:01 PM,Peri's Bakehouse Sugar Free Cookies (Gluten-free),"https://instamart-media-assets.swiggy.com/swiggy/image/upload/fl_lossy,f_auto,q_auto,h_544,w_504/NI_CATALOG/IMAGES/ciw/2025/12/18/e7923a7b-3fed-4814-a683-5daf51f87534_FFD6GUAHVL_MN_17122025.png",Amaranth flour + pure ghee + jaggery,250 g,14,255,217,8 MINS,Organic,Britannia Marie Gold Biscuits
Madurai Goripalayam 625016,21-12-2025,12:05:01 PM,Britannia Good Day Cashew Cookies,"https://instamart-media-assets.swiggy.com/swiggy/image/upload/fl_lossy,f_auto,q_auto,h_544,w_504/NI_CATALOG/IMAGES/CIW/2025/12/20/85c0761f-04e1-4f10-9ef5-0ab70e64a1b0_14006_1.png",Buttery cashew bites,826.7 g,48,286,147,8 MINS,Organic,Britannia Marie Gold Biscuits
Madurai Goripalayam 625016,21-12-2025,12:05:01 PM,Britannia Tiger Krunch Chocochip Biscuits,"https://instamart-media-assets.swiggy.com/swiggy/image/upload/fl_lossy,f_auto,q_auto,h_544,w_504/NI_CATALOG/IMAGES/ciw/2025/12/18/02c97c2b-1add-4a30-b2e7-2512afaf2029_PK97C07FVJ_MN_17122025.png",Crunchy & Chocolatey Biscuits for Anytime Snacking,400 g,36,130,82,8 MINS,Organic,Britannia Marie Gold Biscuits
Madurai Goripalayam 625016,21-12-2025,12:05:01 PM,Sunfeast Mom's Magic Cashew & Almond Biscuits,"https://instamart-media-assets.swiggy.com/swiggy/image/upload/fl_lossy,f_auto,q_auto,h_544,w_504/NI_CATALOG/IMAGES/ciw/2025/12/18/29afdc54-d92d-45cc-a000-e2994714e3b7_FU47T5D7DI_MN_17122025.png",Nutty and crunchy biscuits loved by every generation,544 g,40,142,85,8 MINS,Organic,Britannia Marie Gold Biscuits
Madurai Goripalayam 625016,21-12-2025,12:05:01 PM,Britannia NutriChoice Sugar Free Cracker | Zero Trans Fat,"https://instamart-media-assets.swiggy.com/swiggy/image/upload/fl_lossy,f_auto,q_auto,h_544,w_504/NI_CATALOG/IMAGES/ciw/2025/12/18/eed7686e-5a22-4f91-b00b-93efbe0908a2_2J18HB6TAJ_MN_17122025.png","Crisp, sugar-free crackers with zero trans fat",295 g,6,50,47,8 MINS,Organic,Britannia Marie Gold Biscuits
Madurai Goripalayam 625016,21-12-2025,12:05:01 PM,Britannia NutriChoice 5 Grain Digestive Biscuit | 0% Maida & High Fibre & Britannia Treat Rich Creme Choco Flavoured Wafers,"https://instamart-media-assets.swiggy.com/swiggy/image/upload/fl_lossy,f_auto,q_auto,h_544,w_504/NI_CATALOG/IMAGES/CIW/2025/9/4/a471a3a3-ebcb-45a2-91e1-e072460cc18d_VC_TOB43C2Q3.png",,1 Combo,25,110,82,8 MINS,Organic,Britannia Marie Gold Biscuits
Madurai Goripalayam 625016,21-12-2025,12:05:01 PM,"Parle Nutricrunch Premium Digestive Cranbery, Nut, Oats","https://instamart-media-assets.swiggy.com/swiggy/image/upload/fl_lossy,f_auto,q_auto,h_544,w_504/NI_CATALOG/IMAGES/ciw/2025/12/18/6859251e-a157-4006-a29f-3c50c7c8cf8b_BNFS7YOAT8_MN_17122025.png",Parle Nutricrunch Premium,75 g,22,44,34,8 MINS,Organic,Britannia Marie Gold Biscuits
Madurai Goripalayam 625016,21-12-2025,12:05:01 PM,McVitie's Tasties Cashew Almond Biscuits,"https://instamart-media-assets.swiggy.com/swiggy/image/upload/fl_lossy,f_auto,q_auto,h_544,w_504/NI_CATALOG/IMAGES/ciw/2025/12/18/67d6170f-e5aa-4fe6-859a-dd6eb3b072b1_9DLMWQFZBS_MN_17122025.png",Nutty tea-time treat,560 g,41,190,112,8 MINS,Organic,Britannia Marie Gold Biscuits
Madurai Goripalayam 625016,21-12-2025,12:05:01 PM,Sunfeast Marie Light Rich Taste & Bingo Tedhe Medhe Masala Tadka,"https://instamart-media-assets.swiggy.com/swiggy/image/upload/fl_lossy,f_auto,q_auto,h_544,w_504/NI_CATALOG/IMAGES/CIW/2025/9/4/ef2fc410-a37f-46af-8229-212f0d0c459c_VC_V6QLAPT33.png",,1 Combo,27,170,123,8 MINS,Organic,Britannia Marie Gold Biscuits
Madurai Goripalayam 625016,21-12-2025,12:05:01 PM,Unibic Sugar Free Butter Cookies,"https://instamart-media-assets.swiggy.com/swiggy/image/upload/fl_lossy,f_auto,q_auto,h_544,w_504/NI_CATALOG/IMAGES/ciw/2025/12/18/d90a67c3-5316-42d1-911f-c536b5666f4a_C8Y9NIMK32_MN_17122025.png",Light buttery bites,67.5 g,9,54,49,8 MINS,Organic,Britannia Marie Gold Biscuits
Madurai Goripalayam 625016,21-12-2025,12:05:01 PM,Peri's Bakehouse Whole Wheat Jaggery Biscuit,"https://instamart-media-assets.swiggy.com/swiggy/image/upload/fl_lossy,f_auto,q_auto,h_544,w_504/NI_CATALOG/IMAGES/ciw/2025/12/18/b10e5fb6-88bb-4911-9628-b698d572ba3b_160PVKSRQU_MN_17122025.png","Sugar-free, guilt-free biscuits",250 g,14,215,183,8 MINS,Organic,Britannia Marie Gold Biscuits
Madurai Goripalayam 625016,21-12-2025,12:05:01 PM,Britannia Toastea Premium Bake Rusk With Goodness Of Elaichi Sooji & Wheat,"https://instamart-media-assets.swiggy.com/swiggy/image/upload/fl_lossy,f_auto,q_auto,h_544,w_504/NI_CATALOG/IMAGES/ciw/2025/12/18/86b36b99-92d2-4d36-b0d1-a4a4c2f4b6a0_14AD37KZKV_MN_17122025.png",Crunchy premium rusk with aromatic elaichi and wholesome grains,700 g,7,140,130,8 MINS,Organic,Britannia Marie Gold Biscuits
Madurai Goripalayam 625016,21-12-2025,12:05:01 PM,Britannia Good Day Chocochip Biscuits - Combo,"https://instamart-media-assets.swiggy.com/swiggy/image/upload/fl_lossy,f_auto,q_auto,h_544,w_504/NI_CATALOG/IMAGES/CIW/2025/12/19/fd6d33c5-28be-4537-a1df-3dce14df21e4_6672_1.png",,443 g,35,150,97,8 MINS,Organic,Britannia Marie Gold Biscuits
Madurai Goripalayam 625016,21-12-2025,12:05:01 PM,"Open Secret Zero Maida Healthy Jeera Millet Biscuit - Healthy Snacks, High Protein","https://instamart-media-assets.swiggy.com/swiggy/image/upload/fl_lossy,f_auto,q_auto,h_544,w_504/NI_CATALOG/IMAGES/CIW/2025/10/15/c74a4e08-3a58-4998-ab76-b77cce09d858_88673_1.png",Millet biscuits free from maida and refined sugar,40 g,4,45,43,8 MINS,Organic,Britannia Marie Gold Biscuits
Madurai Goripalayam 625016,21-12-2025,12:05:01 PM,Cadbury Oreo Vanilla Flavour Crème Sandwich Biscuit,"https://instamart-media-assets.swiggy.com/swiggy/image/upload/fl_lossy,f_auto,q_auto,h_544,w_504/NI_CATALOG/IMAGES/ciw/2025/12/18/30760112-bc89-46be-8072-43e6cb603f48_K84CT4POJ3_MN_17122025.png",Perfect snack with a sweet vanilla twist.,41.75 g,20,10,8,8 MINS,Organic,Britannia Marie Gold Biscuits
Madurai Goripalayam 625016,21-12-2025,12:05:01 PM,Hide & Seek Parle Chocolate Chip Cookies,"https://instamart-media-assets.swiggy.com/swiggy/image/upload/fl_lossy,f_auto,q_auto,h_544,w_504/NI_CATALOG/IMAGES/ciw/2025/12/18/ccaad1ef-3732-4489-aa24-946704fc6da4_HEX2TREK64_MN_17122025.png",Chocochip cookie crunch,100 g,,,,8 MINS,Organic,Britannia Marie Gold Biscuits
HSR Layout 560102,21-12-2025,12:18:40 PM,Britannia Marie Gold Biscuits,"https://instamart-media-assets.swiggy.com/swiggy/image/upload/fl_lossy,f_auto,q_auto,h_544,w_504/NI_CATALOG/IMAGES/ciw/2025/12/18/c2e6ec0d-75bf-4985-af79-7a6ce190fd18_OVGDUAIX92_MN_17122025.png",Light and crisp tea-time digestive biscuits,250 g,7,40,37,4 MINS,Organic,Britannia Marie Gold Biscuits
HSR Layout 560102,21-12-2025,12:18:40 PM,Britannia Marie Gold,"https://instamart-media-assets.swiggy.com/swiggy/image/upload/fl_lossy,f_auto,q_auto,h_544,w_504/NI_CATALOG/IMAGES/ciw/2025/12/18/1b2a4420-a22c-4494-aca3-617715393b85_DJA0PRHIUP_MN_17122025.png",Classic & Light Marie Biscuits,1.05 kg,12,145,127,4 MINS,Organic,Britannia Marie Gold Biscuits
HSR Layout 560102,21-12-2025,12:18:40 PM,Britannia Biscuits Vita Marie Gold,"https://instamart-media-assets.swiggy.com/swiggy/image/upload/fl_lossy,f_auto,q_auto,h_544,w_504/NI_CATALOG/IMAGES/CIW/2025/1/24/871507da-2c70-42c0-a693-4713070b3126_21264_1.png",Light digestive biscuits with vitamins,248 g,4,45,43,4 MINS,Organic,Britannia Marie Gold Biscuits
HSR Layout 560102,21-12-2025,12:18:40 PM,Britannia Nutrichoice Digestive High-Fibre Biscuits & Britannia Treat Jimjam Biscuits,"https://instamart-media-assets.swiggy.com/swiggy/image/upload/fl_lossy,f_auto,q_auto,h_544,w_504/NI_CATALOG/IMAGES/CIW/2025/9/4/07cf0737-17fc-4c7d-b435-0cc6f1c72498_VC_HU4AMNHMP.png",,1 Combo,26,297,218,,Ad,Britannia Marie Gold Biscuits
HSR Layout 560102,21-12-2025,12:18:40 PM,Peri's Bakehouse Whole Wheat Cashew Biscuit,"https://instamart-media-assets.swiggy.com/swiggy/image/upload/fl_lossy,f_auto,q_auto,h_544,w_504/NI_CATALOG/IMAGES/ciw/2025/12/18/a3bc0869-764a-4b5e-800a-556ec4d57d96_82MQCOMGBJ_MN_17122025.png","Freshly baked, home-style",250 g,,255,217,Handpicked,Organic,Britannia Marie Gold Biscuits
HSR Layout 560102,21-12-2025,12:18:40 PM,Sunfeast Marie Light Rich Taste Biscuits,"https://instamart-media-assets.swiggy.com/swiggy/image/upload/fl_lossy,f_auto,q_auto,h_544,w_504/NI_CATALOG/IMAGES/ciw/2025/12/18/e8128086-0da0-466d-864f-790ab806122f_2MI8NMUGJQ_MN_17122025.png",,243 g,20,40,32,4 MINS,Organic,Britannia Marie Gold Biscuits
HSR Layout 560102,21-12-2025,12:18:40 PM,Britannia Vita Marie Gold Chai Time,"https://instamart-media-assets.swiggy.com/swiggy/image/upload/fl_lossy,f_auto,q_auto,h_544,w_504/mr1awg3pihq66dyajscg",Light tea biscuits with added vitamins,1000 g x 2,19,330,266,SOLD OUT,Organic,Britannia Marie Gold Biscuits
HSR Layout 560102,21-12-2025,12:18:40 PM,Unibic Danish Coconut Cookies,"https://instamart-media-assets.swiggy.com/swiggy/image/upload/fl_lossy,f_auto,q_auto,h_544,w_504/NI_CATALOG/IMAGES/ciw/2025/12/18/b5bb4818-5ead-430b-a260-a1db69aab3b1_1KRI9GY5RR_MN_17122025.png",Buttery cookies infused with coconut flavor,270 g,44,149,82,,Ad,Britannia Marie Gold Biscuits
HSR Layout 560102,21-12-2025,12:18:40 PM,Britannia Nutrichoice Hi-Fibre Digestive Biscuits,"https://instamart-media-assets.swiggy.com/swiggy/image/upload/fl_lossy,f_auto,q_auto,h_544,w_504/NI_CATALOG/IMAGES/ciw/2025/12/18/085b1d93-8b9e-4f7a-b256-e5b6afb234b6_93NDEHIXC9_MN_17122025.png",High-fibre biscuits for healthy snacking,125 g,12,25,22,4 MINS,Organic,Britannia Marie Gold Biscuits
HSR Layout 560102,21-12-2025,12:18:40 PM,Britannia 5050 Maska Chaska Biscuits,"https://instamart-media-assets.swiggy.com/swiggy/image/upload/fl_lossy,f_auto,q_auto,h_544,w_504/NI_CATALOG/IMAGES/CIW/2025/12/19/758489b2-05e3-4e4d-bec8-6c563bec8891_89_1.png",Sweet & salty butter-flavored snack,114.1 g,10,30,27,13 MINS,Organic,Britannia Marie Gold Biscuits
HSR Layout 560102,21-12-2025,12:18:40 PM,Parle Marie Biscuits,"https://instamart-media-assets.swiggy.com/swiggy/image/upload/fl_lossy,f_auto,q_auto,h_544,w_504/NI_CATALOG/IMAGES/ciw/2025/12/18/f48904ee-ed85-48bc-8700-99408122a857_TBK6M2YT2X_MN_17122025.png",Light teatime classic,239.7 g,11,35,31,4 MINS,Organic,Britannia Marie Gold Biscuits
HSR Layout 560102,21-12-2025,12:18:40 PM,Britannia Nutrichoice Digestive High-Fibre Biscuits,"https://instamart-media-assets.swiggy.com/swiggy/image/upload/fl_lossy,f_auto,q_auto,h_544,w_504/NI_CATALOG/IMAGES/ciw/2025/12/18/de8d199d-200b-40e3-bf7f-a51ca8cbcee8_QJO9COCRG9_MN_17122025.png",High-fibre digestive biscuits,960 g,29,198,139,4 MINS,Organic,Britannia Marie Gold Biscuits
HSR Layout 560102,21-12-2025,12:18:40 PM,Britannia Good Day Cashew Cookies,"https://instamart-media-assets.swiggy.com/swiggy/image/upload/fl_lossy,f_auto,q_auto,h_544,w_504/NI_CATALOG/IMAGES/CIW/2025/12/20/f4b9c7bd-a8a2-4379-8049-436945a7e948_908_1.png",Crunchy butter cookies with roasted cashew pieces,82.7 g,,,,4 MINS,Organic,Britannia Marie Gold Biscuits
HSR Layout 560102,21-12-2025,12:18:40 PM,Parle G Glucose,"https://instamart-media-assets.swiggy.com/swiggy/image/upload/fl_lossy,f_auto,q_auto,h_544,w_504/NI_CATALOG/IMAGES/ciw/2025/12/18/f7221a27-c8dd-4281-8046-a8f746a4a337_P7K39U3YI8_MN_17122025.png",Classic energy biscuits,250 g,3,27,26,4 MINS,Organic,Britannia Marie Gold Biscuits
HSR Layout 560102,21-12-2025,12:18:40 PM,Parle Krack Jack Sweet & Salty Crackers,"https://instamart-media-assets.swiggy.com/swiggy/image/upload/fl_lossy,f_auto,q_auto,h_544,w_504/NI_CATALOG/IMAGES/ciw/2025/12/18/23dd359d-f715-4b8e-b04e-005c920ce118_5B2P55K9EZ_MN_17122025.png",Classic sweet and salty tea biscuits,176.4 g,,,,4 MINS,Organic,Britannia Marie Gold Biscuits
HSR Layout 560102,21-12-2025,12:18:40 PM,Parle Marie,"https://instamart-media-assets.swiggy.com/swiggy/image/upload/fl_lossy,f_auto,q_auto,h_544,w_504/NI_CATALOG/IMAGES/ciw/2025/12/18/99d50da1-d23d-4fe4-be98-63e4b9fd5632_UJ41V98Z5Q_MN_17122025.png","Classic Biscuit, Buttery Goodness.",800 g,48,204,105,4 MINS,Organic,Britannia Marie Gold Biscuits
HSR Layout 560102,21-12-2025,12:18:40 PM,Britannia NutriChoice 5 Grain Digestive Biscuit | 0% Maida & High Fibre,"https://instamart-media-assets.swiggy.com/swiggy/image/upload/fl_lossy,f_auto,q_auto,h_544,w_504/NI_CATALOG/IMAGES/ciw/2025/12/18/d2277cc7-de0b-4e8f-be1b-930e13a6320a_FWZXWGPP8I_MN_17122025.png",Hearty fiber crunch,200 g,12,65,57,4 MINS,Organic,Britannia Marie Gold Biscuits
HSR Layout 560102,21-12-2025,12:18:40 PM,Britannia NutriChoice Oats Orange & Almond Biscuits | 0% Maida,"https://instamart-media-assets.swiggy.com/swiggy/image/upload/fl_lossy,f_auto,q_auto,h_544,w_504/NI_CATALOG/IMAGES/CIW/2025/12/20/c660b244-d9da-465f-987a-e08f2d2d16f7_6677_1.png",,66.6 g,9,22,20,4 MINS,Organic,Britannia Marie Gold Biscuits
HSR Layout 560102,21-12-2025,12:18:40 PM,Parle Parle-G Original Glucose Biscuits,"https://instamart-media-assets.swiggy.com/swiggy/image/upload/fl_lossy,f_auto,q_auto,h_544,w_504/NI_CATALOG/IMAGES/ciw/2025/12/18/3524c9af-12c6-4b25-82be-9031402197e4_TPNU4B4XLM_MN_17122025.png",Trusted glucose treat,800 g,6,90,84,4 MINS,Organic,Britannia Marie Gold Biscuits
HSR Layout 560102,21-12-2025,12:18:40 PM,Parle Monaco Crispy Light Salty Snack,"https://instamart-media-assets.swiggy.com/swiggy/image/upload/fl_lossy,f_auto,q_auto,h_544,w_504/NI_CATALOG/IMAGES/ciw/2025/12/18/006e6414-ba52-4345-ba83-441b2086a887_7ERPJ1RHWT_MN_17122025.png","Crispy, salty biscuit for everyday snacking",185.6 g,,,,4 MINS,Organic,Britannia Marie Gold Biscuits
HSR Layout 560102,21-12-2025,12:18:40 PM,Britannia Nice Time Sugar Showered Coconut Biscuits,"https://instamart-media-assets.swiggy.com/swiggy/image/upload/fl_lossy,f_auto,q_auto,h_544,w_504/NI_CATALOG/IMAGES/ciw/2025/12/18/7c0d955f-9b3f-4a8d-9d88-9ebe39d85926_IEMCM5P3YK_MN_17122025.png",Sugar-dusted coconut biscuits with a crunch,152 g,4,22,21,4 MINS,Organic,Britannia Marie Gold Biscuits
HSR Layout 560102,21-12-2025,12:18:40 PM,Britannia Milk Bikis Biscuits | 100% Atta,"https://instamart-media-assets.swiggy.com/swiggy/image/upload/fl_lossy,f_auto,q_auto,h_544,w_504/NI_CATALOG/IMAGES/ciw/2025/12/18/b6aa4980-764f-4a46-8dd3-dc35d43db7fb_730AM6ZNMK_MN_17122025.png",Nutritious biscuits for kids,190.5 g,6,30,28,4 MINS,Organic,Britannia Marie Gold Biscuits
HSR Layout 560102,21-12-2025,12:18:40 PM,Sunfeast Dark Fantasy Bourbon Classic Biscuit Made With Real Chocolate,"https://instamart-media-assets.swiggy.com/swiggy/image/upload/fl_lossy,f_auto,q_auto,h_544,w_504/NI_CATALOG/IMAGES/ciw/2025/12/18/2f0c3c24-c964-4e72-bd05-1ded926045c5_2ZLN7LQX4O_MN_17122025.png",Chocolate cream-filled sandwich biscuits,108 g,53,30,14,4 MINS,Organic,Britannia Marie Gold Biscuits
HSR Layout 560102,21-12-2025,12:18:40 PM,Britannia Little Hearts Classic Crunch,"https://instamart-media-assets.swiggy.com/swiggy/image/upload/fl_lossy,f_auto,q_auto,h_544,w_504/NI_CATALOG/IMAGES/CIW/2025/12/20/5e23b21d-d98d-4f62-85e3-c27b45ad81c2_90_1.png",Classic sugar-dusted crunchy biscuits,79 g,16,30,25,4 MINS,Organic,Britannia Marie Gold Biscuits
HSR Layout 560102,21-12-2025,12:18:40 PM,Britannia NutriChoice Digestive Zero High Fibre Biscuits | With 0% Added Sugar & Maida,"https://instamart-media-assets.swiggy.com/swiggy/image/upload/fl_lossy,f_auto,q_auto,h_544,w_504/NI_CATALOG/IMAGES/CIW/2025/12/20/8d7bc5f3-dd6a-4dcc-9265-993a7a718206_13994_1.png","No sugar, high fiber",100 g,6,30,28,4 MINS,Organic,Britannia Marie Gold Biscuits
HSR Layout 560102,21-12-2025,12:18:40 PM,Parle Nutricrunch Digestive Cookies Pouch,"https://instamart-media-assets.swiggy.com/swiggy/image/upload/fl_lossy,f_auto,q_auto,h_544,w_504/NI_CATALOG/IMAGES/ciw/2025/12/18/18a70119-65c7-4f82-a532-b4415f16fcab_AOOBCHI0NH_MN_17122025.png",,1 kg,54,320,145,4 MINS,Organic,Britannia Marie Gold Biscuits
HSR Layout 560102,21-12-2025,12:18:40 PM,Britannia NutriChoice Seeds Biscuits | 0% Maida & High Fibre,"https://instamart-media-assets.swiggy.com/swiggy/image/upload/fl_lossy,f_auto,q_auto,h_544,w_504/NI_CATALOG/IMAGES/CIW/2025/12/20/4c0ba6bb-1d42-4cc7-89f5-f4b327a4513f_17006_1.png","High-fibre, maida-free seed biscuits",83.3 g,8,25,23,4 MINS,Organic,Britannia Marie Gold Biscuits
HSR Layout 560102,21-12-2025,12:18:40 PM,Britannia Milk Bikis Sandwich Biscuits,"https://instamart-media-assets.swiggy.com/swiggy/image/upload/fl_lossy,f_auto,q_auto,h_544,w_504/NI_CATALOG/IMAGES/ciw/2025/12/18/7d5c602a-36ee-4480-a75c-870945e64676_7Z66YMCLXN_MN_17122025.png",,188 g,8,50,46,4 MINS,Organic,Britannia Marie Gold Biscuits
HSR Layout 560102,21-12-2025,12:18:40 PM,"Britannia NutriChoice Oats Cookies | Diabetic Friendly, Zero Added Sugar & 0% Maida","https://instamart-media-assets.swiggy.com/swiggy/image/upload/fl_lossy,f_auto,q_auto,h_544,w_504/NI_CATALOG/IMAGES/ciw/2025/12/18/cfb97a2c-ef32-4870-bfda-1be3d40b0da8_IFWA1W0CU1_MN_17122025.png",Diabetic-friendly oats cookies with no maida,150 g,12,65,57,4 MINS,Organic,Britannia Marie Gold Biscuits
HSR Layout 560102,21-12-2025,12:18:40 PM,Britannia The Original Bourbon - Creme Biscuit with Chocolate | Chocolatey Indulgence in Every Layer,"https://instamart-media-assets.swiggy.com/swiggy/image/upload/fl_lossy,f_auto,q_auto,h_544,w_504/NI_CATALOG/IMAGES/ciw/2025/12/18/90d3ba5d-840e-4434-941b-443a9f2a562c_E2ZNDNUI5F_MN_17122025.png",Iconic chocolate sandwich,100 g,,,,4 MINS,Organic,Britannia Marie Gold Biscuits
HSR Layout 560102,21-12-2025,12:18:40 PM,Peri's Bakehouse Sugar Free Cookies (Gluten-free),"https://instamart-media-assets.swiggy.com/swiggy/image/upload/fl_lossy,f_auto,q_auto,h_544,w_504/NI_CATALOG/IMAGES/ciw/2025/12/18/e7923a7b-3fed-4814-a683-5daf51f87534_FFD6GUAHVL_MN_17122025.png",Amaranth flour + pure ghee + jaggery,250 g,,255,217,Handpicked,Organic,Britannia Marie Gold Biscuits
HSR Layout 560102,21-12-2025,12:18:40 PM,Britannia NutriChoice Sugar Free Cracker | Zero Trans Fat,"https://instamart-media-assets.swiggy.com/swiggy/image/upload/fl_lossy,f_auto,q_auto,h_544,w_504/NI_CATALOG/IMAGES/ciw/2025/12/18/eed7686e-5a22-4f91-b00b-93efbe0908a2_2J18HB6TAJ_MN_17122025.png","Crisp, sugar-free crackers with zero trans fat",295 g,6,50,47,4 MINS,Organic,Britannia Marie Gold Biscuits
HSR Layout 560102,21-12-2025,12:19:57 PM,"boAt Airdopes 219 w/40 Hours playback,4 mics ENx tech, 13mm Drivers (Ivory mist)","https://instamart-media-assets.swiggy.com/swiggy/image/upload/fl_lossy,f_auto,q_auto,h_544,w_504/NI_CATALOG/IMAGES/ciw/2025/7/30/e3586c0c-88de-4a9c-8989-ba5bcffaf503_NPI-016829_1_20250730_143254.png",,1 Piece,74,3990,999,14 MINS,Organic,boAt Airdopes Prime Wireless Earbuds
HSR Layout 560102,21-12-2025,12:19:57 PM,"boAt Airdopes Prime 412 w/50 Hours playback,4 mics ENx Tech, Multipoint connectivity (Sahara Chic)","https://instamart-media-assets.swiggy.com/swiggy/image/upload/fl_lossy,f_auto,q_auto,h_544,w_504/NI_CATALOG/IMAGES/ciw/2025/7/30/a5b8cba3-bc19-4cad-8bab-934d7416af82_NPI-016832_1_20250730_143935.png",,1 Piece,71,4490,1299,14 MINS,Organic,boAt Airdopes Prime Wireless Earbuds
HSR Layout 560102,21-12-2025,12:19:57 PM,"boAt Airdopes 219 w/40 Hours playback,4 mics ENx tech, 13mm Drivers (Carbon Black )","https://instamart-media-assets.swiggy.com/swiggy/image/upload/fl_lossy,f_auto,q_auto,h_544,w_504/NI_CATALOG/IMAGES/ciw/2025/8/7/aa0e289d-4ad8-45cf-98e2-a41ebe818a0a_NPI-016827_1_20250807_062406.png","Balanced sound, lasting play",1 Piece,74,3990,999,4 MINS,Organic,boAt Airdopes Prime Wireless Earbuds
HSR Layout 560102,21-12-2025,12:19:57 PM,boAt Airdopes Primo Earbuds Wireless Earphones with Mic (Active Black),"https://instamart-media-assets.swiggy.com/swiggy/image/upload/fl_lossy,f_auto,q_auto,h_544,w_504/NI_CATALOG/IMAGES/CIW/2025/4/2/3f165e9e-f3bb-4dc9-b01d-cac7ba2dda29_371125_1.png",TWS earbuds with mic and balanced sound,1 pack,82,4490,799,4 MINS,Organic,boAt Airdopes Prime Wireless Earbuds
HSR Layout 560102,21-12-2025,12:19:57 PM,"boAt Airdopes Ace TWS in Ear Earbuds w/ 35H Playback, 13mm Drivers, Dual Mics ENx & Beast Mode (Starry Blue)","https://instamart-media-assets.swiggy.com/swiggy/image/upload/fl_lossy,f_auto,q_auto,h_544,w_504/NI_CATALOG/IMAGES/CIW/2025/7/31/e7f42ccf-c33d-4bba-a7e7-4fcbea9675ac_RU8BAA8BW8.png",Immersive sound with long battery,1 Piece,74,3490,899,14 MINS,Organic,boAt Airdopes Prime Wireless Earbuds
HSR Layout 560102,21-12-2025,12:19:57 PM,"boAt Airdopes 111v2 TWS Earbuds w/ Premium Leather Finish,4Mics ENx,50H Battery,Fast Charge,Dual Pair,BTv5.4(Classic Black)","https://instamart-media-assets.swiggy.com/swiggy/image/upload/fl_lossy,f_auto,q_auto,h_544,w_504/NI_CATALOG/IMAGES/CIW/2025/6/10/e6a2ae92-edcd-4f52-bb80-2beeb7f94734_538462_1.png",,1 unit,77,4990,1118,14 MINS,Organic,boAt Airdopes Prime Wireless Earbuds
HSR Layout 560102,21-12-2025,12:19:57 PM,"boAt Airdopes Ace TWS in Ear Earbuds w/ 35H Playback, 13mm Drivers, Dual Mics ENx & Beast Mode (Active Black)","https://instamart-media-assets.swiggy.com/swiggy/image/upload/fl_lossy,f_auto,q_auto,h_544,w_504/NI_CATALOG/IMAGES/CIW/2025/7/31/6b1f1d18-289a-4101-bd92-3dbb95080466_U314O2W36K.png","Clear calls, snug fit",1 Piece,74,3490,899,4 MINS,Organic,boAt Airdopes Prime Wireless Earbuds
HSR Layout 560102,21-12-2025,12:19:57 PM,"boAt Airdopes 141 Gen 2 w/48 Hours Playback, 4 mics ENx Tech,ASAP Charge TWS Earbuds (Active White)","https://instamart-media-assets.swiggy.com/swiggy/image/upload/fl_lossy,f_auto,q_auto,h_544,w_504/NI_CATALOG/IMAGES/ciw/2025/8/27/a4da4f70-e038-4a49-b72f-ade51cf41811_NPI-026340_1_20250827_102019.png",Long playtime with crisp sound,1 Piece,77,3990,899,14 MINS,Organic,boAt Airdopes Prime Wireless Earbuds
HSR Layout 560102,21-12-2025,12:19:57 PM,"boAt Airdopes 111v2 TWS Earbuds w/ Premium Leather Finish,4Mics ENx,50H Battery,Fast Charge,Dual Pair,BTv5.4(Ivory White)","https://instamart-media-assets.swiggy.com/swiggy/image/upload/fl_lossy,f_auto,q_auto,h_544,w_504/NI_CATALOG/IMAGES/CIW/2025/6/10/142ee83b-0478-428e-bf76-9e2c0d53adaf_920401_1.png",,1 unit,77,4990,1099,14 MINS,Organic,boAt Airdopes Prime Wireless Earbuds
HSR Layout 560102,21-12-2025,12:19:57 PM,"boAt Airdopes 300 TWS Earbuds w/ Cinematic Spatial Audio, 50H Battery, 4Mic AI ENx, Fast Charge, IPX4 v5.3 (Gunmetal Black)","https://instamart-media-assets.swiggy.com/swiggy/image/upload/fl_lossy,f_auto,q_auto,h_544,w_504/NI_CATALOG/IMAGES/CIW/2025/7/28/f1fe5475-4176-4722-9aff-0487f09215c4_Z9GO2T8T3D.png",Spatial audio effect,1 unit,79,6490,1299,14 MINS,Organic,boAt Airdopes Prime Wireless Earbuds
HSR Layout 560102,21-12-2025,12:19:57 PM,"boAt Airdopes 141 Gen 2 w/48 Hours Playback, 4 mics ENx Tech,ASAP Charge TWS Earbuds (Grey)","https://instamart-media-assets.swiggy.com/swiggy/image/upload/fl_lossy,f_auto,q_auto,h_544,w_504/NI_CATALOG/IMAGES/ciw/2025/8/27/6ace58a7-0199-473b-aca2-19ab9dc4fc5a_NPI-026343_1_20250827_102436.png",Extended playtime with clear calls,1 Piece,77,3990,899,14 MINS,Organic,boAt Airdopes Prime Wireless Earbuds
HSR Layout 560102,21-12-2025,12:19:57 PM,"boAt Airdopes 101v2, 35H Battery, ENx Tech, 13mm Drivers, ASAP Charge, Flex-Fit Ear Tips,Stream Ad Free Music via App Support, Bluetooth Earbuds-Cloudy Grey","https://instamart-media-assets.swiggy.com/swiggy/image/upload/fl_lossy,f_auto,q_auto,h_544,w_504/NI_CATALOG/IMAGES/ciw/2025/10/6/db02415f-f0d2-497f-a794-a0b9e27fb5a0_NPI-041624_1_20251002_050919.png",,1 unit,79,3990,799,14 MINS,Organic,boAt Airdopes Prime Wireless Earbuds
HSR Layout 560102,21-12-2025,12:19:57 PM,"boAt Airdopes 131 Pro Buds TWS With In Ear Detection, 4 Mics ENx Tech & 40H Playback-Active Black","https://instamart-media-assets.swiggy.com/swiggy/image/upload/fl_lossy,f_auto,q_auto,h_544,w_504/NI_CATALOG/IMAGES/CIW/2025/7/31/b5e7ff33-db11-4ba3-bb98-b3fd90762793_738AU0B51I.png",Clear call earbuds,1 pack,83,5490,899,14 MINS,Organic,boAt Airdopes Prime Wireless Earbuds
HSR Layout 560102,21-12-2025,12:19:57 PM,"boAt Airdopes 300 TWS Earbuds w/ Cinematic Spatial Audio, 50H Battery, 4Mic AI ENx, Fast Charge, IPX4 v5.3 (Chrome White)","https://instamart-media-assets.swiggy.com/swiggy/image/upload/fl_lossy,f_auto,q_auto,h_544,w_504/NI_CATALOG/IMAGES/CIW/2025/8/1/228a2fb0-323d-4693-bae4-edfa1466c4ed_ZON57KZJ60.png",Spatial cinematic buds,1 unit,83,6490,1099,14 MINS,Organic,boAt Airdopes Prime Wireless Earbuds
HSR Layout 560102,21-12-2025,12:19:57 PM,"boAt Airdopes 141 Gen 2 w/48 Hours Playback, 4 mics ENx Tech,ASAP Charge TWS Earbuds (Active Black)","https://instamart-media-assets.swiggy.com/swiggy/image/upload/fl_lossy,f_auto,q_auto,h_544,w_504/NI_CATALOG/IMAGES/ciw/2025/8/27/3bffe784-e0d9-4bdf-8307-bef9c6b70ccd_NPI-026339_1_20250827_101853.png",Long playtime with clear calls,1 Piece,77,3990,899,14 MINS,Organic,boAt Airdopes Prime Wireless Earbuds
HSR Layout 560102,21-12-2025,12:19:57 PM,"boAt Airdopes 141 Pro Buds TWS Earbuds w/ 13mm Drivers, Metallic Finish & 60H Battery (Surfer Silver)","https://instamart-media-assets.swiggy.com/swiggy/image/upload/fl_lossy,f_auto,q_auto,h_544,w_504/NI_CATALOG/IMAGES/CIW/2025/4/24/4247f9b3-6817-4db9-9d99-1e2d066331f1_914012_1.png",,1 unit,83,4990,839,14 MINS,Organic,boAt Airdopes Prime Wireless Earbuds
HSR Layout 560102,21-12-2025,12:19:57 PM,"boAt Airdopes 313 w/75 hours battery,13mm drivers with boAt signature sound(Jade Green)","https://instamart-media-assets.swiggy.com/swiggy/image/upload/fl_lossy,f_auto,q_auto,h_544,w_504/NI_CATALOG/IMAGES/CIW/2025/12/4/c66d0e58-b377-4db8-8d3b-a0e536776ef5_459337_1.png",,1 Piece,72,3990,1099,14 MINS,Organic,boAt Airdopes Prime Wireless Earbuds
HSR Layout 560102,21-12-2025,12:19:57 PM,"boAt Airdopes 131/8 In Ear TWS Earbuds With Mic, 60 Hours Playtime, IPX4 (Active Black)","https://instamart-media-assets.swiggy.com/swiggy/image/upload/fl_lossy,f_auto,q_auto,h_544,w_504/NI_CATALOG/IMAGES/CIW/2025/7/31/4c4b3ba3-c9fd-4c78-94c7-647d6f5dad42_AHJR46ULOO.png",Lightweight long play,1 unit,73,2990,799,4 MINS,Organic,boAt Airdopes Prime Wireless Earbuds
HSR Layout 560102,21-12-2025,12:19:57 PM,"boAt Airdopes 163 In Ear TWS Earbuds With Mic, 40H Playtime, Signature Sound, BEAST Mode & ENx Tech (Active Black)","https://instamart-media-assets.swiggy.com/swiggy/image/upload/fl_lossy,f_auto,q_auto,h_544,w_504/NI_CATALOG/IMAGES/CIW/2025/10/28/9d65850a-d45e-4d71-b208-196934daeee8_39755_1.png",Clear sound earbuds with BEAST Mode,1 unit,61,2490,949,4 MINS,Organic,boAt Airdopes Prime Wireless Earbuds
HSR Layout 560102,21-12-2025,12:19:57 PM,"boAt Airdopes 800 In Ear TWS Earbuds With Mic, 40 Hours Playtime (Interstellar Black)","https://instamart-media-assets.swiggy.com/swiggy/image/upload/fl_lossy,f_auto,q_auto,h_544,w_504/NI_CATALOG/IMAGES/CIW/2025/7/31/d8136698-301b-4ae8-a1af-3d71666e40b8_TUD76M5X0H.png",Gaming-friendly sound,1 unit,77,6490,1449,14 MINS,Organic,boAt Airdopes Prime Wireless Earbuds
HSR Layout 560102,21-12-2025,12:19:57 PM,"boAt Airdopes Sonik TWS Earbuds w/ 60H Playback, Quad Mics w/ ENx, ASAP Charge, 11 mm Drivers & BT v5.3-Thunder Black","https://instamart-media-assets.swiggy.com/swiggy/image/upload/fl_lossy,f_auto,q_auto,h_544,w_504/0eab5813e3191e0a963ca7c6154fc1f7",,1 Piece,68,5990,1899,14 MINS,Organic,boAt Airdopes Prime Wireless Earbuds
HSR Layout 560102,21-12-2025,12:19:57 PM,"boAt Airdopes 71 TWS Earbuds w/ 40H Playtime, Dual Mics ENx, ASAP Charge, IWP, BEAST Mode (50ms), IPX4 (Starry Blue)","https://instamart-media-assets.swiggy.com/swiggy/image/upload/fl_lossy,f_auto,q_auto,h_544,w_504/NI_CATALOG/IMAGES/CIW/2024/4/29/a6741753-14ac-45de-a21d-0ff15ec4ad27_AudioDevicesinstamax_H7T55YW505_MN.PNG",,1 Piece,74,4990,1289,14 MINS,Organic,boAt Airdopes Prime Wireless Earbuds
HSR Layout 560102,21-12-2025,12:19:57 PM,"boAt Airdopes Sonik TWS Earbuds w/ 60H Playback, IWP, Quad Mics ENx, ASAP Charge, BT v5.3 & IPX4 (Thunder Black)","https://instamart-media-assets.swiggy.com/swiggy/image/upload/fl_lossy,f_auto,q_auto,h_544,w_504/252114677ec6980dc5ae0d2111ec4d6f",,1 Piece,68,5990,1899,14 MINS,Organic,boAt Airdopes Prime Wireless Earbuds
HSR Layout 560102,21-12-2025,12:19:57 PM,"boAt Airdopes 121 Pro Plus TWS Earbuds w/ 100H Battery, ENx, 50ms Low Latency, Fast Charge, LED Display, IPX5, BTv5.3 (Black)","https://instamart-media-assets.swiggy.com/swiggy/image/upload/fl_lossy,f_auto,q_auto,h_544,w_504/NI_CATALOG/IMAGES/CIW/2025/8/1/17bad3e0-39f7-4546-8f52-7b0930deb338_SWGIW3GMBJ.png","Marathon play, low latency",1 unit,77,4990,1099,4 MINS,Organic,boAt Airdopes Prime Wireless Earbuds
HSR Layout 560102,21-12-2025,12:19:57 PM,"boAt Airdopes 313 w/75 hours battery,13mm drivers with boAt signature sound (Gold Mist)","https://instamart-media-assets.swiggy.com/swiggy/image/upload/fl_lossy,f_auto,q_auto,h_544,w_504/NI_CATALOG/IMAGES/ciw/2025/11/20/b03103c1-1708-4dee-bca8-43781289acbd_5I01NSPTEK_MN_20112025.png","Extended battery, lively sound",1 Piece,72,3990,1099,14 MINS,Organic,boAt Airdopes Prime Wireless Earbuds
HSR Layout 560102,21-12-2025,12:19:57 PM,"boAt Airdopes 141 Elite ANC w/42 Hrs battery,35db ANC,ASAP Charge(Green)","https://instamart-media-assets.swiggy.com/swiggy/image/upload/fl_lossy,f_auto,q_auto,h_544,w_504/NI_CATALOG/IMAGES/ciw/2025/8/27/b2aaaaa7-3751-4776-a847-005464aead89_NPI-026345_1_20250827_103029.png",,1 Piece,76,5990,1399,14 MINS,Organic,boAt Airdopes Prime Wireless Earbuds
HSR Layout 560102,21-12-2025,12:19:57 PM,"boAt Airdopes 121 Pro Plus TWS Earbuds w/ 100H Battery, ENx, 50ms Low Latency, Fast Charge, LED Display, IPX5, BTv5.3 (Blue)","https://instamart-media-assets.swiggy.com/swiggy/image/upload/fl_lossy,f_auto,q_auto,h_544,w_504/NI_CATALOG/IMAGES/CIW/2024/8/13/f05f8c3b-2050-453f-9f14-ac02c28a8337_884462_1.png",Compact power earbuds,1 unit,79,4990,1019,4 MINS,Organic,boAt Airdopes Prime Wireless Earbuds
HSR Layout 560102,21-12-2025,12:19:57 PM,"boAt Airdopes 141 Elite ANC w/42 Hrs battery,35db ANC,ASAP Charge(White)","https://instamart-media-assets.swiggy.com/swiggy/image/upload/fl_lossy,f_auto,q_auto,h_544,w_504/NI_CATALOG/IMAGES/ciw/2025/8/27/cfcd5632-587a-4c07-bdcc-caad1f3cb422_NPI-026346_1_20250827_103156.png",,1 Piece,76,5990,1399,14 MINS,Organic,boAt Airdopes Prime Wireless Earbuds
HSR Layout 560102,21-12-2025,12:19:57 PM,"boAt Airdopes 141 Elite ANC w/42 Hrs battery,35db ANC,ASAP Charge(Black)","https://instamart-media-assets.swiggy.com/swiggy/image/upload/fl_lossy,f_auto,q_auto,h_544,w_504/NI_CATALOG/IMAGES/ciw/2025/8/27/b6ceb33e-0c86-4714-a691-f170049bdb06_NPI-026344_1_20250827_102909.png",,1 Piece,76,5990,1399,14 MINS,Organic,boAt Airdopes Prime Wireless Earbuds
HSR Layout 560102,21-12-2025,12:19:57 PM,"boAt Airdopes 311 Pro TWS w/ 50H Battery, Fast Charge, ENx Tech, Transparent LID, Low Latency, IPX4, IWP, v5.3 (Active Black)","https://instamart-media-assets.swiggy.com/swiggy/image/upload/fl_lossy,f_auto,q_auto,h_544,w_504/NI_CATALOG/IMAGES/CIW/2025/8/1/f06e8a2e-4209-4d8c-adb9-c9058b751683_OZK7GGHT8B.png","Fast-charge buds, balanced sound",1 unit,79,4990,999,4 MINS,Organic,boAt Airdopes Prime Wireless Earbuds
HSR Layout 560102,21-12-2025,12:19:57 PM,"boAt Airdopes Plus 311, Glass Design, Dual Mics Enx, Fast Charge, 50 Hrs Battery, Low Latency, Ipx4, Bluetooth Earbuds, Tws Ear Buds Wireless Earphones With Mic(Ash Grey)","https://instamart-media-assets.swiggy.com/swiggy/image/upload/fl_lossy,f_auto,q_auto,h_544,w_504/NI_CATALOG/IMAGES/CIW/2025/6/9/7f313315-dfc9-4471-a1d4-4175c780935b_941663_1.png",,1 unit,79,3990,799,14 MINS,Organic,boAt Airdopes Prime Wireless Earbuds
HSR Layout 560102,21-12-2025,12:19:57 PM,"boAt Airdopes 131 Elite ANC TWS Earbuds w/ 32dB ANC, 60H Battery & Ambient Mode (Active Teal)","https://instamart-media-assets.swiggy.com/swiggy/image/upload/fl_lossy,f_auto,q_auto,h_544,w_504/NI_CATALOG/IMAGES/CIW/2025/4/24/7c20c708-1903-42b2-ad57-6391fd3f7e85_946422_1.png",,1 unit,79,6990,1399,14 MINS,Organic,boAt Airdopes Prime Wireless Earbuds
Jayanagar 560041,21-12-2025,12:25:33 PM,Harpic Power Plus Stain Removal Disinfectant Toilet Cleaner (Original),"https://instamart-media-assets.swiggy.com/swiggy/image/upload/fl_lossy,f_auto,q_auto,h_544,w_504/NI_CATALOG/IMAGES/ciw/2025/12/18/e5506ebe-c04f-42ea-9564-eba4eff74ad3_PBKIXD1ZII_MN_18122025.png","Powerful Clean, Stain Removal.",600 ml,,,,11 MINS,Organic,Harpic Power Plus Clean Disinfectant Toilet Cleaner
Jayanagar 560041,21-12-2025,12:25:33 PM,"Harpic Original Toilet Cleaner, 5 Min Action, 10X Advanced, Disinfectant","https://instamart-media-assets.swiggy.com/swiggy/image/upload/fl_lossy,f_auto,q_auto,h_544,w_504/NI_CATALOG/IMAGES/CIW/2025/5/27/6a54bc45-68ef-4bbc-a8b2-2a49427f9e80_3418_1.png","Powerful Clean, Stain Removal Formula.",1 ltr x 2,15,470,395,11 MINS,Organic,Harpic Power Plus Clean Disinfectant Toilet Cleaner
Jayanagar 560041,21-12-2025,12:25:33 PM,Harpic Power Plus Toilet Cleaner Original & Bathroom Cleaner Lemon Combo,"https://instamart-media-assets.swiggy.com/swiggy/image/upload/fl_lossy,f_auto,q_auto,h_544,w_504/9ae616a72d8de29d6ada733505152702","Powerful Clean, Lemon Freshness.",1 combo,19,454,367,11 MINS,Organic,Harpic Power Plus Clean Disinfectant Toilet Cleaner
Jayanagar 560041,21-12-2025,12:25:33 PM,Harpic White And Shine Bleach Disinfectant Liquid Toilet Cleaner,"https://instamart-media-assets.swiggy.com/swiggy/image/upload/fl_lossy,f_auto,q_auto,h_544,w_504/NI_CATALOG/IMAGES/CIW/2025/1/7/cd214ffe-cdb7-4e47-875e-283d7a88d6f0_45579_1.png",,500 ml x 2,2,230,224,11 MINS,Organic,Harpic Power Plus Clean Disinfectant Toilet Cleaner
Jayanagar 560041,21-12-2025,12:25:33 PM,"Harpic Lemon Toilet Cleaner, 5 Min Action, 10X Advanced, Disinfectant","https://instamart-media-assets.swiggy.com/swiggy/image/upload/fl_lossy,f_auto,q_auto,h_544,w_504/NI_CATALOG/IMAGES/ciw/2025/12/18/88b95dd8-46e6-4e29-8307-8f26c04823eb_KS53BB9GFJ_MN_18122025.png",Lemon-scented disinfectant toilet liquid,1 ltr,11,245,218,11 MINS,Organic,Harpic Power Plus Clean Disinfectant Toilet Cleaner
Jayanagar 560041,21-12-2025,12:25:33 PM,"Harpic Original Toilet Cleaner, 5 Min Action, 10X Advanced, Disinfectant","https://instamart-media-assets.swiggy.com/swiggy/image/upload/fl_lossy,f_auto,q_auto,h_544,w_504/NI_CATALOG/IMAGES/ciw/2025/12/18/b2abf21d-1612-4234-be13-e092e2bdcd62_HPZI64Y587_MN_18122025.png","Powerful Clean, Hygienic Formula.",2 ltr,15,470,396,11 MINS,Organic,Harpic Power Plus Clean Disinfectant Toilet Cleaner
Jayanagar 560041,21-12-2025,12:25:33 PM,Harpic White And Shine Disinfectant Toilet Cleaner Bleach Liquid,"https://instamart-media-assets.swiggy.com/swiggy/image/upload/fl_lossy,f_auto,q_auto,h_544,w_504/NI_CATALOG/IMAGES/CIW/2025/9/23/bc9803e2-9c09-4caf-8659-5188a01e3878_86679_1.png",Sparkling white clean,1 ltr x 2,12,490,430,11 MINS,Organic,Harpic Power Plus Clean Disinfectant Toilet Cleaner
Jayanagar 560041,21-12-2025,12:25:33 PM,"Harpic Lemon Bathroom Cleaner, 10X Better Cleaning, Disinfectant","https://instamart-media-assets.swiggy.com/swiggy/image/upload/fl_lossy,f_auto,q_auto,h_544,w_504/NI_CATALOG/IMAGES/ciw/2025/12/18/4a73a8fa-08ee-4f83-a60b-1bf8e1d653e6_V5WU5ALI08_MN_18122025.png",Powerful lemon cleaner for a fresh bathroom.,500 ml,4,120,115,11 MINS,Organic,Harpic Power Plus Clean Disinfectant Toilet Cleaner
Jayanagar 560041,21-12-2025,12:25:33 PM,Harpic Power Plus Toilet Cleaner Original & Lizol Disinfectant Floor Cleaner Citrus Combo,"https://instamart-media-assets.swiggy.com/swiggy/image/upload/fl_lossy,f_auto,q_auto,h_544,w_504/010ec41128db8e189dce942588c093c8","Citrus Freshness, Powerful Clean.",1 combo,10,481,429,11 MINS,Organic,Harpic Power Plus Clean Disinfectant Toilet Cleaner
Jayanagar 560041,21-12-2025,12:25:33 PM,"Harpic Black Stain Blaster Toilet Cleaner, Citrus","https://instamart-media-assets.swiggy.com/swiggy/image/upload/fl_lossy,f_auto,q_auto,h_544,w_504/NI_CATALOG/IMAGES/ciw/2025/12/18/28db94f6-63b8-41ba-86fb-442fe47216ee_UAISMS3SLC_MN_18122025.png",Powerful germ & stain remover with citrus fragrance,750 ml,24,199,150,11 MINS,Organic,Harpic Power Plus Clean Disinfectant Toilet Cleaner
Jayanagar 560041,21-12-2025,12:25:33 PM,"Harpic Power Plus Toilet Cleaner Original, & Lizol Disinfectant Floor Cleaner Floral Combo","https://instamart-media-assets.swiggy.com/swiggy/image/upload/fl_lossy,f_auto,q_auto,h_544,w_504/43992f8db0b0554cce45cdb4cfeca64a","Powerful Clean, Floral Freshness.",1 combo,13,481,417,11 MINS,Organic,Harpic Power Plus Clean Disinfectant Toilet Cleaner
Jayanagar 560041,21-12-2025,12:25:33 PM,Harpic Disinfectant Toilet Cleaner Liquid Refreshing Marine,"https://instamart-media-assets.swiggy.com/swiggy/image/upload/fl_lossy,f_auto,q_auto,h_544,w_504/NI_CATALOG/IMAGES/CIW/2024/8/2/67896ccc-4493-46f6-8075-994cb23b74bb_28281_1.png",Marine fresh hygiene,1 ltr x 2,11,490,435,11 MINS,Organic,Harpic Power Plus Clean Disinfectant Toilet Cleaner
Jayanagar 560041,21-12-2025,12:25:33 PM,"Harpic Power Plusl & Toilet Cleaner, Citrus Combo","https://instamart-media-assets.swiggy.com/swiggy/image/upload/fl_lossy,f_auto,q_auto,h_544,w_504/c39d1386687391137df48c0d5d177adb","Citrus Freshness, Powerful Clean.",1 combo,19,434,350,11 MINS,Organic,Harpic Power Plus Clean Disinfectant Toilet Cleaner
Jayanagar 560041,21-12-2025,12:25:33 PM,"Harpic Jasmine Toilet Cleaner, 5 Min Action, 10X Advanced, Disinfectant","https://instamart-media-assets.swiggy.com/swiggy/image/upload/fl_lossy,f_auto,q_auto,h_544,w_504/NI_CATALOG/IMAGES/ciw/2025/12/18/2dd174d7-7a13-49bf-b7b2-50d76d72c9a4_ZVKVZAI3LW_MN_18122025.png",Jasmine fresh toilet,1 ltr,10,245,220,11 MINS,Organic,Harpic Power Plus Clean Disinfectant Toilet Cleaner
Jayanagar 560041,21-12-2025,12:25:33 PM,Harpic Floral Disinfectant Bathroom Cleaner,"https://instamart-media-assets.swiggy.com/swiggy/image/upload/fl_lossy,f_auto,q_auto,h_544,w_504/NI_CATALOG/IMAGES/ciw/2025/12/18/01811606-8965-4f7e-b758-300636148111_5CR6HH1L9B_MN_18122025.png",Floral deep cleanse,1 ltr,10,219,195,11 MINS,Organic,Harpic Power Plus Clean Disinfectant Toilet Cleaner
Jayanagar 560041,21-12-2025,12:25:33 PM,Harpic Power Plus Toilet Cleaner Liquid Original & Bathroom Cleaner Liquid Floral Combo,"https://instamart-media-assets.swiggy.com/swiggy/image/upload/fl_lossy,f_auto,q_auto,h_544,w_504/c4e245e3a63b65dd9a1f0855dc216772","Powerful Clean, Floral Freshness.",1 combo,13,454,391,11 MINS,Organic,Harpic Power Plus Clean Disinfectant Toilet Cleaner
Jayanagar 560041,21-12-2025,12:25:33 PM,Harpic Toilet Cleaner Original & Lizol Floor Cleaner Citrus & Dis-Infectant Bathroom Cleaner Combo,"https://instamart-media-assets.swiggy.com/swiggy/image/upload/fl_lossy,f_auto,q_auto,h_544,w_504/6d147ef7fd3246a3a5cd6b87aa89c071","Complete Bathroom Clean, Citrus & Lemon Freshness.",1 combo,13,700,603,11 MINS,Organic,Harpic Power Plus Clean Disinfectant Toilet Cleaner
Jayanagar 560041,21-12-2025,12:25:33 PM,"Harpic Power Plus Toilet Cleaner Original & Flushmatic In Cistern Toilet Cleaner, Marine Combo","https://instamart-media-assets.swiggy.com/swiggy/image/upload/fl_lossy,f_auto,q_auto,h_544,w_504/407f4106e9c4c58b16ac6902fa3e7c4c","Powerful Clean, Marine Freshness.",1 combo,13,425,368,11 MINS,Organic,Harpic Power Plus Clean Disinfectant Toilet Cleaner
Jayanagar 560041,21-12-2025,12:25:33 PM,"Harpic Lemon Bathroom Cleaner, 10X Better Cleaning, Disinfectant","https://instamart-media-assets.swiggy.com/swiggy/image/upload/fl_lossy,f_auto,q_auto,h_544,w_504/ppcs6rcqwnvabtznwq5f","Citrus Clean, Sparkling Bathroom.",1 ltr x 2,25,438,328,11 MINS,Organic,Harpic Power Plus Clean Disinfectant Toilet Cleaner
Jayanagar 560041,21-12-2025,12:25:33 PM,Harpic Power Plus Toilet Cleaner Original & Fresh Power 6 Marine Splash Toilet Rim Block Combo,"https://instamart-media-assets.swiggy.com/swiggy/image/upload/fl_lossy,f_auto,q_auto,h_544,w_504/114c07c5f01ea78dd09ae377c78927a1","Powerful Clean, Marine Freshness.",1 combo,11,445,392,11 MINS,Organic,Harpic Power Plus Clean Disinfectant Toilet Cleaner
Jayanagar 560041,21-12-2025,12:25:33 PM,"Harpic Disinfectant Bathroom Cleaner (Lemon), Colin Glass & Household Cleaner and Harpic Power Plus Stain Removal Disinfectant Toilet Cleaner (Original)","https://instamart-media-assets.swiggy.com/swiggy/image/upload/fl_lossy,f_auto,q_auto,h_544,w_504/NI_CATALOG/IMAGES/CIW/2025/5/16/875bb688-ae9b-4769-9822-07eee25ccdf7_868005.png",,1 combo,2,374,366,11 MINS,Organic,Harpic Power Plus Clean Disinfectant Toilet Cleaner
Jayanagar 560041,21-12-2025,12:25:33 PM,Harpic Bathroom Cleaner Liquid Floral & Lemon Combo,"https://instamart-media-assets.swiggy.com/swiggy/image/upload/fl_lossy,f_auto,q_auto,h_544,w_504/f58b0f28fddb04f4b70db9dd83d59e2f","Floral & Lemon, Sparkling Clean Bathroom.",1 combo,16,438,366,11 MINS,Organic,Harpic Power Plus Clean Disinfectant Toilet Cleaner
Jayanagar 560041,21-12-2025,12:25:33 PM,Clean Champ Disinfectant Toilet Cleaner,"https://instamart-media-assets.swiggy.com/swiggy/image/upload/fl_lossy,f_auto,q_auto,h_544,w_504/3cddc18118f1b37d6aafa0a1b7cd994b",,500 ml x 2,44,198,110,11 MINS,Organic,Harpic Power Plus Clean Disinfectant Toilet Cleaner
Jayanagar 560041,21-12-2025,12:25:33 PM,Domex Disinfectant Expert Toilet Cleaner,"https://instamart-media-assets.swiggy.com/swiggy/image/upload/fl_lossy,f_auto,q_auto,h_544,w_504/NI_CATALOG/IMAGES/ciw/2025/12/18/6df394d2-e08a-488e-b5f3-abaaf08610b1_2YFJGY1CPG_MN_18122025.png",Powerful toilet disinfectant,1 ltr,20,245,195,11 MINS,Organic,Harpic Power Plus Clean Disinfectant Toilet Cleaner
Jayanagar 560041,21-12-2025,12:25:33 PM,Domex Toilet Cleaner Lime Fresh,"https://instamart-media-assets.swiggy.com/swiggy/image/upload/fl_lossy,f_auto,q_auto,h_544,w_504/NI_CATALOG/IMAGES/ciw/2025/12/18/23b09366-2d5e-4e5a-a60e-9c2289cf8254_1Q615G0U4M_MN_18122025.png",Limescale fighter clean,1 ltr,20,245,195,11 MINS,Organic,Harpic Power Plus Clean Disinfectant Toilet Cleaner
Jayanagar 560041,21-12-2025,12:25:33 PM,Harpic Power Plus Toilet Cleaner Original & Colin Glass & Multisurface Cleaner Combo,"https://instamart-media-assets.swiggy.com/swiggy/image/upload/fl_lossy,f_auto,q_auto,h_544,w_504/NI_CATALOG/IMAGES/CIW/2024/8/17/91034afc-7caa-41f7-97f1-a54ee1e4ea13_19272_1.png","Powerful Clean, Multi-Surface Shine.",1 combo,10,350,312,11 MINS,Organic,Harpic Power Plus Clean Disinfectant Toilet Cleaner
Jayanagar 560041,21-12-2025,12:25:33 PM,Lizol Floor Citrus & Harpic Toilet Blocks Marine Cleaner Combo,"https://instamart-media-assets.swiggy.com/swiggy/image/upload/fl_lossy,f_auto,q_auto,h_544,w_504/9c35004683862417e03104cae5191332","Citrus & Marine, Complete Bathroom Clean.",1 combo,11,752,663,11 MINS,Organic,Harpic Power Plus Clean Disinfectant Toilet Cleaner
Jayanagar 560041,21-12-2025,12:25:33 PM,Domex Power foam Spray Floral Blast,"https://instamart-media-assets.swiggy.com/swiggy/image/upload/fl_lossy,f_auto,q_auto,h_544,w_504/NI_CATALOG/IMAGES/ciw/2025/12/18/e5e34c66-80c3-4586-8986-0ff29a1798de_A44MFD0HWQ_MN_18122025.png",,450 ml,20,230,183,11 MINS,Organic,Harpic Power Plus Clean Disinfectant Toilet Cleaner
Jayanagar 560041,21-12-2025,12:25:33 PM,Household Cleaner Combo,"https://instamart-media-assets.swiggy.com/swiggy/image/upload/fl_lossy,f_auto,q_auto,h_544,w_504/m989xmnkyttw2uc0cjxj","Complete Clean, Household Essentials.",1 combo,14,569,486,11 MINS,Organic,Harpic Power Plus Clean Disinfectant Toilet Cleaner
Jayanagar 560041,21-12-2025,12:25:33 PM,Clean Champ Disinfecteant Jasmine Toilet cleaner,"https://instamart-media-assets.swiggy.com/swiggy/image/upload/fl_lossy,f_auto,q_auto,h_544,w_504/NI_CATALOG/IMAGES/CIW/2024/6/5/45e53abe-260e-456a-8d7c-71788fc4bada_surfacecleaningaids_QBYB9LKG8K_MN.png",,1 ltr x 2,53,420,197,SOLD OUT,Organic,Harpic Power Plus Clean Disinfectant Toilet Cleaner
Jayanagar 560041,21-12-2025,12:25:33 PM,KOPARO CLEAN Sponge Wipe - Set of 5,"https://instamart-media-assets.swiggy.com/swiggy/image/upload/fl_lossy,f_auto,q_auto,h_544,w_504/NI_CATALOG/IMAGES/ciw/2025/12/18/117800bd-71b9-4126-9f15-adace1a444ea_ME5P5V4006_MN_18122025.png","Durable & Effective, Effortless Cleaning.",5 pieces,8,299,275,11 MINS,Organic,Harpic Power Plus Clean Disinfectant Toilet Cleaner
Jayanagar 560041,21-12-2025,12:25:33 PM,Lizol Citrus Floor Cleaner Liquid Disinfectant Surface Cleaner,"https://instamart-media-assets.swiggy.com/swiggy/image/upload/fl_lossy,f_auto,q_auto,h_544,w_504/NI_CATALOG/IMAGES/ciw/2025/12/18/d7266cf1-178d-4e07-a884-26608ecd5b96_BIOCW5BXS6_MN_18122025.png","Powerful Clean, Citrus Freshness.",1 ltr,6,246,229,11 MINS,Organic,Harpic Power Plus Clean Disinfectant Toilet Cleaner
Jayanagar 560041,21-12-2025,12:26:07 PM,boAt Airdopes Primo Earbuds Wireless Earphones with Mic (Active Black),"https://instamart-media-assets.swiggy.com/swiggy/image/upload/fl_lossy,f_auto,q_auto,h_544,w_504/NI_CATALOG/IMAGES/CIW/2025/4/2/3f165e9e-f3bb-4dc9-b01d-cac7ba2dda29_371125_1.png",TWS earbuds with mic and balanced sound,1 pack,82,4490,799,11 MINS,Organic,boAt Airdopes Prime Wireless Earbuds
Jayanagar 560041,21-12-2025,12:26:07 PM,"boAt Airdopes 311 Pro TWS w/ 50H Battery, Fast Charge, ENx Tech, Transparent LID, Low Latency, IPX4, IWP, v5.3 (Active Black)","https://instamart-media-assets.swiggy.com/swiggy/image/upload/fl_lossy,f_auto,q_auto,h_544,w_504/NI_CATALOG/IMAGES/CIW/2025/8/1/f06e8a2e-4209-4d8c-adb9-c9058b751683_OZK7GGHT8B.png","Fast-charge buds, balanced sound",1 unit,79,4990,999,11 MINS,Organic,boAt Airdopes Prime Wireless Earbuds
Jayanagar 560041,21-12-2025,12:26:07 PM,"boAt Airdopes 800 In Ear TWS Earbuds With Mic, 40 Hours Playtime (Interstellar Black)","https://instamart-media-assets.swiggy.com/swiggy/image/upload/fl_lossy,f_auto,q_auto,h_544,w_504/NI_CATALOG/IMAGES/CIW/2025/7/31/d8136698-301b-4ae8-a1af-3d71666e40b8_TUD76M5X0H.png",Gaming-friendly sound,1 unit,77,6490,1449,11 MINS,Organic,boAt Airdopes Prime Wireless Earbuds
Jayanagar 560041,21-12-2025,12:26:07 PM,"boAt Airdopes 311 Pro TWS Earbuds w/ 50HRS Battery, Fast Charge & Dual Mics ENx Tech (Dusk Blue)","https://instamart-media-assets.swiggy.com/swiggy/image/upload/fl_lossy,f_auto,q_auto,h_544,w_504/NI_CATALOG/IMAGES/CIW/2025/4/24/16b390e1-1261-4120-b534-74eba2ed760c_191364_1.png",Crisp audio with long playtime,1 pack,79,4990,999,11 MINS,Organic,boAt Airdopes Prime Wireless Earbuds
Jayanagar 560041,21-12-2025,12:26:07 PM,"boAt Airdopes 141 Gen 2 w/48 Hours Playback, 4 mics ENx Tech,ASAP Charge TWS Earbuds (Grey)","https://instamart-media-assets.swiggy.com/swiggy/image/upload/fl_lossy,f_auto,q_auto,h_544,w_504/NI_CATALOG/IMAGES/ciw/2025/8/27/6ace58a7-0199-473b-aca2-19ab9dc4fc5a_NPI-026343_1_20250827_102436.png",Extended playtime with clear calls,1 Piece,77,3990,899,11 MINS,Organic,boAt Airdopes Prime Wireless Earbuds
Jayanagar 560041,21-12-2025,12:26:07 PM,"boAt Airdopes 141 Gen 2 w/48 Hours Playback, 4 mics ENx Tech,ASAP Charge TWS Earbuds (Active White)","https://instamart-media-assets.swiggy.com/swiggy/image/upload/fl_lossy,f_auto,q_auto,h_544,w_504/NI_CATALOG/IMAGES/ciw/2025/8/27/a4da4f70-e038-4a49-b72f-ade51cf41811_NPI-026340_1_20250827_102019.png",Long playtime with crisp sound,1 Piece,77,3990,899,11 MINS,Organic,boAt Airdopes Prime Wireless Earbuds
Jayanagar 560041,21-12-2025,12:26:07 PM,"boAt Airdopes 141 Gen 2 w/48 Hours Playback, 4 mics ENx Tech,ASAP Charge TWS Earbuds (Active Black)","https://instamart-media-assets.swiggy.com/swiggy/image/upload/fl_lossy,f_auto,q_auto,h_544,w_504/NI_CATALOG/IMAGES/ciw/2025/8/27/3bffe784-e0d9-4bdf-8307-bef9c6b70ccd_NPI-026339_1_20250827_101853.png",Long playtime with clear calls,1 Piece,77,3990,899,11 MINS,Organic,boAt Airdopes Prime Wireless Earbuds
Jayanagar 560041,21-12-2025,12:26:07 PM,"boAt Airdopes 131 Pro Buds TWS With In Ear Detection, 4 Mics ENx Tech & 40H Playback-Active Black","https://instamart-media-assets.swiggy.com/swiggy/image/upload/fl_lossy,f_auto,q_auto,h_544,w_504/NI_CATALOG/IMAGES/CIW/2025/7/31/b5e7ff33-db11-4ba3-bb98-b3fd90762793_738AU0B51I.png",Clear call earbuds,1 pack,83,5490,899,11 MINS,Organic,boAt Airdopes Prime Wireless Earbuds
Jayanagar 560041,21-12-2025,12:26:07 PM,"boAt Airdopes Plus 311, Glass Design, Dual Mics Enx, Fast Charge, 50 Hrs Battery, Low Latency, Ipx4, Bluetooth Earbuds, Tws Ear Buds Wireless Earphones With Mic(Ash Grey)","https://instamart-media-assets.swiggy.com/swiggy/image/upload/fl_lossy,f_auto,q_auto,h_544,w_504/NI_CATALOG/IMAGES/CIW/2025/6/9/7f313315-dfc9-4471-a1d4-4175c780935b_941663_1.png",,1 unit,79,3990,799,11 MINS,Organic,boAt Airdopes Prime Wireless Earbuds
Jayanagar 560041,21-12-2025,12:26:07 PM,"boAt Airdopes 163 In Ear TWS Earbuds With Mic, 40H Playtime, Signature Sound, BEAST Mode & ENx Tech (Active Black)","https://instamart-media-assets.swiggy.com/swiggy/image/upload/fl_lossy,f_auto,q_auto,h_544,w_504/NI_CATALOG/IMAGES/CIW/2025/10/28/9d65850a-d45e-4d71-b208-196934daeee8_39755_1.png",Clear sound earbuds with BEAST Mode,1 unit,61,2490,949,11 MINS,Organic,boAt Airdopes Prime Wireless Earbuds
Jayanagar 560041,21-12-2025,12:26:07 PM,"boAt Airdopes 300 TWS Earbuds w/ Cinematic Spatial Audio, 50H Battery, 4Mic AI ENx, Fast Charge, IPX4 v5.3 (Chrome White)","https://instamart-media-assets.swiggy.com/swiggy/image/upload/fl_lossy,f_auto,q_auto,h_544,w_504/NI_CATALOG/IMAGES/CIW/2025/8/1/228a2fb0-323d-4693-bae4-edfa1466c4ed_ZON57KZJ60.png",Spatial cinematic buds,1 unit,83,6490,1099,11 MINS,Organic,boAt Airdopes Prime Wireless Earbuds
Jayanagar 560041,21-12-2025,12:26:07 PM,"boAt Airdopes 121 Pro Plus TWS Earbuds w/ 100H Battery, ENx, 50ms Low Latency, Fast Charge, LED Display, IPX5, BTv5.3 (Blue)","https://instamart-media-assets.swiggy.com/swiggy/image/upload/fl_lossy,f_auto,q_auto,h_544,w_504/NI_CATALOG/IMAGES/CIW/2024/8/13/f05f8c3b-2050-453f-9f14-ac02c28a8337_884462_1.png",Compact power earbuds,1 unit,79,4990,1019,11 MINS,Organic,boAt Airdopes Prime Wireless Earbuds
Jayanagar 560041,21-12-2025,12:26:07 PM,"boAt Airdopes 111v2 TWS Earbuds w/ Premium Leather Finish,4Mics ENx,50H Battery,Fast Charge,Dual Pair,BTv5.4(Classic Black)","https://instamart-media-assets.swiggy.com/swiggy/image/upload/fl_lossy,f_auto,q_auto,h_544,w_504/NI_CATALOG/IMAGES/CIW/2025/6/10/e6a2ae92-edcd-4f52-bb80-2beeb7f94734_538462_1.png",,1 unit,77,4990,1118,11 MINS,Organic,boAt Airdopes Prime Wireless Earbuds
Jayanagar 560041,21-12-2025,12:26:07 PM,"boAt Airdopes 121 Pro Plus TWS Earbuds w/ 100H Battery, ENx, 50ms Low Latency, Fast Charge, LED Display, IPX5, BTv5.3 (Black)","https://instamart-media-assets.swiggy.com/swiggy/image/upload/fl_lossy,f_auto,q_auto,h_544,w_504/NI_CATALOG/IMAGES/CIW/2025/8/1/17bad3e0-39f7-4546-8f52-7b0930deb338_SWGIW3GMBJ.png","Marathon play, low latency",1 unit,77,4990,1099,11 MINS,Organic,boAt Airdopes Prime Wireless Earbuds
Jayanagar 560041,21-12-2025,12:26:07 PM,"boAt Airdopes 300 TWS Earbuds w/ Cinematic Spatial Audio, 50H Battery, 4Mic AI ENx, Fast Charge, IPX4 v5.3 (Gunmetal Black)","https://instamart-media-assets.swiggy.com/swiggy/image/upload/fl_lossy,f_auto,q_auto,h_544,w_504/NI_CATALOG/IMAGES/CIW/2025/7/28/f1fe5475-4176-4722-9aff-0487f09215c4_Z9GO2T8T3D.png",Spatial audio effect,1 unit,79,6490,1299,11 MINS,Organic,boAt Airdopes Prime Wireless Earbuds
Jayanagar 560041,21-12-2025,12:26:07 PM,"boAt Airdopes 91 Prime TWS w/ 45H Battery, Metallic Finish, Low Latency, ENx Tech, Fast Charge, BT v5.3 (Midnight Black)","https://instamart-media-assets.swiggy.com/swiggy/image/upload/fl_lossy,f_auto,q_auto,h_544,w_504/NI_CATALOG/IMAGES/CIW/2025/3/29/c7496137-7c47-4d5e-909c-f1eb798e6542_378777_1.png","Low-latency tunes, long play",1 pack,79,3990,799,11 MINS,Organic,boAt Airdopes Prime Wireless Earbuds
Jayanagar 560041,21-12-2025,12:26:07 PM,"boAt Nirvana Ion w/ ENx Tech, 120H battery, ASAP Charge (Ivory White)","https://instamart-media-assets.swiggy.com/swiggy/image/upload/fl_lossy,f_auto,q_auto,h_544,w_504/NI_CATALOG/IMAGES/CIW/2024/8/14/3640e276-160a-4945-a3ba-950a2d4e4ab9_61785_1.png",Stamina-packed buds,1 unit,81,7990,1499,11 MINS,Organic,boAt Airdopes Prime Wireless Earbuds
Jayanagar 560041,21-12-2025,12:26:07 PM,"boAt Nirvana Ion w/ ENx Tech,120H battery, ASAP Charge (Charcoal Black)","https://instamart-media-assets.swiggy.com/swiggy/image/upload/fl_lossy,f_auto,q_auto,h_544,w_504/NI_CATALOG/IMAGES/CIW/2025/7/28/934ac752-d77b-4765-85c6-cab0c3f29eea_VO8YWAFROG.png",Endless playtime buds,1 unit,78,7990,1699,11 MINS,Organic,boAt Airdopes Prime Wireless Earbuds
Jayanagar 560041,21-12-2025,12:26:07 PM,"Hammer Airflow Plus In-Ear Truly Wireless Earbuds With Mic, 23 Hours Playtime, Sound Isolation, IPX4, Bluetooth v5.1 (Green)","https://instamart-media-assets.swiggy.com/swiggy/image/upload/fl_lossy,f_auto,q_auto,h_544,w_504/NI_CATALOG/IMAGES/CIW/2025/7/25/1abd8cd0-d5b0-434f-9f85-5b59b1f9fbe9_53UAG2RD0A.png","Long play, clear sound",1 unit,91,4999,429,11 MINS,Organic,boAt Airdopes Prime Wireless Earbuds
Jayanagar 560041,21-12-2025,12:26:07 PM,"Hammer Drop Bluetooth Speaker With Mic, 5W, 32 Hrs Playtime (Green)","https://instamart-media-assets.swiggy.com/swiggy/image/upload/fl_lossy,f_auto,q_auto,h_544,w_504/NI_CATALOG/IMAGES/CIW/2025/7/31/f6b223e5-d3ce-4272-9fef-0d9241b1689b_UK3Z6K1ZCI.png",Long-play speaker with rich sound,1 unit,88,3499,399,11 MINS,Organic,boAt Airdopes Prime Wireless Earbuds
Jayanagar 560041,21-12-2025,12:26:07 PM,"Hammer Drop Bluetooth Speaker With Mic, 5W, 32 Hrs Playtime (Beige)","https://instamart-media-assets.swiggy.com/swiggy/image/upload/fl_lossy,f_auto,q_auto,h_544,w_504/NI_CATALOG/IMAGES/CIW/2025/7/28/f6bf2c17-d8ef-4406-939f-bb26c6378fc8_JDOR0ZX557.png",Long-play portable speaker,1 unit,88,3499,399,11 MINS,Organic,boAt Airdopes Prime Wireless Earbuds
Jayanagar 560041,21-12-2025,12:26:07 PM,"boAt Stone 110 Bluetooth Speaker with 3W Signature Sound, Up to 15Hrs Playback, Built-In Mic, TWS Feature, Bluetooth v5.4, AUX Port, Voice Assistant & IPX4 Water Resistance(Raging Black)","https://instamart-media-assets.swiggy.com/swiggy/image/upload/fl_lossy,f_auto,q_auto,h_544,w_504/NI_CATALOG/IMAGES/CIW/2025/6/2/4cf4b13b-17ac-477c-b607-b4335c181974_525613_1.png","Pocket speaker, punchy sound",1 Piece,80,2499,499,11 MINS,Organic,boAt Airdopes Prime Wireless Earbuds
Jayanagar 560041,21-12-2025,12:26:07 PM,Dubstep Buzz X9 With 56 Hrs Playtime Enc Tws Earbuds (Black),"https://instamart-media-assets.swiggy.com/swiggy/image/upload/fl_lossy,f_auto,q_auto,h_544,w_504/NI_CATALOG/IMAGES/CIW/2025/6/12/442267da-bd06-4b30-bfc6-628434033fdc_279239_1.png","56H play, clear calls",1 pack,86,2999,399,11 MINS,Organic,boAt Airdopes Prime Wireless Earbuds
Jayanagar 560041,21-12-2025,12:26:07 PM,"Hammer Ultra Pods In-Ear Truly Wireless Earbuds With Mic, 30 Hours Playtime, IPX5, Bluetooth v5.3 (Blue)","https://instamart-media-assets.swiggy.com/swiggy/image/upload/fl_lossy,f_auto,q_auto,h_544,w_504/NI_CATALOG/IMAGES/CIW/2025/9/13/6a4e597a-97bc-48d8-b23f-1592f0f52c06_691558_1.png",Extended play earbuds,1 unit,87,3499,439,11 MINS,Organic,boAt Airdopes Prime Wireless Earbuds
Jayanagar 560041,21-12-2025,12:26:07 PM,Portronics Conch Theta C Type C Wired Earphone - White,"https://instamart-media-assets.swiggy.com/swiggy/image/upload/fl_lossy,f_auto,q_auto,h_544,w_504/NI_CATALOG/IMAGES/CIW/2025/7/28/021220db-3a91-4a6a-a461-43ba1938b6ae_NUCDCJBKHH.png","Stereo sound, compact design",1 unit,65,799,279,11 MINS,Organic,boAt Airdopes Prime Wireless Earbuds
Jayanagar 560041,21-12-2025,12:26:07 PM,"Dubstep Pop 600 (6W, 15 Hrs Playtime), Wireless Bluetooth Speaker with Mic v5.3, TWS Function (Grey)","https://instamart-media-assets.swiggy.com/swiggy/image/upload/fl_lossy,f_auto,q_auto,h_544,w_504/NI_CATALOG/IMAGES/CIW/2025/7/24/0420f37e-0183-43f6-9497-1ba2c1d5adb8_TX2WD0K4TS.png",Fun speaker with mic,1 unit,81,1999,379,11 MINS,Organic,boAt Airdopes Prime Wireless Earbuds
Jayanagar 560041,21-12-2025,12:26:07 PM,"Noise Pulse 2 Max Smart Watch, 1.85 Inches LCD Display, 7 Days Battery Life, Water Resistant, Bluetooth Calling (Pink)","https://instamart-media-assets.swiggy.com/swiggy/image/upload/fl_lossy,f_auto,q_auto,h_544,w_504/NI_CATALOG/IMAGES/CIW/2025/7/31/8ede9ee0-b448-4137-8637-818b64396f68_SNFM2VQO8K.png",Big screen smartwatch,1 unit,81,5999,1099,11 MINS,Organic,boAt Airdopes Prime Wireless Earbuds
Jayanagar 560041,21-12-2025,12:26:07 PM,"boAt Aavante Bar 590 with 25W RMS Stereo Sound,Up to 6 HRS Playback, Wireless Soundbar (Pebble Black)","https://instamart-media-assets.swiggy.com/swiggy/image/upload/fl_lossy,f_auto,q_auto,h_544,w_504/NI_CATALOG/IMAGES/CIW/2025/7/24/443533f9-da61-42ef-8349-15fe689995f6_3HT5R0KJ6O.png",Slim TV sound boost,1 pack,81,5990,1099,11 MINS,Organic,boAt Airdopes Prime Wireless Earbuds
Jayanagar 560041,21-12-2025,12:26:07 PM,"boAt Lunar Discovery With 1.39"" HD Display, Turn-by-Turn Navigation & DIY Face Studio-Active Black","https://instamart-media-assets.swiggy.com/swiggy/image/upload/fl_lossy,f_auto,q_auto,h_544,w_504/NI_CATALOG/IMAGES/CIW/2025/7/24/4fa32d53-d900-402c-9ab3-5bf14839a639_YV32KC0N16.png",Built-in GPS tracker,1 pack,82,8499,1499,11 MINS,Organic,boAt Airdopes Prime Wireless Earbuds
Jayanagar 560041,21-12-2025,12:26:07 PM,"Nu Republic Soundbar 20 (20W, 12 Hrs Playtime), Wireless Bluetooth Soundbar with Mic v5.3 (Black)","https://instamart-media-assets.swiggy.com/swiggy/image/upload/fl_lossy,f_auto,q_auto,h_544,w_504/NI_CATALOG/IMAGES/CIW/2025/4/22/2324630c-6912-4ae4-a0a2-3ed52c3a256d_814508_1.png",Compact Bluetooth soundbar,1 unit,85,4499,659,11 MINS,Organic,boAt Airdopes Prime Wireless Earbuds
Jayanagar 560041,21-12-2025,12:26:07 PM,"boAt Airdopes 280 ANC In Ear TWS Earbuds With Quad Mic, 60 Hours Playtime, ENx Tech (Black)","https://instamart-media-assets.swiggy.com/swiggy/image/upload/fl_lossy,f_auto,q_auto,h_544,w_504/NI_CATALOG/IMAGES/CIW/2025/7/30/e11437af-bef6-4d1c-ba60-79329ef0ccbe_DLB8YSJTNP.png",Quad-mic clarity,1 unit,81,6990,1299,11 MINS,Organic,boAt Airdopes Prime Wireless Earbuds
Jayanagar 560041,21-12-2025,12:26:07 PM,Portronics Conch Theta C Type C Wired Earphone - Black,"https://instamart-media-assets.swiggy.com/swiggy/image/upload/fl_lossy,f_auto,q_auto,h_544,w_504/NI_CATALOG/IMAGES/CIW/2025/4/21/51dacacd-eb82-4735-b181-28164846dc69_461617_1.png",Crystal-clear sound with rich bass,1 Piece,65,799,279,11 MINS,Organic,boAt Airdopes Prime Wireless Earbuds
Jayanagar 560041,21-12-2025,12:26:36 PM,Himalaya Purifying Neem Face Wash,"https://instamart-media-assets.swiggy.com/swiggy/image/upload/fl_lossy,f_auto,q_auto,h_544,w_504/NI_CATALOG/IMAGES/CIW/2025/7/21/bc908fc2-ec2a-4a6a-bc67-57db82b3e763_1319_01.png",Applied for Anti-acne & Pimples,100 ml,12,189,166,11 MINS,Organic,Himalaya Neem Purifying Face Wash
Jayanagar 560041,21-12-2025,12:26:36 PM,Himalaya Purifying Neem Face Wash,"https://instamart-media-assets.swiggy.com/swiggy/image/upload/fl_lossy,f_auto,q_auto,h_544,w_504/NI_CATALOG/IMAGES/CIW/2025/7/21/df1c3b57-6d59-4cf2-b5aa-ba6f93154af7_1320_01.png","Purifying Cleanse, Neem Power.",200 ml,18,449,368,11 MINS,Organic,Himalaya Neem Purifying Face Wash
Jayanagar 560041,21-12-2025,12:26:36 PM,Himalaya Purifying Neem Face Wash,"https://instamart-media-assets.swiggy.com/swiggy/image/upload/fl_lossy,f_auto,q_auto,h_544,w_504/NI_CATALOG/IMAGES/CIW/2025/7/21/59c22e93-d9c4-4778-828d-264bff4c28be_45133_01.png","Purifying Cleanse, Neem Power.",400 ml,25,599,449,11 MINS,Organic,Himalaya Neem Purifying Face Wash
Jayanagar 560041,21-12-2025,12:26:36 PM,Foxtale Vit C Super Glow Face Wash|Detan and Glow,"https://instamart-media-assets.swiggy.com/swiggy/image/upload/fl_lossy,f_auto,q_auto,h_544,w_504/NI_CATALOG/IMAGES/CIW/2025/10/18/d28ff220-2ef8-4ba3-bca5-98895bb2ee6e_109073_1.png",,100 ml,14,249,214,,Ad,Himalaya Neem Purifying Face Wash
Jayanagar 560041,21-12-2025,12:26:36 PM,Himalaya Purifying Neem Face Wash,"https://instamart-media-assets.swiggy.com/swiggy/image/upload/fl_lossy,f_auto,q_auto,h_544,w_504/NI_CATALOG/IMAGES/CIW/2025/7/21/115c41b1-7116-4470-afcc-81c4e040446e_95149_01.png","Purifying Cleanse, Neem Power.",300 ml,18,549,445,11 MINS,Organic,Himalaya Neem Purifying Face Wash
Jayanagar 560041,21-12-2025,12:26:36 PM,Himalaya Purifying Neem Foaming Face Wash,"https://instamart-media-assets.swiggy.com/swiggy/image/upload/fl_lossy,f_auto,q_auto,h_544,w_504/NI_CATALOG/IMAGES/CIW/2025/3/21/3d0afdf5-a858-4f6a-8f77-e0cca792e82f_3801_1.png",,150 ml x 2,14,550,472,11 MINS,Organic,Himalaya Neem Purifying Face Wash
Jayanagar 560041,21-12-2025,12:26:36 PM,Himalaya Purifying Neem Face Pack,"https://instamart-media-assets.swiggy.com/swiggy/image/upload/fl_lossy,f_auto,q_auto,h_544,w_504/2a17643d35b9ae26f07a485fb9c3814a",Herbal face pack with neem to fight acne and cleanse skin.,100 g,13,160,139,11 MINS,Organic,Himalaya Neem Purifying Face Wash
Jayanagar 560041,21-12-2025,12:26:36 PM,Himalaya Natural Glow Kesar Face Wash,"https://instamart-media-assets.swiggy.com/swiggy/image/upload/fl_lossy,f_auto,q_auto,h_544,w_504/NI_CATALOG/IMAGES/CIW/2025/2/26/a6c2196b-b0a9-4883-9b06-43b07d25d1b9_62028_1.png",Brightening face wash with saffron for glowing skin,150 ml,17,279,229,11 MINS,Organic,Himalaya Neem Purifying Face Wash
Jayanagar 560041,21-12-2025,12:26:36 PM,Himalaya Oil Clear Lemon Face Wash,"https://instamart-media-assets.swiggy.com/swiggy/image/upload/fl_lossy,f_auto,q_auto,h_544,w_504/NI_CATALOG/IMAGES/CIW/2025/2/26/26c25f7d-0d76-454c-8a9d-7369bb6b6cdc_88371_1.png",Cleanses oily skin with refreshing lemon.,200 ml,18,399,327,11 MINS,Organic,Himalaya Neem Purifying Face Wash
Jayanagar 560041,21-12-2025,12:26:36 PM,Himalaya Poll Detox Charcoal Face Wash,"https://instamart-media-assets.swiggy.com/swiggy/image/upload/fl_lossy,f_auto,q_auto,h_544,w_504/NI_CATALOG/IMAGES/CIW/2024/11/30/f2cfedad-6670-47c0-b534-466739bfa7fb_134857_1.png",Detox face wash with charcoal for pollution defense,100 g,15,220,185,11 MINS,Organic,Himalaya Neem Purifying Face Wash
Jayanagar 560041,21-12-2025,12:26:36 PM,Everyuth Purifying Neem Facewash,"https://instamart-media-assets.swiggy.com/swiggy/image/upload/fl_lossy,f_auto,q_auto,h_544,w_504/NI_CATALOG/IMAGES/CIW/2025/9/20/d7ca30f5-f448-44d2-b2e3-19e63b508bbe_26967_1.png",Neem-based cleanser for clear skin,150 g,39,225,137,11 MINS,Organic,Himalaya Neem Purifying Face Wash
Jayanagar 560041,21-12-2025,12:26:36 PM,Himalaya B Vitamin C Blueberry Face Wash,"https://instamart-media-assets.swiggy.com/swiggy/image/upload/fl_lossy,f_auto,q_auto,h_544,w_504/NI_CATALOG/IMAGES/CIW/2024/7/27/1449a050-4197-40af-820d-13d3c977fccb_facewash_RAY6VPJC6K_MN.png",Antioxidant-rich face wash for brighter skin,100 ml,17,209,173,11 MINS,Organic,Himalaya Neem Purifying Face Wash
Jayanagar 560041,21-12-2025,12:26:36 PM,Cetaphil Gentle Skin Cleanser Face Wash,"https://instamart-media-assets.swiggy.com/swiggy/image/upload/fl_lossy,f_auto,q_auto,h_544,w_504/NI_CATALOG/IMAGES/CIW/2025/7/6/ac0bf488-adda-419b-83f0-1708d9b3e5dd_64716_1.png",Gentle face cleanser for daily use,125 ml,11,429,378,11 MINS,Organic,Himalaya Neem Purifying Face Wash
Jayanagar 560041,21-12-2025,12:26:36 PM,Himalaya Neem & Turmeric Soap,"https://instamart-media-assets.swiggy.com/swiggy/image/upload/fl_lossy,f_auto,q_auto,h_544,w_504/vykjrb9mfkjfi2jnquia",Antibacterial herbal soap for clear skin,125 g,11,60,53,11 MINS,Organic,Himalaya Neem Purifying Face Wash
Jayanagar 560041,21-12-2025,12:26:36 PM,Himalaya Under Eye Cream,"https://instamart-media-assets.swiggy.com/swiggy/image/upload/fl_lossy,f_auto,q_auto,h_544,w_504/alfqownixkdf6slaoerm",Herbal cream to reduce dark circles and fine lines,15 ml,16,225,189,11 MINS,Organic,Himalaya Neem Purifying Face Wash
Jayanagar 560041,21-12-2025,12:26:36 PM,Himalaya Moisturizing Aloe Vera Face Gel,"https://instamart-media-assets.swiggy.com/swiggy/image/upload/fl_lossy,f_auto,q_auto,h_544,w_504/NI_CATALOG/IMAGES/CIW/2025/1/10/5f2f9db1-a100-4b26-b321-c1c8edb98cf7_44273_1.png","Soothing & Hydrating, Aloe Vera Gel.",100 ml,13,90,78,11 MINS,Organic,Himalaya Neem Purifying Face Wash
Jayanagar 560041,21-12-2025,12:26:36 PM,Himalaya Aloe & Cucumder Refreshing Body Lotion,"https://instamart-media-assets.swiggy.com/swiggy/image/upload/fl_lossy,f_auto,q_auto,h_544,w_504/00bf0693842ca56560835d3ec865f30c",Refreshing body lotion for summer hydration,400 ml,18,399,327,11 MINS,Organic,Himalaya Neem Purifying Face Wash
Jayanagar 560041,21-12-2025,12:26:36 PM,Himalaya Moisturising Aloe Vera Facial Wipes - 25 Wipes,"https://instamart-media-assets.swiggy.com/swiggy/image/upload/fl_lossy,f_auto,q_auto,h_544,w_504/7df9473a9067066e3c5ce550c35bf423",Hydrating Aloe Vera Wipes for Fresh Skin Anytime,1 pack,13,120,104,11 MINS,Organic,Himalaya Neem Purifying Face Wash
Jayanagar 560041,21-12-2025,12:26:36 PM,Himalaya Dark Spot Cl Turmeric Face Pack,"https://instamart-media-assets.swiggy.com/swiggy/image/upload/fl_lossy,f_auto,q_auto,h_544,w_504/NI_CATALOG/IMAGES/CIW/2025/4/1/63787726-1d64-47f3-89bf-03373e47951e_887214_1.png",Turmeric face pack for reducing dark spots,100 g,12,210,183,11 MINS,Organic,Himalaya Neem Purifying Face Wash
Jayanagar 560041,21-12-2025,12:26:36 PM,Himalaya Anti-Hair Fall Bhringaraja Shampoo,"https://instamart-media-assets.swiggy.com/swiggy/image/upload/fl_lossy,f_auto,q_auto,h_544,w_504/e1b7ba9e74287a45e8d85ad0fb129e06",Herbal shampoo to reduce hair fall and strengthen roots.,340 ml,16,319,265,11 MINS,Organic,Himalaya Neem Purifying Face Wash
Jayanagar 560041,21-12-2025,12:26:36 PM,Himalaya Almond & Rose Soap,"https://instamart-media-assets.swiggy.com/swiggy/image/upload/fl_lossy,f_auto,q_auto,h_544,w_504/x3bbk9aq3cv3lcmg3rcs",Moisturizing bathing soap with almond & rose extracts,125 g,11,60,53,11 MINS,Organic,Himalaya Neem Purifying Face Wash
Jayanagar 560041,21-12-2025,12:26:36 PM,Himalaya anti-dandruff tea tree shampoo,"https://instamart-media-assets.swiggy.com/swiggy/image/upload/fl_lossy,f_auto,q_auto,h_544,w_504/NI_CATALOG/IMAGES/CIW/2025/3/8/dbbe1028-c19e-484a-81d5-ad4c660b8df3_88387_1.png",Controls dandruff with soothing tea tree formula.,1 ltr,39,1059,638,11 MINS,Organic,Himalaya Neem Purifying Face Wash
Jayanagar 560041,21-12-2025,12:26:36 PM,Clean & Clear Foaming Face Wash,"https://instamart-media-assets.swiggy.com/swiggy/image/upload/fl_lossy,f_auto,q_auto,h_544,w_504/ixavngmca1fvckii5b38","Deep Cleanse, Foaming Formula.",100 ml,8,199,183,11 MINS,Organic,Himalaya Neem Purifying Face Wash
Jayanagar 560041,21-12-2025,12:26:36 PM,Himalaya Anti Hair Fall Bhringaraja Conditioner,"https://instamart-media-assets.swiggy.com/swiggy/image/upload/fl_lossy,f_auto,q_auto,h_544,w_504/NI_CATALOG/IMAGES/CIW/2025/3/8/d5efb327-2d4e-4acd-ba77-8d0beebfc127_808164_1.png",Conditioner to reduce hair fall and improve strength,180 ml,15,199,169,11 MINS,Organic,Himalaya Neem Purifying Face Wash
Jayanagar 560041,21-12-2025,12:26:36 PM,Everyuth Walnut Scrub and Purifying Neem Facewash Combo,"https://instamart-media-assets.swiggy.com/swiggy/image/upload/fl_lossy,f_auto,q_auto,h_544,w_504/a71c4638f779e18bff1f327a1d91625e",Deep-cleansing skincare duo,1 combo,24,435,328,11 MINS,Organic,Himalaya Neem Purifying Face Wash
Jayanagar 560041,21-12-2025,12:26:36 PM,Winter cherry & Aloe Nourishing Serum,"https://instamart-media-assets.swiggy.com/swiggy/image/upload/fl_lossy,f_auto,q_auto,h_544,w_504/NI_CATALOG/IMAGES/CIW/2025/11/12/f9386769-7a5d-45bc-a2a4-1ca0dac127c3_1557_1.png",Herbal body lotion for deep nourishment and hydration,400 ml,18,399,327,11 MINS,Organic,Himalaya Neem Purifying Face Wash
Jayanagar 560041,21-12-2025,12:26:36 PM,Himalaya Cocoa Butter Intensive Serum Body Lotion,"https://instamart-media-assets.swiggy.com/swiggy/image/upload/fl_lossy,f_auto,q_auto,h_544,w_504/NI_CATALOG/IMAGES/CIW/2025/11/6/8fb5b687-3f7d-4af9-8116-b55357a96d03_53283_1.png",Intensive care lotion for dry skin with cocoa butter nourishment.,400 ml,40,445,265,11 MINS,Organic,Himalaya Neem Purifying Face Wash
Jayanagar 560041,21-12-2025,12:26:36 PM,Himalaya Tan Removal Orange Peel-Off Mask,"https://instamart-media-assets.swiggy.com/swiggy/image/upload/fl_lossy,f_auto,q_auto,h_544,w_504/213cce68d94d7424c3545eeae695979e","Orange peel mask for clear, tan-free skin",100 g,12,180,157,11 MINS,Organic,Himalaya Neem Purifying Face Wash
Jayanagar 560041,21-12-2025,12:26:36 PM,Biotique Fresh Neem Pimple Control Face Wash,"https://instamart-media-assets.swiggy.com/swiggy/image/upload/fl_lossy,f_auto,q_auto,h_544,w_504/b7d98b6bce1f23bde8aa4df228b3fbf9",Ayurvedic neem cleanser for acne-prone skin,200 ml,22,299,233,11 MINS,Organic,Himalaya Neem Purifying Face Wash
Jayanagar 560041,21-12-2025,12:26:36 PM,Everyuth Purifying Neem Facewash and Tan Removal Choco Cherry Combo,"https://instamart-media-assets.swiggy.com/swiggy/image/upload/fl_lossy,f_auto,q_auto,h_544,w_504/589d6b7bdc0c4f18f66933faae82350b",Skincare combo for cleansing and glow,1 combo,25,365,272,11 MINS,Organic,Himalaya Neem Purifying Face Wash
Jayanagar 560041,21-12-2025,12:26:36 PM,Clean & Clear Foaming Face Wash,"https://instamart-media-assets.swiggy.com/swiggy/image/upload/fl_lossy,f_auto,q_auto,h_544,w_504/NI_CATALOG/IMAGES/CIW/2025/9/23/617c7f30-2b3c-475c-8fbf-6c9b7497c7ea_8908_1.png",Oil-free daily face wash for clean and clear skin,150 ml,4,285,271,11 MINS,Organic,Himalaya Neem Purifying Face Wash
Jayanagar 560041,21-12-2025,12:26:36 PM,Biotique Bio Papaya Face Wash,"https://instamart-media-assets.swiggy.com/swiggy/image/upload/fl_lossy,f_auto,q_auto,h_544,w_504/NI_CATALOG/IMAGES/CIW/2025/9/20/e1e9bdcd-3d37-4b2e-9bce-08df57d1b38c_7363_1.png","Brightening Cleanse, Papaya Power.",100 ml,17,199,165,11 MINS,Organic,Himalaya Neem Purifying Face Wash
Jayanagar 560041,21-12-2025,12:27:08 PM,Bombay Shaving Company Sensi Smart 3 Razor,"https://instamart-media-assets.swiggy.com/swiggy/image/upload/fl_lossy,f_auto,q_auto,h_544,w_504/NI_CATALOG/IMAGES/CIW/2025/8/7/d5b0bd6a-2d8e-425c-b000-0000a2d1b0d6_73824_1.png",Triple blade razor for sensitive skin,1 pack,33,149,99,11 MINS,Organic,Bombay Shaving Company Classic Safety Razor
Jayanagar 560041,21-12-2025,12:27:08 PM,Bombay Shaving Company Sensi Flo 6 Razor Cartridge For Men,"https://instamart-media-assets.swiggy.com/swiggy/image/upload/fl_lossy,f_auto,q_auto,h_544,w_504/3170412fb850742419800506d7d1c74f",6-blade razor cartridge for a smooth and gentle shave,4 pieces,10,999,899,11 MINS,Organic,Bombay Shaving Company Classic Safety Razor
Jayanagar 560041,21-12-2025,12:27:08 PM,Oye Happy Whistle Blower,"https://instamart-media-assets.swiggy.com/swiggy/image/upload/fl_lossy,f_auto,q_auto,h_544,w_504/NI_CATALOG/IMAGES/CIW/2024/12/13/48799e86-7394-4f49-94a3-f53e453ce9f2_379874_1.png",Fun novelty gift designed for cheeky surprises,2 pieces,40,399,239,11 MINS,Organic,Bombay Shaving Company Classic Safety Razor
Jayanagar 560041,21-12-2025,12:27:08 PM,"Bombay Shaving Company Premium Shaving Kit for Men (5-in-1 Grooming Combo, 400 g)","https://instamart-media-assets.swiggy.com/swiggy/image/upload/fl_lossy,f_auto,q_auto,h_544,w_504/NI_CATALOG/IMAGES/CIW/2025/8/7/3a17c1b9-dd2e-4298-ad1f-82520554628f_22328_1.png",Elevate your daily ritual into a moment of luxury and self-care.,400 g,43,799,449,11 MINS,Organic,Bombay Shaving Company Classic Safety Razor
Jayanagar 560041,21-12-2025,12:27:08 PM,Gillette Mach3 Shaving Blades Cartridges (Pack of 6),"https://instamart-media-assets.swiggy.com/swiggy/image/upload/fl_lossy,f_auto,q_auto,h_544,w_504/NI_CATALOG/IMAGES/CIW/2025/11/11/fb41fb67-61d0-4a4c-952c-863c44588968_14714_1.png",Replacement blades for a smooth Mach 3 shave,6 pieces,5,890,845,11 MINS,Organic,Bombay Shaving Company Classic Safety Razor
Jayanagar 560041,21-12-2025,12:27:08 PM,Gillette Fusion Manual Shaving Razor Blades Cartridge,"https://instamart-media-assets.swiggy.com/swiggy/image/upload/fl_lossy,f_auto,q_auto,h_544,w_504/NI_CATALOG/IMAGES/CIW/2025/9/20/267af2d0-fb9e-44fb-bc6a-896fe59bcbcb_14712_1.png",Precision 5-blade cartridges for a smooth shave,4 pieces,,,,11 MINS,Organic,Bombay Shaving Company Classic Safety Razor
Jayanagar 560041,21-12-2025,12:27:08 PM,Gillette Presto Ready Shaver 5 Cartridges,"https://instamart-media-assets.swiggy.com/swiggy/image/upload/fl_lossy,f_auto,q_auto,h_544,w_504/NI_CATALOG/IMAGES/CIW/2024/12/9/1d9a93f4-f070-4018-8418-92819433a26b_510_1.png","Disposable razors for quick, clean shaving",5 pieces,,,,11 MINS,Organic,Bombay Shaving Company Classic Safety Razor
Jayanagar 560041,21-12-2025,12:27:08 PM,Gillette Regular Shaving Foam,"https://instamart-media-assets.swiggy.com/swiggy/image/upload/fl_lossy,f_auto,q_auto,h_544,w_504/b4dac81d4649ef5d2f5a3514fc92bcc0",Rich lather shaving foam for a smooth shave,50 g,,,,11 MINS,Organic,Bombay Shaving Company Classic Safety Razor
Jayanagar 560041,21-12-2025,12:27:08 PM,Gillette Venus Simply - Hair Removal Razor For Women 3 Blades,"https://instamart-media-assets.swiggy.com/swiggy/image/upload/fl_lossy,f_auto,q_auto,h_544,w_504/ed914cf97c69aadb8ee4ca159c36ee3f",3-blade disposable razor for smooth shaving,1 Piece,,,,11 MINS,Organic,Bombay Shaving Company Classic Safety Razor
Jayanagar 560041,21-12-2025,12:27:08 PM,Gillette Mach3 Razor Light Shaving Razor for Men,"https://instamart-media-assets.swiggy.com/swiggy/image/upload/fl_lossy,f_auto,q_auto,h_544,w_504/NI_CATALOG/IMAGES/CIW/2025/6/6/f69de37b-8385-42da-8146-cf772d0dc035_276334_1.png","Smooth Shave, Precision Engineering.",1 Piece,,,,11 MINS,Organic,Bombay Shaving Company Classic Safety Razor
Jayanagar 560041,21-12-2025,12:27:08 PM,Gillette Guard 3 Razor - With 2 Catridges,"https://instamart-media-assets.swiggy.com/swiggy/image/upload/fl_lossy,f_auto,q_auto,h_544,w_504/af9daa4636ce37953b98a54e66032ca4",Triple blade razor with 2 cartridges,2 pieces,,,,11 MINS,Organic,Bombay Shaving Company Classic Safety Razor
Jayanagar 560041,21-12-2025,12:27:08 PM,Gillette Mach3 Cartridge Blade,"https://instamart-media-assets.swiggy.com/swiggy/image/upload/fl_lossy,f_auto,q_auto,h_544,w_504/NI_CATALOG/IMAGES/CIW/2025/1/22/722fbb46-7352-4d48-a8e5-6699e425200d_1609_1.png",Precision 3-blade cartridge for smooth shave,1 Piece,,,,11 MINS,Organic,Bombay Shaving Company Classic Safety Razor
Jayanagar 560041,21-12-2025,12:27:08 PM,Gillette Fusion Manual Shaving Razor Blades Cartridge and Classic Foam Shave Combo,"https://instamart-media-assets.swiggy.com/swiggy/image/upload/fl_lossy,f_auto,q_auto,h_544,w_504/NI_CATALOG/IMAGES/CIW/2024/10/2/76b51d89-a7e4-49f5-8bb1-646afee5c4ce_858997_1.png",,1 combo,,,,11 MINS,Organic,Bombay Shaving Company Classic Safety Razor
Jayanagar 560041,21-12-2025,12:27:08 PM,Gillette Venus Smooth Hair Removal Razor For Women With Aloe Vera,"https://instamart-media-assets.swiggy.com/swiggy/image/upload/fl_lossy,f_auto,q_auto,h_544,w_504/NI_CATALOG/IMAGES/CIW/2025/4/7/a15e77e6-c726-447f-a460-e00d8ff20fe8_18101_1.png","Aloe-infused razor for a close, smooth shave",1 Piece,,,,11 MINS,Organic,Bombay Shaving Company Classic Safety Razor
Jayanagar 560041,21-12-2025,12:27:08 PM,Bombay Shaving Company Premium Perfume Set for Men (300 g Gift Set),"https://instamart-media-assets.swiggy.com/swiggy/image/upload/fl_lossy,f_auto,q_auto,h_544,w_504/NI_CATALOG/IMAGES/CIW/2025/8/31/0c53c8d9-ab90-4fff-b815-ab0fe466acb1_67837_1.png",Curated Scents for Every Destination and Moment,90 ml,66,1495,499,11 MINS,Organic,Bombay Shaving Company Classic Safety Razor
Jayanagar 560041,21-12-2025,12:27:08 PM,Bombay Shaving Company Natural Antiseptic & Astringent Alum or Fitkari Bar,"https://instamart-media-assets.swiggy.com/swiggy/image/upload/fl_lossy,f_auto,q_auto,h_544,w_504/NI_CATALOG/IMAGES/CIW/2025/11/17/529f36c6-460c-478b-91e2-7d4f8d9c6584_473786_1.png","Natural Shaving, Alum Block.",100 g,,,,11 MINS,Organic,Bombay Shaving Company Classic Safety Razor
Jayanagar 560041,21-12-2025,12:27:08 PM,Gillette Mach 3 Shaving Blades And Pre Shave Foam Classic Sensitive Skin,"https://instamart-media-assets.swiggy.com/swiggy/image/upload/fl_lossy,f_auto,q_auto,h_544,w_504/b8fef394304022f200980dbd25538b9b",Smooth shave with sensitive care formula,1 combo,3,1165,1120,11 MINS,Organic,Bombay Shaving Company Classic Safety Razor
Jayanagar 560041,21-12-2025,12:27:08 PM,Gillette Venus Comfortglide Hair Removal Razor For Women With Avocado Oils & Body Butter,"https://instamart-media-assets.swiggy.com/swiggy/image/upload/fl_lossy,f_auto,q_auto,h_544,w_504/NI_CATALOG/IMAGES/CIW/2025/4/7/7b5aafa0-975b-42c1-9508-768dfb2d3faa_26786_1.png",Women’s razor with avocado oils for smooth shave,1 Piece,10,375,337,11 MINS,Organic,Bombay Shaving Company Classic Safety Razor
Jayanagar 560041,21-12-2025,12:27:08 PM,Gillette Venus Bikini Sensitive Hair Removal Razor| Intimate Care| Derm Tested | No Irritation,"https://instamart-media-assets.swiggy.com/swiggy/image/upload/fl_lossy,f_auto,q_auto,h_544,w_504/ef947ac3b78f725fbfd3848fa5b2eb80","Gentle razor for intimate areas, dermatologist-tested",1 Piece,,,,11 MINS,Organic,Bombay Shaving Company Classic Safety Razor
Jayanagar 560041,21-12-2025,12:27:08 PM,Gillette Sensitive Shaving Foam,"https://instamart-media-assets.swiggy.com/swiggy/image/upload/fl_lossy,f_auto,q_auto,h_544,w_504/NI_CATALOG/IMAGES/CIW/2024/12/4/2bd6e375-5b70-4e0f-ab7e-b9118b52ed3f_8_1.png",Gentle shaving foam for sensitive skin,418 g,,,,11 MINS,Organic,Bombay Shaving Company Classic Safety Razor
Jayanagar 560041,21-12-2025,12:27:08 PM,Gillette Fusion Shaving 5 Bladed Cartridges And Pre Shave Foam Classic Sensitive Skin,"https://instamart-media-assets.swiggy.com/swiggy/image/upload/fl_lossy,f_auto,q_auto,h_544,w_504/14837b197e509f37c994d8d06aa3cda1",Shaving Combo for Sensitive Skin,1 combo,4,1997,1911,11 MINS,Organic,Bombay Shaving Company Classic Safety Razor
Jayanagar 560041,21-12-2025,12:27:08 PM,Gillette Classic Foam Shave Regular Lathers Quickly & Hydrates,"https://instamart-media-assets.swiggy.com/swiggy/image/upload/fl_lossy,f_auto,q_auto,h_544,w_504/NI_CATALOG/IMAGES/CIW/2024/12/4/cdc230c5-08c4-45e1-b465-0dcfc9b9b115_9779_1.png","Quick lather, classic clean shave",418 g,,,,11 MINS,Organic,Bombay Shaving Company Classic Safety Razor
Jayanagar 560041,21-12-2025,12:27:08 PM,Gillette Mach3 Shaving 3Bladed Cartridges And Pre Shave Foam Classic Sensitive Skin,"https://instamart-media-assets.swiggy.com/swiggy/image/upload/fl_lossy,f_auto,q_auto,h_544,w_504/e3044195a28af6742c957411cb77a87c",Classic sensitive shaving combo,1 combo,6,1730,1614,11 MINS,Organic,Bombay Shaving Company Classic Safety Razor
Jayanagar 560041,21-12-2025,12:27:08 PM,Gillette Mach3 Men’s Razor with 2 Cartridges,"https://instamart-media-assets.swiggy.com/swiggy/image/upload/fl_lossy,f_auto,q_auto,h_544,w_504/NI_CATALOG/IMAGES/CIW/2025/4/17/cf6e02c7-a3e3-415c-9e5c-c39ba08cb3bf_10888_1.png",3-blade razor for a smooth and clean shave,1 Piece,8,437,402,11 MINS,Organic,Bombay Shaving Company Classic Safety Razor
Jayanagar 560041,21-12-2025,12:27:08 PM,AZAH Face Razor For Women (Pack Of 3),"https://instamart-media-assets.swiggy.com/swiggy/image/upload/fl_lossy,f_auto,q_auto,h_544,w_504/NI_CATALOG/IMAGES/CIW/2025/8/7/7bc37283-c39a-47ce-bc56-3f9a94b5323a_509809_1.png","Smooth Skin, Reusable Razor. 3-pack for ultimate convenience.",3 pieces,20,119,95,11 MINS,Organic,Bombay Shaving Company Classic Safety Razor
Jayanagar 560041,21-12-2025,12:27:08 PM,Gillette Proglide Mens Grooming Razor With Flexball Technology,"https://instamart-media-assets.swiggy.com/swiggy/image/upload/fl_lossy,f_auto,q_auto,h_544,w_504/NI_CATALOG/IMAGES/CIW/2025/9/20/bed24922-aa34-4971-b66e-4844a4be2b1a_21461_1.png",Precision razor with Flexball technology,1 pack,5,575,546,11 MINS,Organic,Bombay Shaving Company Classic Safety Razor
Jayanagar 560041,21-12-2025,12:27:08 PM,Gillette Fusion Shaving 5 Cartridges & Classic Foam Shave Lathers Quickly & Hydrates,"https://instamart-media-assets.swiggy.com/swiggy/image/upload/fl_lossy,f_auto,q_auto,h_544,w_504/524743c13a59b0f632115d56979ffe3b",Smooth shaving combo with 5-blade cartridges,1 combo,4,2012,1926,11 MINS,Organic,Bombay Shaving Company Classic Safety Razor
Jayanagar 560041,21-12-2025,12:27:08 PM,Furr By Pee Safe Safe Reusable German Blade Face Razor For Women,"https://instamart-media-assets.swiggy.com/swiggy/image/upload/fl_lossy,f_auto,q_auto,h_544,w_504/NI_CATALOG/IMAGES/CIW/2025/7/14/992d6534-55ec-4924-9860-c5bfad047d5d_91968_1.png",Face razor with precision German blade,1 Piece,10,99,89,11 MINS,Organic,Bombay Shaving Company Classic Safety Razor
Jayanagar 560041,21-12-2025,12:27:08 PM,Gillette Mach3 Shaving Cartridges & Classic Foam Shave Regular Lathers Quickly & Hydrates,"https://instamart-media-assets.swiggy.com/swiggy/image/upload/fl_lossy,f_auto,q_auto,h_544,w_504/9f56d9947a09491b746b751d1094dacf",Blades & Foam for Smooth Shaving,1 combo,6,1745,1629,11 MINS,Organic,Bombay Shaving Company Classic Safety Razor
Jayanagar 560041,21-12-2025,12:27:08 PM,Gillette Fusion Shaving 5-Bladed Cartridges (Pack of 6),"https://instamart-media-assets.swiggy.com/swiggy/image/upload/fl_lossy,f_auto,q_auto,h_544,w_504/NI_CATALOG/IMAGES/CIW/2025/11/11/0720545f-a45b-472b-92eb-8f28884bca6f_21459_1.png",Precision shave with 5-blade cartridges,6 pack,4,1722,1636,11 MINS,Organic,Bombay Shaving Company Classic Safety Razor
Jayanagar 560041,21-12-2025,12:27:08 PM,Sanfe Reusable Eyebrow Touch Up Hair Removing Face Razor For Women,"https://instamart-media-assets.swiggy.com/swiggy/image/upload/fl_lossy,f_auto,q_auto,h_544,w_504/NI_CATALOG/IMAGES/CIW/2024/12/20/8fab16ea-bbe3-402a-a4d7-f20fee928bda_79027_1.png","Precise Shaping, Reusable Razor.",3 units,8,99,91,11 MINS,Organic,Bombay Shaving Company Classic Safety Razor
Jayanagar 560041,21-12-2025,12:27:08 PM,Gillette Mach 3 Shaving Blades & Classic Foam Shave Regular Lathers Quickly & Hydrates,"https://instamart-media-assets.swiggy.com/swiggy/image/upload/fl_lossy,f_auto,q_auto,h_544,w_504/f7bbb876d02bf1e7bdb67d98870566ac",3-blade razor with hydrating foam,1 combo,3,1180,1135,11 MINS,Organic,Bombay Shaving Company Classic Safety Razor
Jayanagar 560041,21-12-2025,12:27:41 PM,Himalaya B Vitamin C Blueberry Face Wash,"https://instamart-media-assets.swiggy.com/swiggy/image/upload/fl_lossy,f_auto,q_auto,h_544,w_504/NI_CATALOG/IMAGES/CIW/2024/7/27/1449a050-4197-40af-820d-13d3c977fccb_facewash_RAY6VPJC6K_MN.png",Antioxidant-rich face wash for brighter skin,100 ml,17,209,173,11 MINS,Organic,Himalaya Brightening Blueberry Face Wash
Jayanagar 560041,21-12-2025,12:27:41 PM,Himalaya Natural Glow Kesar Face Wash,"https://instamart-media-assets.swiggy.com/swiggy/image/upload/fl_lossy,f_auto,q_auto,h_544,w_504/NI_CATALOG/IMAGES/CIW/2025/2/26/a6c2196b-b0a9-4883-9b06-43b07d25d1b9_62028_1.png",Brightening face wash with saffron for glowing skin,150 ml,17,279,229,11 MINS,Organic,Himalaya Brightening Blueberry Face Wash
Jayanagar 560041,21-12-2025,12:27:41 PM,Himalaya Purifying Neem Face Wash,"https://instamart-media-assets.swiggy.com/swiggy/image/upload/fl_lossy,f_auto,q_auto,h_544,w_504/NI_CATALOG/IMAGES/CIW/2025/7/21/bc908fc2-ec2a-4a6a-bc67-57db82b3e763_1319_01.png",Applied for Anti-acne & Pimples,100 ml,12,189,166,11 MINS,Organic,Himalaya Brightening Blueberry Face Wash
Jayanagar 560041,21-12-2025,12:27:41 PM,Cetaphil Gentle Skin Cleanser Face Wash,"https://instamart-media-assets.swiggy.com/swiggy/image/upload/fl_lossy,f_auto,q_auto,h_544,w_504/NI_CATALOG/IMAGES/CIW/2025/7/6/ac0bf488-adda-419b-83f0-1708d9b3e5dd_64716_1.png",Gentle face cleanser for daily use,125 ml,11,429,378,11 MINS,Organic,Himalaya Brightening Blueberry Face Wash
Jayanagar 560041,21-12-2025,12:27:41 PM,Parachute Pure Coconut Oil,"https://instamart-media-assets.swiggy.com/swiggy/image/upload/fl_lossy,f_auto,q_auto,h_544,w_504/NI_CATALOG/IMAGES/CIW/2024/4/2/6e299a16-3ee1-4ce3-b590-57f78135d7c0_hairandbodyoils_K8167JQB2X_MN.png",Pure and natural coconut oil,200 ml,5,155,147,11 MINS,Organic,Himalaya Brightening Blueberry Face Wash
Jayanagar 560041,21-12-2025,12:27:41 PM,Lux Shower Gel Black Orchid Fragrance & Juniper Oil Bodywash,"https://instamart-media-assets.swiggy.com/swiggy/image/upload/fl_lossy,f_auto,q_auto,h_544,w_504/NI_CATALOG/IMAGES/CIW/2025/3/17/ee26a6c2-9b67-431f-90e4-be91859f8da1_17782_1.png",Luxurious bodywash with orchid and juniper,245 ml,,,,11 MINS,Organic,Himalaya Brightening Blueberry Face Wash
Jayanagar 560041,21-12-2025,12:27:41 PM,"Chemist At Play Exfoliating Body Wash | Shower Gel with 4% Lactic Acid, Salicylic Acid","https://instamart-media-assets.swiggy.com/swiggy/image/upload/fl_lossy,f_auto,q_auto,h_544,w_504/NI_CATALOG/IMAGES/CIW/2025/4/11/a88026ce-16df-4fb5-83f5-a2b39885b5fb_63434_1.png",Gentle Body Cleanser with Lactic & Salicylic Acid,236 ml,15,399,339,11 MINS,Organic,Himalaya Brightening Blueberry Face Wash
Jayanagar 560041,21-12-2025,12:27:41 PM,Minimalist Salicylic Acid Face Wash For Acne & Oil Control,"https://instamart-media-assets.swiggy.com/swiggy/image/upload/fl_lossy,f_auto,q_auto,h_544,w_504/NI_CATALOG/IMAGES/CIW/2025/9/9/bc90786f-f699-4d09-8a45-a7cf3294cfdc_18467_1.png",2% Salicylic Acid Face Wash For Acne & Oil Control,100 ml,5,299,284,11 MINS,Organic,Himalaya Brightening Blueberry Face Wash
Jayanagar 560041,21-12-2025,12:27:41 PM,O3+ Brightening & Whitening Face Wash,"https://instamart-media-assets.swiggy.com/swiggy/image/upload/fl_lossy,f_auto,q_auto,h_544,w_504/NI_CATALOG/IMAGES/CIW/2025/5/27/e3f1bf4c-43d6-454e-8326-b42628eee88e_815636_1.png",,100 ml,7,485,451,11 MINS,Organic,Himalaya Brightening Blueberry Face Wash
Jayanagar 560041,21-12-2025,12:27:41 PM,Biotique Fruit Brightening Face Wash,"https://instamart-media-assets.swiggy.com/swiggy/image/upload/fl_lossy,f_auto,q_auto,h_544,w_504/NI_CATALOG/IMAGES/CIW/2024/5/25/c5338cec-faf7-4b88-b007-6fe8e55227e4_facewash_K360L8T2CA_MN.png",Brightening face wash with fruit extracts,200 ml,26,320,234,11 MINS,Organic,Himalaya Brightening Blueberry Face Wash
Jayanagar 560041,21-12-2025,12:27:41 PM,Everyuth Naturals Brightening Lemon & Cherry Face Wash,"https://instamart-media-assets.swiggy.com/swiggy/image/upload/fl_lossy,f_auto,q_auto,h_544,w_504/NI_CATALOG/IMAGES/CIW/2024/5/17/3d292b0a-be81-4ad9-9341-5b0e91b86acf_facewash_XS16HPWM7D_MN.png",Brightening face wash with citrus extracts,150 g,39,225,137,11 MINS,Organic,Himalaya Brightening Blueberry Face Wash
Jayanagar 560041,21-12-2025,12:27:41 PM,Biotique Fruit Brightening Face Wash,"https://instamart-media-assets.swiggy.com/swiggy/image/upload/fl_lossy,f_auto,q_auto,h_544,w_504/3c2208591ca1299a9bf813d2c9ea0e06",Ayurvedic blend for radiant skin with fruit extracts,150 ml,10,250,225,11 MINS,Organic,Himalaya Brightening Blueberry Face Wash
Jayanagar 560041,21-12-2025,12:27:41 PM,Simple Kind To Skin Refreshing Facial Wash,"https://instamart-media-assets.swiggy.com/swiggy/image/upload/fl_lossy,f_auto,q_auto,h_544,w_504/NI_CATALOG/IMAGES/CIW/2025/6/6/a23d88a8-ee26-4692-aabb-93bc6edbf4db_941485_1.png",,100 ml,10,275,247,11 MINS,Organic,Himalaya Brightening Blueberry Face Wash
Jayanagar 560041,21-12-2025,12:27:41 PM,Himalaya Purifying Neem Face Wash,"https://instamart-media-assets.swiggy.com/swiggy/image/upload/fl_lossy,f_auto,q_auto,h_544,w_504/NI_CATALOG/IMAGES/CIW/2025/7/21/59c22e93-d9c4-4778-828d-264bff4c28be_45133_01.png","Purifying Cleanse, Neem Power.",400 ml,25,599,449,11 MINS,Organic,Himalaya Brightening Blueberry Face Wash
Jayanagar 560041,21-12-2025,12:27:41 PM,Pears Pure & Gentle Body Wash,"https://instamart-media-assets.swiggy.com/swiggy/image/upload/fl_lossy,f_auto,q_auto,h_544,w_504/NI_CATALOG/IMAGES/CIW/2025/10/24/2a39f084-a42f-4788-bfa9-b7adc9d11a26_4063_1.png",Gentle body wash with glycerin,250 ml,12,140,122,11 MINS,Organic,Himalaya Brightening Blueberry Face Wash
Jayanagar 560041,21-12-2025,12:27:41 PM,Himalaya Purifying Neem Face Wash,"https://instamart-media-assets.swiggy.com/swiggy/image/upload/fl_lossy,f_auto,q_auto,h_544,w_504/NI_CATALOG/IMAGES/CIW/2025/7/21/115c41b1-7116-4470-afcc-81c4e040446e_95149_01.png","Purifying Cleanse, Neem Power.",300 ml,18,549,445,11 MINS,Organic,Himalaya Brightening Blueberry Face Wash
Jayanagar 560041,21-12-2025,12:27:41 PM,"Garnier Men, Face Wash, Brightening & Anti-Pollution, Turbobright Double Action","https://instamart-media-assets.swiggy.com/swiggy/image/upload/fl_lossy,f_auto,q_auto,h_544,w_504/NI_CATALOG/IMAGES/CIW/2025/7/21/f624b259-53a0-4f29-8848-a1b0483c57a7_9353_1.png","Deep Cleanse, Oil Control.",100 g,35,319,207,11 MINS,Organic,Himalaya Brightening Blueberry Face Wash
Jayanagar 560041,21-12-2025,12:27:41 PM,Himalaya Purifying Neem Face Wash,"https://instamart-media-assets.swiggy.com/swiggy/image/upload/fl_lossy,f_auto,q_auto,h_544,w_504/NI_CATALOG/IMAGES/CIW/2025/7/21/df1c3b57-6d59-4cf2-b5aa-ba6f93154af7_1320_01.png","Purifying Cleanse, Neem Power.",200 ml,18,449,368,11 MINS,Organic,Himalaya Brightening Blueberry Face Wash
Jayanagar 560041,21-12-2025,12:27:41 PM,Clean & Clear Foaming Face Wash,"https://instamart-media-assets.swiggy.com/swiggy/image/upload/fl_lossy,f_auto,q_auto,h_544,w_504/ixavngmca1fvckii5b38","Deep Cleanse, Foaming Formula.",100 ml,8,199,183,11 MINS,Organic,Himalaya Brightening Blueberry Face Wash
Jayanagar 560041,21-12-2025,12:27:41 PM,Pond's Bright Beauty Spot-less Glow Face Wash,"https://instamart-media-assets.swiggy.com/swiggy/image/upload/fl_lossy,f_auto,q_auto,h_544,w_504/NI_CATALOG/IMAGES/CIW/2024/5/15/2feb12ce-fc27-4d38-8d3b-35a2dfbf010b_facewash_2DWIH9264C_MN.png",Spotless glow facewash with vitamins,50 g,,,,11 MINS,Organic,Himalaya Brightening Blueberry Face Wash
Jayanagar 560041,21-12-2025,12:27:41 PM,Himalaya Purifying Neem Foaming Face Wash,"https://instamart-media-assets.swiggy.com/swiggy/image/upload/fl_lossy,f_auto,q_auto,h_544,w_504/NI_CATALOG/IMAGES/CIW/2025/3/21/3d0afdf5-a858-4f6a-8f77-e0cca792e82f_3801_1.png",,150 ml x 2,14,550,472,11 MINS,Organic,Himalaya Brightening Blueberry Face Wash
Jayanagar 560041,21-12-2025,12:27:41 PM,Wow Skin Science Brightening Vitamin C Foaming Face Wash,"https://instamart-media-assets.swiggy.com/swiggy/image/upload/fl_lossy,f_auto,q_auto,h_544,w_504/NI_CATALOG/IMAGES/CIW/2024/8/12/821f9d2c-c339-4a68-97e0-ca194dac1fa2_8296_1.png",Foaming Face Cleanser with Built-In Brush | Brightens & Tones Skin,150 ml,17,399,331,11 MINS,Organic,Himalaya Brightening Blueberry Face Wash
Jayanagar 560041,21-12-2025,12:27:41 PM,"L'Oreal Paris Moisture Sealing Conditioner, With Hyaluronic Acid, For Dry & Dehydrated Hair, Adds Shine & Bounce, Hyaluron Moisture 72H (Packaging Might Vary)","https://instamart-media-assets.swiggy.com/swiggy/image/upload/fl_lossy,f_auto,q_auto,h_544,w_504/3c69d8353fd1be38d2d7a05a3f649c76",Deeply hydrating conditioner for dry & dehydrated hair,180 ml,30,299,209,11 MINS,Organic,Himalaya Brightening Blueberry Face Wash
Jayanagar 560041,21-12-2025,12:27:41 PM,Lakme Blush & Glow Strawberry Face Wash,"https://instamart-media-assets.swiggy.com/swiggy/image/upload/fl_lossy,f_auto,q_auto,h_544,w_504/NI_CATALOG/IMAGES/CIW/2024/7/12/73a39484-4efd-4111-9c23-6c138b3fce11_facewash_0WBHZOZLFW_MN.png",Gentle glow face wash with strawberry,100 g,24,269,202,11 MINS,Organic,Himalaya Brightening Blueberry Face Wash
Jayanagar 560041,21-12-2025,12:27:41 PM,mCaffeine Brightening Raspberry Rush Body Wash,"https://instamart-media-assets.swiggy.com/swiggy/image/upload/fl_lossy,f_auto,q_auto,h_544,w_504/NI_CATALOG/IMAGES/CIW/2025/7/4/76557edd-5743-41c1-8f68-91da77eaf32c_647030_1.png",Fragrant body wash for glowing skin,300 ml,15,399,339,11 MINS,Organic,Himalaya Brightening Blueberry Face Wash
Jayanagar 560041,21-12-2025,12:27:41 PM,Dove Deeply Nourishing Body Wash,"https://instamart-media-assets.swiggy.com/swiggy/image/upload/fl_lossy,f_auto,q_auto,h_544,w_504/NI_CATALOG/IMAGES/CIW/2025/8/26/79eb8982-5b43-409f-8e26-25346b5c2edd_8920_1.png","Soft, nourishing wash for smooth skin",800 ml,30,560,392,11 MINS,Organic,Himalaya Brightening Blueberry Face Wash
Jayanagar 560041,21-12-2025,12:27:41 PM,Himalaya Oil Clear Lemon Face Wash,"https://instamart-media-assets.swiggy.com/swiggy/image/upload/fl_lossy,f_auto,q_auto,h_544,w_504/NI_CATALOG/IMAGES/CIW/2025/2/26/26c25f7d-0d76-454c-8a9d-7369bb6b6cdc_88371_1.png",Cleanses oily skin with refreshing lemon.,200 ml,18,399,327,11 MINS,Organic,Himalaya Brightening Blueberry Face Wash
Jayanagar 560041,21-12-2025,12:27:41 PM,Plum Saffron & Papaya Glow Bright Face Wash,"https://instamart-media-assets.swiggy.com/swiggy/image/upload/fl_lossy,f_auto,q_auto,h_544,w_504/NI_CATALOG/IMAGES/CIW/2024/5/23/058ab1e0-a330-42de-9ccf-83517fa5b5f2_facewash_P9J13AI3XM_MN.png",Brightening face wash for radiant skin.,100 ml,12,275,242,11 MINS,Organic,Himalaya Brightening Blueberry Face Wash
Jayanagar 560041,21-12-2025,12:27:41 PM,"Nat Habit Skin Brightening Ubtan Face Wash For Women & Men, 100% Natural","https://instamart-media-assets.swiggy.com/swiggy/image/upload/fl_lossy,f_auto,q_auto,h_544,w_504/NI_CATALOG/IMAGES/CIW/2025/12/1/9db11c85-7b64-4635-b6fd-240a33583420_697977_1.png",100% natural ubtan face cleanser for radiant skin.,100 g,2,274,266,11 MINS,Organic,Himalaya Brightening Blueberry Face Wash
Jayanagar 560041,21-12-2025,12:27:41 PM,"Chemist At Play Brightening Body Wash - 3% Vitamin C + Niacinamide, Shower Gel","https://instamart-media-assets.swiggy.com/swiggy/image/upload/fl_lossy,f_auto,q_auto,h_544,w_504/NI_CATALOG/IMAGES/CIW/2024/7/18/9879621b-8b53-4c39-871d-2605fb6a1b51_soapsandbodywash_F2HWVFNQ6P_MN.png",Brightening body wash with niacinamide,236 ml,20,349,279,11 MINS,Organic,Himalaya Brightening Blueberry Face Wash
Jayanagar 560041,21-12-2025,12:27:41 PM,Himalaya Poll Detox Charcoal Face Wash,"https://instamart-media-assets.swiggy.com/swiggy/image/upload/fl_lossy,f_auto,q_auto,h_544,w_504/NI_CATALOG/IMAGES/CIW/2024/11/30/f2cfedad-6670-47c0-b534-466739bfa7fb_134857_1.png",Detox face wash with charcoal for pollution defense,100 g,15,220,185,11 MINS,Organic,Himalaya Brightening Blueberry Face Wash
Jayanagar 560041,21-12-2025,12:27:41 PM,Garnier Acno Fight Anti-Pimple Face Wash for Men,"https://instamart-media-assets.swiggy.com/swiggy/image/upload/fl_lossy,f_auto,q_auto,h_544,w_504/NI_CATALOG/IMAGES/CIW/2025/7/3/c519707c-50a3-4771-a841-147414c5389b_176_1.png",Applied for Anti-acne & Pimples,100 g,35,299,194,11 MINS,Organic,Himalaya Brightening Blueberry Face Wash
Kukatpally 500072,21-12-2025,12:30:05 PM,Mangaldeep 3 in 1 Agarbatti Premium quality charcoal free Long lasting fragrances,"https://instamart-media-assets.swiggy.com/swiggy/image/upload/fl_lossy,f_auto,q_auto,h_544,w_504/NI_CATALOG/IMAGES/CIW/2024/4/24/96f66387-ed8d-40f8-80f4-1805e12200ba_poojaneeds_QP2ADLFNUI_MN.png",Charcoal-free agarbatti with long-lasting fragrance,106 g,15,65,55,10 MINS,Organic,Mangaldeep 3 in 1 Premium Incense
Kukatpally 500072,21-12-2025,12:30:05 PM,Mangaldeep Scent 3 in1 Incense Pack,"https://instamart-media-assets.swiggy.com/swiggy/image/upload/fl_lossy,f_auto,q_auto,h_544,w_504/NI_CATALOG/IMAGES/CIW/2025/4/4/c13cac9b-03c1-4413-9f07-692a41b48226_80710_1.png",Invigorate Your Senses with Long-Lasting Aroma,213 g,12,125,110,10 MINS,Organic,Mangaldeep 3 in 1 Premium Incense
Kukatpally 500072,21-12-2025,12:30:05 PM,Mangaldeep Scent Radiance Burst - Luxury Incense Sticks,"https://instamart-media-assets.swiggy.com/swiggy/image/upload/fl_lossy,f_auto,q_auto,h_544,w_504/NI_CATALOG/IMAGES/CIW/2025/11/20/647d086a-e040-4a27-bc55-465a473154f6_462812_1.png",,40 Sticks,12,225,198,10 MINS,Organic,Mangaldeep 3 in 1 Premium Incense
Kukatpally 500072,21-12-2025,12:30:05 PM,"Mangaldeep Chandan 3 In1 Agarbatti Classic Chandan, Rose Chandan & Jasmine Chandan","https://instamart-media-assets.swiggy.com/swiggy/image/upload/fl_lossy,f_auto,q_auto,h_544,w_504/NI_CATALOG/IMAGES/CIW/2024/4/24/c870f1f0-625e-4379-a3b9-7b46761ee005_poojaneeds_28BKHOZNVI_MN.png","Fragrant Trio of Classic Chandan, Rose & Jasmine Incense",226 g,12,125,110,10 MINS,Organic,Mangaldeep 3 in 1 Premium Incense
Kukatpally 500072,21-12-2025,12:30:05 PM,"Homelites Matchbox (5 Pieces, Small)","https://instamart-media-assets.swiggy.com/swiggy/image/upload/fl_lossy,f_auto,q_auto,h_544,w_504/ec26dc129444d099b9c38c63bd56223e",Reliable matchsticks for everyday or pooja use,1 box,10,10,9,10 MINS,Organic,Mangaldeep 3 in 1 Premium Incense
Kukatpally 500072,21-12-2025,12:30:05 PM,Shubhkart Darshana Camphor Puja Oil,"https://instamart-media-assets.swiggy.com/swiggy/image/upload/fl_lossy,f_auto,q_auto,h_544,w_504/NI_CATALOG/IMAGES/CIW/2024/11/18/344b3dc3-0ed4-4f53-85f5-bae3402d374e_25939_1.png",Pure Camphor Oil for Spiritual Rituals,450 ml,15,108,91,10 MINS,Organic,Mangaldeep 3 in 1 Premium Incense
Kukatpally 500072,21-12-2025,12:30:05 PM,Mangaldeep Sandal Agarbatti,"https://instamart-media-assets.swiggy.com/swiggy/image/upload/fl_lossy,f_auto,q_auto,h_544,w_504/f158c3690db13ceecc5a2ae86b8bd0ca",Sandalwood-scented incense sticks,1 pack,10,65,58,10 MINS,Organic,Mangaldeep 3 in 1 Premium Incense
Kukatpally 500072,21-12-2025,12:30:05 PM,Shubhkart Nirmal 3 In 1 Premium Agarbatti,"https://instamart-media-assets.swiggy.com/swiggy/image/upload/fl_lossy,f_auto,q_auto,h_544,w_504/NI_CATALOG/IMAGES/CIW/2024/11/27/b97f755b-81e0-4169-bfd1-fd1665893c73_927663_1.png",Premium agarbatti combo with 3 divine fragrances,110 g,27,65,47,10 MINS,Organic,Mangaldeep 3 in 1 Premium Incense
Kukatpally 500072,21-12-2025,12:30:05 PM,Cycle Pure Naivedya Cup Sambrani,"https://instamart-media-assets.swiggy.com/swiggy/image/upload/fl_lossy,f_auto,q_auto,h_544,w_504/NI_CATALOG/IMAGES/CIW/2025/8/13/742db789-4b8c-4406-93bc-3de641674471_589212_1.png",Sambrani incense in cup form for pure and divine ambiance,15 pieces,5,90,85,10 MINS,Organic,Mangaldeep 3 in 1 Premium Incense
Kukatpally 500072,21-12-2025,12:30:05 PM,OM BHAKTI Camphor (Small),"https://instamart-media-assets.swiggy.com/swiggy/image/upload/fl_lossy,f_auto,q_auto,h_544,w_504/NI_CATALOG/IMAGES/CIW/2025/7/28/eab80570-5f4b-46fa-bc98-b9165b5a1fb8_51604_1.png",Small-size pure camphor tablets for puja,1 pack,5,59,56,10 MINS,Organic,Mangaldeep 3 in 1 Premium Incense
Kukatpally 500072,21-12-2025,12:30:05 PM,Home Light Big Matchbox,"https://instamart-media-assets.swiggy.com/swiggy/image/upload/fl_lossy,f_auto,q_auto,h_544,w_504/4d015abd268168e6844629d882eab104",Large safety matchbox ideal for lighting diyas or candles,1 box,20,10,8,10 MINS,Organic,Mangaldeep 3 in 1 Premium Incense
Kukatpally 500072,21-12-2025,12:30:05 PM,OM BHAKTI - Pancha Deepa Oil Bottle,"https://instamart-media-assets.swiggy.com/swiggy/image/upload/fl_lossy,f_auto,q_auto,h_544,w_504/NI_CATALOG/IMAGES/CIW/2025/10/14/c42f0766-cd97-40be-9ce1-b7bd6a156a2f_65009_1.png",Pure pooja lighting,1 ltr x 2,5,468,444,10 MINS,Organic,Mangaldeep 3 in 1 Premium Incense
Kukatpally 500072,21-12-2025,12:30:05 PM,Mangaldeep Bambooless Dhoop Stick 4 in 1 Jar,"https://instamart-media-assets.swiggy.com/swiggy/image/upload/fl_lossy,f_auto,q_auto,h_544,w_504/NI_CATALOG/IMAGES/CIW/2024/10/10/255b9381-f097-460b-aee8-2696c2f1dcaf_902961_1.png",Multipurpose dhoop with four divine fragrances,200 g,16,150,126,10 MINS,Organic,Mangaldeep 3 in 1 Premium Incense
Kukatpally 500072,21-12-2025,12:30:05 PM,Mangaldeep Treya Sambrani Sticks - Fragrances Sambrani Sticks,"https://instamart-media-assets.swiggy.com/swiggy/image/upload/fl_lossy,f_auto,q_auto,h_544,w_504/a3a5c0ada1e3d95c08eb2b7b1218a6fa",Fragrant traditional Sambrani sticks,140 g,10,60,54,10 MINS,Organic,Mangaldeep 3 in 1 Premium Incense
Kukatpally 500072,21-12-2025,12:30:05 PM,Mangaldeep Sugriha Mosquito Repellant Incense - Lemongrass,"https://instamart-media-assets.swiggy.com/swiggy/image/upload/fl_lossy,f_auto,q_auto,h_544,w_504/NI_CATALOG/IMAGES/CIW/2025/7/23/a562c588-3a0d-45d9-a622-aaad8fcbe3bc_866954_01.png",,40 Sticks,4,165,157,10 MINS,Organic,Mangaldeep 3 in 1 Premium Incense
Kukatpally 500072,21-12-2025,12:30:05 PM,Mangaldeep Scent Premium Bambooless Dhoop Sticks with Black Oudh fragrance,"https://instamart-media-assets.swiggy.com/swiggy/image/upload/fl_lossy,f_auto,q_auto,h_544,w_504/NI_CATALOG/IMAGES/CIW/2024/10/20/0b410f83-204f-4d69-a600-9964887b4184_854918_1.png",Luxury dhoop sticks with black oudh scent,1 pack,10,250,225,10 MINS,Organic,Mangaldeep 3 in 1 Premium Incense
Kukatpally 500072,21-12-2025,12:30:05 PM,Mangaldeep Scent Premium Dhoop Cones - with Lavender & Amber fragrances (40 cones),"https://instamart-media-assets.swiggy.com/swiggy/image/upload/fl_lossy,f_auto,q_auto,h_544,w_504/NI_CATALOG/IMAGES/CIW/2024/10/21/dd2424ea-bcb5-44b6-bdcc-bcb68960e700_143034_1.png",Premium dhoop cones with calming fragrances,40 pieces,10,150,135,10 MINS,Organic,Mangaldeep 3 in 1 Premium Incense
Kukatpally 500072,21-12-2025,12:30:05 PM,Cycle Pure Four Seasons Premium Bambooless Incense,"https://instamart-media-assets.swiggy.com/swiggy/image/upload/fl_lossy,f_auto,q_auto,h_544,w_504/NI_CATALOG/IMAGES/CIW/2024/7/21/8e0470f3-30dc-49d2-b775-f135eae5527d_poojaneeds_H7US8DPGU7_MN.png",Premium bambooless incense with four unique fragrances,240 g,,,,10 MINS,Organic,Mangaldeep 3 in 1 Premium Incense
Kukatpally 500072,21-12-2025,12:30:05 PM,Mangaldeep Temple Bambooless Premium Dhoop Sticks - with fragrance of Javadhu,"https://instamart-media-assets.swiggy.com/swiggy/image/upload/fl_lossy,f_auto,q_auto,h_544,w_504/NI_CATALOG/IMAGES/CIW/2024/10/20/b88cf83a-3dae-4aae-9c8b-2ab60d8cc75a_749928_1.png",Premium temple dhoop sticks with Javadhu fragrance,30 Sticks,10,250,225,10 MINS,Organic,Mangaldeep 3 in 1 Premium Incense
Kukatpally 500072,21-12-2025,12:30:05 PM,Mangaldeep Sandalwood & Patchouli Temple Premium Dhoop Cones (40 cones),"https://instamart-media-assets.swiggy.com/swiggy/image/upload/fl_lossy,f_auto,q_auto,h_544,w_504/NI_CATALOG/IMAGES/CIW/2024/10/20/421ace95-78bb-4229-af7f-6c1f081f2747_726389_1.png",Premium temple dhoop cones with rich aroma,40 pieces,10,150,135,10 MINS,Organic,Mangaldeep 3 in 1 Premium Incense
Kukatpally 500072,21-12-2025,12:30:05 PM,Mangaldeep Sankalp Pooja Camphor - Infused With Bhimseni,"https://instamart-media-assets.swiggy.com/swiggy/image/upload/fl_lossy,f_auto,q_auto,h_544,w_504/NI_CATALOG/IMAGES/CIW/2025/7/28/778bae92-ccc5-4cd9-8070-1615ba850177_712301_1.png",Camphor infused with Bhimseni for pooja use,50 g,12,100,88,10 MINS,Organic,Mangaldeep 3 in 1 Premium Incense
Kukatpally 500072,21-12-2025,12:30:05 PM,Shubhkart Nirmal Chandan Dry Cone Dhoop,"https://instamart-media-assets.swiggy.com/swiggy/image/upload/fl_lossy,f_auto,q_auto,h_544,w_504/NI_CATALOG/IMAGES/CIW/2024/7/13/e26493ee-f092-4ac3-a9cf-78c0a5d9b065_poojaneeds_J9M9SGQL3X_MN.png",Dry chandan-scented dhoop cones for daily rituals,10 pieces,8,12,11,10 MINS,Organic,Mangaldeep 3 in 1 Premium Incense
Kukatpally 500072,21-12-2025,12:30:05 PM,"Mangaldeep 3 In1 Wet Dhoop: Made With Desi Ghee, Resins & Herbs","https://instamart-media-assets.swiggy.com/swiggy/image/upload/fl_lossy,f_auto,q_auto,h_544,w_504/9aaf1eb70d2f093e4d67317f449a2826",Aromatic dhoop with ghee and natural herbs,140 g,10,60,54,10 MINS,Organic,Mangaldeep 3 in 1 Premium Incense
Kukatpally 500072,21-12-2025,12:30:05 PM,Mangaldeep Scent Luxe Collections Gift Box,"https://instamart-media-assets.swiggy.com/swiggy/image/upload/fl_lossy,f_auto,q_auto,h_544,w_504/NI_CATALOG/IMAGES/CIW/2025/10/17/19601f8b-757e-41cf-9ff3-eb42fbec260c_557944_1.png",,1 pack,50,999,499,10 MINS,Organic,Mangaldeep 3 in 1 Premium Incense
Kukatpally 500072,21-12-2025,12:30:05 PM,Mangaldeep Temple Sanctum Camphor & Amber Agarbatti,"https://instamart-media-assets.swiggy.com/swiggy/image/upload/fl_lossy,f_auto,q_auto,h_544,w_504/NI_CATALOG/IMAGES/CIW/2024/9/17/43755a43-5b87-4312-8b2f-36a9a3a8aff8_766741_1.png",Traditional Religious Essentials,20 Sticks,26,100,74,10 MINS,Organic,Mangaldeep 3 in 1 Premium Incense
Kukatpally 500072,21-12-2025,12:30:05 PM,SATVIK Premium Arti Sangrah Book,"https://instamart-media-assets.swiggy.com/swiggy/image/upload/fl_lossy,f_auto,q_auto,h_544,w_504/NI_CATALOG/IMAGES/CIW/2024/6/13/568b53b8-8f1d-479d-a21f-76b86ce9e78a_poojaneeds_1RT8C5D816_MN.png",Complete prayer guide for devotion,1 Piece,40,499,299,10 MINS,Organic,Mangaldeep 3 in 1 Premium Incense
Kukatpally 500072,21-12-2025,12:30:05 PM,Shubhkart Nirmal 5 in 1 Agarbatti Zipper,"https://instamart-media-assets.swiggy.com/swiggy/image/upload/fl_lossy,f_auto,q_auto,h_544,w_504/NI_CATALOG/IMAGES/CIW/2024/11/27/5809e141-bca9-4fda-a0b9-01f6452e85a0_9511_1.png",Fragrant agarbatti combo with 5 spiritual scents,150 g,15,70,59,10 MINS,Organic,Mangaldeep 3 in 1 Premium Incense
Kukatpally 500072,21-12-2025,12:30:05 PM,Shubhkart Nirmal Eco box Lavender agarbatti,"https://instamart-media-assets.swiggy.com/swiggy/image/upload/fl_lossy,f_auto,q_auto,h_544,w_504/NI_CATALOG/IMAGES/CIW/2024/11/27/4945f373-e7b9-48b2-9325-db425e082b0f_10751_1.png",Eco-friendly lavender incense sticks for pooja,100 g,27,65,47,10 MINS,Organic,Mangaldeep 3 in 1 Premium Incense
Kukatpally 500072,21-12-2025,12:30:05 PM,Shubhkart Tejas Samai Diya bati Large,"https://instamart-media-assets.swiggy.com/swiggy/image/upload/fl_lossy,f_auto,q_auto,h_544,w_504/hd5uiajavrmh7xmm1oxq",Cotton wicks for traditional lamps,4 g,13,15,13,10 MINS,Organic,Mangaldeep 3 in 1 Premium Incense
Kukatpally 500072,21-12-2025,12:30:05 PM,Pitambari Deepshakti Diya Oil,"https://instamart-media-assets.swiggy.com/swiggy/image/upload/fl_lossy,f_auto,q_auto,h_544,w_504/a6q1auuzrtld3ivzqxps","Pure & Sacred, Traditional Diya Oil.",900 ml,1,230,228,10 MINS,Organic,Mangaldeep 3 in 1 Premium Incense
Kukatpally 500072,21-12-2025,12:30:05 PM,Shubhkart Sambrani Cup Dhoop Black,"https://instamart-media-assets.swiggy.com/swiggy/image/upload/fl_lossy,f_auto,q_auto,h_544,w_504/NI_CATALOG/IMAGES/CIW/2024/6/8/da5574f4-d66c-4d98-a09a-d328bb5fccb9_poojaneeds_Q9QNOSRBTJ_MN.png",,160 g x 3,22,240,187,10 MINS,Organic,Mangaldeep 3 in 1 Premium Incense
Kukatpally 500072,21-12-2025,12:30:05 PM,Happy Tyohaar Premium Arti Sangrah Book,"https://instamart-media-assets.swiggy.com/swiggy/image/upload/fl_lossy,f_auto,q_auto,h_544,w_504/NI_CATALOG/IMAGES/CIW/2025/6/3/68ec05f4-9453-4b94-b46a-6371b61aa0c1_845401_1.png",Spiritual guide for daily prayers,1 Piece,40,499,299,22 MINS,Organic,Mangaldeep 3 in 1 Premium Incense
Kukatpally 500072,21-12-2025,12:30:50 PM,Dabur Honitus Syrup,"https://instamart-media-assets.swiggy.com/swiggy/image/upload/fl_lossy,f_auto,q_auto,h_544,w_504/lac6khf2ydojrbcapfkg",Natural relief for cough and sore throat.,100 ml,10,116,104,10 MINS,Organic,Dabur Honitus Cough Syrup
Kukatpally 500072,21-12-2025,12:30:50 PM,Honitus Hot Sip Ayurvedic Kaadha Sachets,"https://instamart-media-assets.swiggy.com/swiggy/image/upload/fl_lossy,f_auto,q_auto,h_544,w_504/NI_CATALOG/IMAGES/ciw/2025/12/18/f2eafc97-4f92-4f2c-a1cb-41db525c2ec1_MVY0D100U7_MN_18122025.png",Herbal kaadha sachets to support throat and immunity.,7 pieces,10,77,69,10 MINS,Organic,Dabur Honitus Cough Syrup
Kukatpally 500072,21-12-2025,12:30:50 PM,Dabur Honitus Hot Sip 30Nx4G Sachets,"https://instamart-media-assets.swiggy.com/swiggy/image/upload/fl_lossy,f_auto,q_auto,h_544,w_504/b941e25e418fdcdd271f3ffaac3338b2",Ayurvedic kadha for cold & throat comfort,120 g,15,330,280,10 MINS,Organic,Dabur Honitus Cough Syrup
Kukatpally 500072,21-12-2025,12:30:50 PM,Himalaya Koflet Cough Syrup for Cough & Throat Relief | With Tulasi & Honey | Non Drowsy | 100ml,"https://instamart-media-assets.swiggy.com/swiggy/image/upload/fl_lossy,f_auto,q_auto,h_544,w_504/5db2b90f2286552b21b2c55be4023f0d",Enriched with tulsi and honey,100 ml,10,125,112,,Ad,Dabur Honitus Cough Syrup
Kukatpally 500072,21-12-2025,12:30:50 PM,Wellbeing Nutrition Melts instant Throat Relief with 100% Natural Honey & Curcumin -30 Strips,"https://instamart-media-assets.swiggy.com/swiggy/image/upload/fl_lossy,f_auto,q_auto,h_544,w_504/NI_CATALOG/IMAGES/CIW/2025/6/11/20654058-9e3c-4e63-bc5e-ac83c23f55e0_610390_1.png",Natural strips with honey & curcumin for throat relief,30 pieces,,,,,Ad,Dabur Honitus Cough Syrup
Kukatpally 500072,21-12-2025,12:30:50 PM,Dabur Tulsi Drops Immunity Booster - 50% Extra,"https://instamart-media-assets.swiggy.com/swiggy/image/upload/fl_lossy,f_auto,q_auto,h_544,w_504/NI_CATALOG/IMAGES/ciw/2025/12/18/20502f15-95bc-40f4-9bab-c0b82535e571_RMJF32FH9G_MN_18122025.png","Immunity Support, Tulsi Power.",30 ml,34,182,119,10 MINS,Organic,Dabur Honitus Cough Syrup
Kukatpally 500072,21-12-2025,12:30:50 PM,Vicks Cough Syrup 100ml -Fast Relief for Dry & Chesty Coughs with Tulsi & Ginger,"https://instamart-media-assets.swiggy.com/swiggy/image/upload/fl_lossy,f_auto,q_auto,h_544,w_504/NI_CATALOG/IMAGES/CIW/2024/11/30/496ec211-4021-4d38-8e65-40ca1c8b5b8f_230833_1.png",Fast relief from dry and chesty coughs with Tulsi & Ginger,100 ml,19,121,97,10 MINS,Organic,Dabur Honitus Cough Syrup
Kukatpally 500072,21-12-2025,12:30:50 PM,Hansaplast Antiseptic Waterproof Bandage for Wound Protection 20's Strips,"https://instamart-media-assets.swiggy.com/swiggy/image/upload/fl_lossy,f_auto,q_auto,h_544,w_504/NI_CATALOG/IMAGES/CIW/2025/11/13/5a942529-852c-4df2-82af-7ea52d6b0e51_594948_1.png",Waterproof antiseptic bandages for wound care,20 pieces,8,60,55,,Ad,Dabur Honitus Cough Syrup
Kukatpally 500072,21-12-2025,12:30:50 PM,Vicks Vaporub Balm,"https://instamart-media-assets.swiggy.com/swiggy/image/upload/fl_lossy,f_auto,q_auto,h_544,w_504/NI_CATALOG/IMAGES/CIW/2025/9/6/cc724593-c0cb-4619-acb7-fb229057fef0_31216_1.png","Soothing balm for cold, cough, and body ache",50 ml,10,186,167,,Ad,Dabur Honitus Cough Syrup
Kukatpally 500072,21-12-2025,12:30:50 PM,Zandu Ayurvedic Cough Syrup,"https://instamart-media-assets.swiggy.com/swiggy/image/upload/fl_lossy,f_auto,q_auto,h_544,w_504/e2b3423de46f30b3a2ae8db5c8393ded",Herbal cough syrup with ayurvedic formulation,100 ml,19,117,94,10 MINS,Organic,Dabur Honitus Cough Syrup
Kukatpally 500072,21-12-2025,12:30:50 PM,Himalaya Koflet Syrup 100Ml With Himalaya Cold Balm 45G,"https://instamart-media-assets.swiggy.com/swiggy/image/upload/fl_lossy,f_auto,q_auto,h_544,w_504/d4f000580aa677ce78017c67ced2e9a9",,200 ml,10,275,247,SOLD OUT,Organic,Dabur Honitus Cough Syrup
Kukatpally 500072,21-12-2025,12:30:50 PM,Dabur Chyawanprakash Sugarfree,"https://instamart-media-assets.swiggy.com/swiggy/image/upload/fl_lossy,f_auto,q_auto,h_544,w_504/NI_CATALOG/IMAGES/ciw/2025/12/18/abc315ca-f5be-4c7d-8a6e-98ee8868a994_ZO4TQRMW2I_MN_18122025.png",Sugar-free herbal supplement for immunity support.,900 g,17,440,361,10 MINS,Organic,Dabur Honitus Cough Syrup
Kukatpally 500072,21-12-2025,12:30:50 PM,Dabur Chyawanprash 2X Immunity Booster,"https://instamart-media-assets.swiggy.com/swiggy/image/upload/fl_lossy,f_auto,q_auto,h_544,w_504/NI_CATALOG/IMAGES/ciw/2025/12/18/e226c5ad-2afd-46f1-b13e-f2769fd4d5e5_Q14GR0ZE8B_MN_18122025.png",,250 g,,,,10 MINS,Organic,Dabur Honitus Cough Syrup
Kukatpally 500072,21-12-2025,12:30:50 PM,Dabur Shilajit Gold,"https://instamart-media-assets.swiggy.com/swiggy/image/upload/fl_lossy,f_auto,q_auto,h_544,w_504/NI_CATALOG/IMAGES/ciw/2025/12/18/277d6ac7-58e5-49f6-8f44-8b30a4ac143c_6UOJY89GX8_MN_18122025.png",Strength and stamina ayurvedic capsules,10 pieces,15,310,263,10 MINS,Organic,Dabur Honitus Cough Syrup
Kukatpally 500072,21-12-2025,12:30:50 PM,Dabur Sat Isabgol Psyllium Husk) Relieves Constipation & Improves Digestion,"https://instamart-media-assets.swiggy.com/swiggy/image/upload/fl_lossy,f_auto,q_auto,h_544,w_504/NI_CATALOG/IMAGES/CIW/2024/10/2/ca0529a7-c9d9-42df-81b6-a67a95f1e6c4_52962_1.png",Natural fibre supplement for digestion,90 g,9,175,158,10 MINS,Organic,Dabur Honitus Cough Syrup
Kukatpally 500072,21-12-2025,12:30:50 PM,Dabur Chyawanprash Awaleha Bottle,"https://instamart-media-assets.swiggy.com/swiggy/image/upload/fl_lossy,f_auto,q_auto,h_544,w_504/ba692fb06f144ec9998dd43c383c1afe",Ayurvedic immunity paste with Amla.,2 kg,20,895,716,10 MINS,Organic,Dabur Honitus Cough Syrup
Kukatpally 500072,21-12-2025,12:30:50 PM,Dabur Jamun Neem Karela Juice - Promotes Healthy Glucose Levels,"https://instamart-media-assets.swiggy.com/swiggy/image/upload/fl_lossy,f_auto,q_auto,h_544,w_504/NI_CATALOG/IMAGES/ciw/2025/12/18/5c450c9f-0041-4c71-b0c9-4863405cee19_K41HKG0CT5_MN_18122025.png",Herbal juice to support healthy glucose levels,1 L,25,340,252,10 MINS,Organic,Dabur Honitus Cough Syrup
Kukatpally 500072,21-12-2025,12:30:50 PM,Dabur Chyawanprash 3X Immunity Action,"https://instamart-media-assets.swiggy.com/swiggy/image/upload/fl_lossy,f_auto,q_auto,h_544,w_504/NI_CATALOG/IMAGES/CIW/2025/12/4/bbd25100-2720-495a-b531-6a17ff40850f_3233_1.png",Immunity booster with Ayurvedic herbs,450 g,7,255,235,10 MINS,Organic,Dabur Honitus Cough Syrup
Kukatpally 500072,21-12-2025,12:30:50 PM,Dabur Giloy Neem Juice With Tulsi,"https://instamart-media-assets.swiggy.com/swiggy/image/upload/fl_lossy,f_auto,q_auto,h_544,w_504/NI_CATALOG/IMAGES/ciw/2025/12/18/9f9155f5-b721-4304-b665-fdf7ab4f222b_DWHI2SWUP5_MN_18122025.png",Ayurvedic immunity booster with 3 powerful herbs.,1 L,15,280,238,21 MINS,Organic,Dabur Honitus Cough Syrup
Kukatpally 500072,21-12-2025,12:30:50 PM,Dabur Himalayan Pure Shilajit Drops,"https://instamart-media-assets.swiggy.com/swiggy/image/upload/fl_lossy,f_auto,q_auto,h_544,w_504/NI_CATALOG/IMAGES/ciw/2025/12/18/d07f2ba9-10ba-45ed-98fd-b909d536e3e9_YB58GVSISQ_MN_18122025.png",,30 ml,6,599,561,21 MINS,Organic,Dabur Honitus Cough Syrup
Kukatpally 500072,21-12-2025,12:30:50 PM,Dabur Pudin Hara Pearls Pack of 2 Strips 20 Capsules,"https://instamart-media-assets.swiggy.com/swiggy/image/upload/fl_lossy,f_auto,q_auto,h_544,w_504/NI_CATALOG/IMAGES/ciw/2025/12/18/beca84db-7c0a-4c0f-84c4-6d7e62d7650c_6WBCCI9PZT_MN_18122025.png",Herbal capsules for indigestion relief,50 g,9,64,58,10 MINS,Organic,Dabur Honitus Cough Syrup
Kukatpally 500072,21-12-2025,12:30:50 PM,Dabur Himalayan Shilajit Resin - |100% Pure Shilajit - Boosts Stamina And Energy,"https://instamart-media-assets.swiggy.com/swiggy/image/upload/fl_lossy,f_auto,q_auto,h_544,w_504/NI_CATALOG/IMAGES/ciw/2025/12/18/1c68a7de-a6d2-4b61-a801-248862d81014_WICMWRIKB5_MN_18122025.png",100% Pure Shilajit to boost stamina and energy naturally,15 g,43,1450,815,21 MINS,Organic,Dabur Honitus Cough Syrup
Kukatpally 500072,21-12-2025,12:30:50 PM,"Dabur Slim & Fit Juice - 100% Natural & Ayurvedic - No Artificials, Sugars & Flavours","https://instamart-media-assets.swiggy.com/swiggy/image/upload/fl_lossy,f_auto,q_auto,h_544,w_504/NI_CATALOG/IMAGES/ciw/2025/12/18/680a8d1d-30dc-4fd1-ac10-180447aed349_JBYOTROXJX_MN_18122025.png",Natural juice with ayurvedic slimming herbs,1 L,20,549,437,21 MINS,Organic,Dabur Honitus Cough Syrup
Kukatpally 500072,21-12-2025,12:30:50 PM,Dabur Amla Juice,"https://instamart-media-assets.swiggy.com/swiggy/image/upload/fl_lossy,f_auto,q_auto,h_544,w_504/NI_CATALOG/IMAGES/ciw/2025/12/18/ec9a860f-9cde-4aaf-92b9-8f2c195ea58b_RK4QRQ8ADI_MN_18122025.png",Natural juice for hair and immunity,1 L,25,260,195,10 MINS,Organic,Dabur Honitus Cough Syrup
Kukatpally 500072,21-12-2025,12:30:50 PM,Dabur Hair Revitalizing Juice - Hair Care Juice for Hair Growth & Hair Fall Control,"https://instamart-media-assets.swiggy.com/swiggy/image/upload/fl_lossy,f_auto,q_auto,h_544,w_504/NI_CATALOG/IMAGES/ciw/2025/12/18/b6766101-3be6-403b-91ad-ad918152c04f_5I9BLI2CIZ_MN_18122025.png",Herbal juice for hair growth & fall control,1 L,20,599,477,21 MINS,Organic,Dabur Honitus Cough Syrup
Kukatpally 500072,21-12-2025,12:30:50 PM,Dabur Sat Isabgol Psyllium Husk,"https://instamart-media-assets.swiggy.com/swiggy/image/upload/fl_lossy,f_auto,q_auto,h_544,w_504/NI_CATALOG/IMAGES/ciw/2025/12/18/73c792f5-c733-4e46-a2dd-2fccf6356425_JZW4G13ZCR_MN_18122025.png",Natural digestive fiber supplement,180 g,8,345,316,10 MINS,Organic,Dabur Honitus Cough Syrup
Kukatpally 500072,21-12-2025,12:30:50 PM,Vicks Vaporub Balm,"https://instamart-media-assets.swiggy.com/swiggy/image/upload/fl_lossy,f_auto,q_auto,h_544,w_504/NI_CATALOG/IMAGES/CIW/2025/9/6/35f590a6-0d61-4942-b386-df8594d32131_31215_1.png",Soothing vapour balm for cold relief and clear breathing.,25 ml,,,,10 MINS,Organic,Dabur Honitus Cough Syrup
Kukatpally 500072,21-12-2025,12:30:50 PM,Amrutanjan Relief Cough & Cold Nasal Inhaler,"https://instamart-media-assets.swiggy.com/swiggy/image/upload/fl_lossy,f_auto,q_auto,h_544,w_504/f0d2da00267cf4fc348296e56aa96ac2",Relief from cold and nasal congestion,0.75 g,2,47,46,10 MINS,Organic,Dabur Honitus Cough Syrup
Kukatpally 500072,21-12-2025,12:30:50 PM,Vicks Inhaler Key Chain,"https://instamart-media-assets.swiggy.com/swiggy/image/upload/fl_lossy,f_auto,q_auto,h_544,w_504/NI_CATALOG/IMAGES/CIW/2024/12/4/54711085-f9da-4c95-b2e1-3f72cf2bf83f_1354_1.png",Handy decongestant in keychain form,0.5 ml,,,,10 MINS,Organic,Dabur Honitus Cough Syrup
Kukatpally 500072,21-12-2025,12:30:50 PM,Dabur Red Toothpaste,"https://instamart-media-assets.swiggy.com/swiggy/image/upload/fl_lossy,f_auto,q_auto,h_544,w_504/NI_CATALOG/IMAGES/CIW/2025/9/3/bbd41118-e003-4224-857f-bc4910ba4766_1548_1.png",Trusted Oral Care with Strong Cavity Protection,100 g x 2,9,138,125,10 MINS,Organic,Dabur Honitus Cough Syrup
Kukatpally 500072,21-12-2025,12:30:50 PM,Man Matters Pure Himalayan Shilajit Gummies,"https://instamart-media-assets.swiggy.com/swiggy/image/upload/fl_lossy,f_auto,q_auto,h_544,w_504/NI_CATALOG/IMAGES/ciw/2025/12/18/982ec1ea-4a15-4d2a-a33e-ea7c0df1b86a_HNNPN7TSUR_MN_18122025.png",Wellness gummies with pure Himalayan Shilajit extract,120 g,2,549,535,10 MINS,Organic,Dabur Honitus Cough Syrup
Kukatpally 500072,21-12-2025,12:30:50 PM,Dabur Himalayan Apple Cider Vinegar with Mother of Vinegar,"https://instamart-media-assets.swiggy.com/swiggy/image/upload/fl_lossy,f_auto,q_auto,h_544,w_504/NI_CATALOG/IMAGES/ciw/2025/12/18/af99ba11-371e-4d86-9f7d-5551d50d9dad_88V2CNX5DC_MN_18122025.png",Raw ACV for digestion & detox,500 g,26,450,333,21 MINS,Organic,Dabur Honitus Cough Syrup
Kukatpally 500072,21-12-2025,12:31:19 PM,Shri Samriddhi Enterprises Long Diya Baati,"https://instamart-media-assets.swiggy.com/swiggy/image/upload/fl_lossy,f_auto,q_auto,h_544,w_504/NI_CATALOG/IMAGES/CIW/2024/7/24/ba59faff-a2fb-47e8-91cf-79db6d2a4df2_poojaneeds_XW1JPUS783_MN.png",Long cotton wicks for diya lighting,100 pieces,33,30,20,10 MINS,Organic,Lion Brand Yarn 24-7 Cotton Yarn
Kukatpally 500072,21-12-2025,12:31:19 PM,Shubhkart Tejas Round Cotton Wicks,"https://instamart-media-assets.swiggy.com/swiggy/image/upload/fl_lossy,f_auto,q_auto,h_544,w_504/NI_CATALOG/IMAGES/CIW/2025/6/30/1a2f21df-f0aa-4f87-b8dd-3b27b2c11d59_9519_1.png",High-quality round cotton wicks for diyas,14 g,13,15,13,10 MINS,Organic,Lion Brand Yarn 24-7 Cotton Yarn
Kukatpally 500072,21-12-2025,12:31:19 PM,OM BHAKTI Cotton Cloth,"https://instamart-media-assets.swiggy.com/swiggy/image/upload/fl_lossy,f_auto,q_auto,h_544,w_504/NI_CATALOG/IMAGES/CIW/2024/6/12/bfa99024-eca4-4e2f-9d63-c0bae7ba1590_poojaneeds_M9Q41WOWFZ_MN.png",Pure cotton pooja cloth for spiritual rituals,1 Piece,3,29,28,10 MINS,Organic,Lion Brand Yarn 24-7 Cotton Yarn
Kukatpally 500072,21-12-2025,12:31:19 PM,"OM BHAKTI Wick for Diya - Cotton Long Batti 5""","https://instamart-media-assets.swiggy.com/swiggy/image/upload/fl_lossy,f_auto,q_auto,h_544,w_504/NI_CATALOG/IMAGES/CIW/2025/9/8/5d1b3f07-8de9-477f-931f-dd842f3c8d40_79581_1.png",,75 pieces x 2,4,50,48,10 MINS,Organic,Lion Brand Yarn 24-7 Cotton Yarn
Kukatpally 500072,21-12-2025,12:31:19 PM,Shubhkart Tejas Samai Diya bati Large,"https://instamart-media-assets.swiggy.com/swiggy/image/upload/fl_lossy,f_auto,q_auto,h_544,w_504/hd5uiajavrmh7xmm1oxq",Cotton wicks for traditional lamps,4 g,13,15,13,10 MINS,Organic,Lion Brand Yarn 24-7 Cotton Yarn
Kukatpally 500072,21-12-2025,12:31:19 PM,SATVIK Pure Cotton Round Kalawa Thread,"https://instamart-media-assets.swiggy.com/swiggy/image/upload/fl_lossy,f_auto,q_auto,h_544,w_504/NI_CATALOG/IMAGES/CIW/2024/6/13/9f58103f-4df0-4878-87dd-c60c823930cf_poojaneeds_8MKQ771J7H_MN.png",Sacred red thread for religious ceremonies,1 Piece,51,49,24,10 MINS,Organic,Lion Brand Yarn 24-7 Cotton Yarn
Kukatpally 500072,21-12-2025,12:31:19 PM,Shubhkart Tejas Pure Ghee Wicks,"https://instamart-media-assets.swiggy.com/swiggy/image/upload/fl_lossy,f_auto,q_auto,h_544,w_504/NI_CATALOG/IMAGES/CIW/2024/9/6/81235e2c-40bd-4bed-8b21-120e2233824d_10755_1.png",Ghee-infused cotton wicks for diyas,30 pieces,14,89,76,10 MINS,Organic,Lion Brand Yarn 24-7 Cotton Yarn
Kukatpally 500072,21-12-2025,12:31:19 PM,OM BHAKTI Wick For Diya Cotton Flower Batti,"https://instamart-media-assets.swiggy.com/swiggy/image/upload/fl_lossy,f_auto,q_auto,h_544,w_504/NI_CATALOG/IMAGES/CIW/2025/9/1/2949b28d-e0ca-4975-b883-94cb2624786a_28358_1.png",,60 pieces x 2,4,50,48,10 MINS,Organic,Lion Brand Yarn 24-7 Cotton Yarn
Kukatpally 500072,21-12-2025,12:31:19 PM,OM BHAKTI wick for diya- cotton long batti 100N,"https://instamart-media-assets.swiggy.com/swiggy/image/upload/fl_lossy,f_auto,q_auto,h_544,w_504/NI_CATALOG/IMAGES/CIW/2025/9/1/9154ced7-d708-4672-828e-85c59994bee7_85693_1.png","Pure cotton, long-lasting wicks.",100 pieces,,,,10 MINS,Organic,Lion Brand Yarn 24-7 Cotton Yarn
Kukatpally 500072,21-12-2025,12:31:19 PM,Happy Tyohaar White Cotton Janeu Thread (Safed Janeu),"https://instamart-media-assets.swiggy.com/swiggy/image/upload/fl_lossy,f_auto,q_auto,h_544,w_504/NI_CATALOG/IMAGES/CIW/2025/5/7/cab59282-5b66-4d8f-989b-2abed7eb7d97_237381_1.png",Sacred thread for rituals and puja,1 Piece,53,49,23,10 MINS,Organic,Lion Brand Yarn 24-7 Cotton Yarn
Kukatpally 500072,21-12-2025,12:31:19 PM,Shri Samriddhi Enterprises Phool Diya Baati,"https://instamart-media-assets.swiggy.com/swiggy/image/upload/fl_lossy,f_auto,q_auto,h_544,w_504/NI_CATALOG/IMAGES/CIW/2024/7/24/0016893f-7f77-48a1-9a49-b915e302828e_poojaneeds_2W7KM02NO3_MN.png",Cotton baatis for diyas shaped like a flower,200 pieces,36,60,38,10 MINS,Organic,Lion Brand Yarn 24-7 Cotton Yarn
Kukatpally 500072,21-12-2025,12:31:19 PM,SATVIK Red Puja Cloth-1.25 mtr,"https://instamart-media-assets.swiggy.com/swiggy/image/upload/fl_lossy,f_auto,q_auto,h_544,w_504/NI_CATALOG/IMAGES/CIW/2025/10/14/c46fea91-d64f-4e7e-9c9f-c7dcc3754186_368741_1.png",Traditional red cloth for temple decor,1 Piece,50,99,49,10 MINS,Organic,Lion Brand Yarn 24-7 Cotton Yarn
Kukatpally 500072,21-12-2025,12:31:19 PM,Cycle Pure Navin Sambrani Dhoop Cups for Pooja,"https://instamart-media-assets.swiggy.com/swiggy/image/upload/fl_lossy,f_auto,q_auto,h_544,w_504/NI_CATALOG/IMAGES/CIW/2025/8/12/11090c98-8e32-420b-9fa3-aba9aed40950_996997_1.png",,15 pieces,5,90,85,10 MINS,Organic,Lion Brand Yarn 24-7 Cotton Yarn
Kukatpally 500072,21-12-2025,12:31:19 PM,Cycle Om Shanthi Cotton Kalawa (Mauli) Holy Thread | From House of Cycle,"https://instamart-media-assets.swiggy.com/swiggy/image/upload/fl_lossy,f_auto,q_auto,h_544,w_504/NI_CATALOG/IMAGES/CIW/2025/4/11/207f9f8d-7c9b-4bcd-b90a-28ab963a0730_433523_1.png",Spiritual protection with premium quality Mauli thread,1 pack,5,20,19,10 MINS,Organic,Lion Brand Yarn 24-7 Cotton Yarn
Kukatpally 500072,21-12-2025,12:31:19 PM,Shubhkart Moli Roll,"https://instamart-media-assets.swiggy.com/swiggy/image/upload/fl_lossy,f_auto,q_auto,h_544,w_504/NI_CATALOG/IMAGES/CIW/2024/11/18/c8ae4803-41c1-40f0-bd56-ba3595554b7e_4798_1.png",,1 Piece x 2,10,40,36,10 MINS,Organic,Lion Brand Yarn 24-7 Cotton Yarn
Kukatpally 500072,21-12-2025,12:31:19 PM,SATVIK Yellow Pooja Cloth,"https://instamart-media-assets.swiggy.com/swiggy/image/upload/fl_lossy,f_auto,q_auto,h_544,w_504/NI_CATALOG/IMAGES/CIW/2025/10/14/8c2f88fa-7b56-49f9-a68f-7ee9604adb02_865097_1.png",Traditional cloth for divine rituals,1 Piece,,,,10 MINS,Organic,Lion Brand Yarn 24-7 Cotton Yarn
Kukatpally 500072,21-12-2025,12:31:19 PM,Zed Black Ghee Diyabatti Container of 30 Pcs,"https://instamart-media-assets.swiggy.com/swiggy/image/upload/fl_lossy,f_auto,q_auto,h_544,w_504/NI_CATALOG/IMAGES/CIW/2025/2/5/f3a2a186-46ff-4cd6-a968-2ab4e4a4fca1_518765_1.png",Ghee-based diya wicks for festive use.,30 pieces,22,75,58,10 MINS,Organic,Lion Brand Yarn 24-7 Cotton Yarn
Kukatpally 500072,21-12-2025,12:31:19 PM,OM BHAKTI Vastramala (with Kumkum & Ashtagandha) 2M,"https://instamart-media-assets.swiggy.com/swiggy/image/upload/fl_lossy,f_auto,q_auto,h_544,w_504/NI_CATALOG/IMAGES/CIW/2025/10/14/21a2fa29-86af-47a6-8891-67a659358167_53313_1.png",,1 Piece x 2,3,58,56,10 MINS,Organic,Lion Brand Yarn 24-7 Cotton Yarn
Kukatpally 500072,21-12-2025,12:31:19 PM,Shri Samriddhi Enterprises Pooja Cloth,"https://instamart-media-assets.swiggy.com/swiggy/image/upload/fl_lossy,f_auto,q_auto,h_544,w_504/19dd6cf49a7d7c04fa9f6e44fa60e8c3","Traditional Cloth, Festive Use.",1 Piece,36,50,32,10 MINS,Organic,Lion Brand Yarn 24-7 Cotton Yarn
Kukatpally 500072,21-12-2025,12:31:19 PM,Happy Tyohaar Orange Pooja Cloth (1.25m ),"https://instamart-media-assets.swiggy.com/swiggy/image/upload/fl_lossy,f_auto,q_auto,h_544,w_504/NI_CATALOG/IMAGES/CIW/2025/3/22/2d0abe34-9c8e-4294-b6de-aade45cdbe04_906307_1.png",Orange cotton pooja cloth for rituals,1 Piece,44,99,55,10 MINS,Organic,Lion Brand Yarn 24-7 Cotton Yarn
Kukatpally 500072,21-12-2025,12:31:19 PM,OM BHAKTI Janeu,"https://instamart-media-assets.swiggy.com/swiggy/image/upload/fl_lossy,f_auto,q_auto,h_544,w_504/NI_CATALOG/IMAGES/CIW/2024/7/1/4d4ebee1-eed4-48d7-8912-fc35e4dc9264_poojaneeds_V4YZIV7O29_MN.png",Sacred thread for traditional Hindu ceremonies,2 pieces,,,,10 MINS,Organic,Lion Brand Yarn 24-7 Cotton Yarn
Kukatpally 500072,21-12-2025,12:31:19 PM,SATVIK Set Of 4 Multicolor Clay Diya Terracotta Dia D-7,"https://instamart-media-assets.swiggy.com/swiggy/image/upload/fl_lossy,f_auto,q_auto,h_544,w_504/NI_CATALOG/IMAGES/CIW/2025/10/15/4c24fb05-c5c0-4055-8205-904f908a0ab7_J2HJM11HQC_MN.png","Compact set, bright shine",1 pack,64,349,123,10 MINS,Organic,Lion Brand Yarn 24-7 Cotton Yarn
Kukatpally 500072,21-12-2025,12:31:19 PM,Shri Samriddhi Enterprises Mauli Kalawa Thread Moli,"https://instamart-media-assets.swiggy.com/swiggy/image/upload/fl_lossy,f_auto,q_auto,h_544,w_504/86b138dc948f79c47efb6b8d8a125786",Traditional red-yellow thread for pooja,20 g,38,80,49,10 MINS,Organic,Lion Brand Yarn 24-7 Cotton Yarn
Kukatpally 500072,21-12-2025,12:31:19 PM,Happy Tyohaar Wheat,"https://instamart-media-assets.swiggy.com/swiggy/image/upload/fl_lossy,f_auto,q_auto,h_544,w_504/NI_CATALOG/IMAGES/ciw/2025/10/10/b48c73da-2613-4c21-a9f3-e2b16a1a5276_NPI-046515_1_20251010_044158.png",,100 g,,,,10 MINS,Organic,Lion Brand Yarn 24-7 Cotton Yarn
Kukatpally 500072,21-12-2025,12:31:19 PM,Happy Tyohaar White Cap,"https://instamart-media-assets.swiggy.com/swiggy/image/upload/fl_lossy,f_auto,q_auto,h_544,w_504/NI_CATALOG/IMAGES/CIW/2025/3/22/15c9a4cd-d6da-4b8e-b497-1ee7763b6a85_946278_1.png","Festive Style, Traditional Headwear.",1 Piece,20,89,71,10 MINS,Organic,Lion Brand Yarn 24-7 Cotton Yarn
Kukatpally 500072,21-12-2025,12:31:19 PM,Cycle Bansuri 5 in 1 Agarbatti | From House of Cycle,"https://instamart-media-assets.swiggy.com/swiggy/image/upload/fl_lossy,f_auto,q_auto,h_544,w_504/NI_CATALOG/IMAGES/CIW/2025/8/12/e6dcbf44-b5a9-40a5-a7eb-7ad838572098_342859_1.png",,100 g,,,,10 MINS,Organic,Lion Brand Yarn 24-7 Cotton Yarn
Kukatpally 500072,21-12-2025,12:31:19 PM,SATVIK 7 Inch Bhuvanpati Eco-Friendly Ganesha Idol,"https://instamart-media-assets.swiggy.com/swiggy/image/upload/fl_lossy,f_auto,q_auto,h_544,w_504/NI_CATALOG/IMAGES/CIW/2025/8/20/43a305d5-2feb-46f1-80ed-fad1a9d10fcc_918773_1.png",Unique Touch For Puja Moments,1 Piece,,,,10 MINS,Organic,Lion Brand Yarn 24-7 Cotton Yarn
Kukatpally 500072,21-12-2025,12:31:19 PM,SATVIK Red Puja Cloth To Place Ganpati Idol 45.72 x 45.72cm (18x18 Inch),"https://instamart-media-assets.swiggy.com/swiggy/image/upload/fl_lossy,f_auto,q_auto,h_544,w_504/NI_CATALOG/IMAGES/ciw/2025/11/20/571eaa25-24d0-41d4-b45d-eda4aac2ebbd_4D7GT09XBD_MN_20112025.jpg",Bright red cloth for divine setup,1 Piece,52,299,141,10 MINS,Organic,Lion Brand Yarn 24-7 Cotton Yarn
Kukatpally 500072,21-12-2025,12:31:19 PM,Cycle Pure Om Shanthi Gokula Gobar Upla,"https://instamart-media-assets.swiggy.com/swiggy/image/upload/fl_lossy,f_auto,q_auto,h_544,w_504/NI_CATALOG/IMAGES/CIW/2025/3/19/14c2fd63-dbba-4f7c-b15c-3cf3222fd1da_761374_1.png",,8 pieces,15,100,85,10 MINS,Organic,Lion Brand Yarn 24-7 Cotton Yarn
Kukatpally 500072,21-12-2025,12:31:19 PM,OM BHAKTI Sankalp Wicks for Diya - T-light Diya Ghee Batti (Special Ghee),"https://instamart-media-assets.swiggy.com/swiggy/image/upload/fl_lossy,f_auto,q_auto,h_544,w_504/NI_CATALOG/IMAGES/CIW/2025/6/18/0227b717-3f44-49f9-b4d2-f31d6c9439d7_134227_1.png",,25 pieces,5,199,189,10 MINS,Organic,Lion Brand Yarn 24-7 Cotton Yarn
Kukatpally 500072,21-12-2025,12:31:47 PM,Toyshine 3 x 3 Rubik's Cube,"https://instamart-media-assets.swiggy.com/swiggy/image/upload/fl_lossy,f_auto,q_auto,h_544,w_504/NI_CATALOG/IMAGES/CIW/2024/11/22/313a81d1-71c4-4d71-86e2-75e25bd9fb68_757812_1.png","Smooth, speed turns",1 Piece,90,999,94,10 MINS,Organic,Godrej 223 L 3 Star Convertible Freezer
Kukatpally 500072,21-12-2025,12:31:47 PM,"Noise Caliber 3 Go 1.85"" Display, Bluetooth Calling Smart Watch, 10 Days Battery (Jet Black)","https://instamart-media-assets.swiggy.com/swiggy/image/upload/fl_lossy,f_auto,q_auto,h_544,w_504/NI_CATALOG/IMAGES/ciw/2025/8/7/6beb68ec-2cea-4e03-8a38-eebe1ecea2a5_NPI-013695_1_20250807_051615.png",Stylish smartwatch with clear calls,1 Piece,83,5999,999,10 MINS,Organic,Godrej 223 L 3 Star Convertible Freezer
Kukatpally 500072,21-12-2025,12:31:47 PM,Godrej Fab Liquid Detergent Refill Pouch for Machine & Hand Wash,"https://instamart-media-assets.swiggy.com/swiggy/image/upload/fl_lossy,f_auto,q_auto,h_544,w_504/NI_CATALOG/IMAGES/ciw/2025/12/18/eb1abd9c-daae-4c9e-b4e7-5610c9d3e6ef_193ZFMMCUY_MN_18122025.png","Powerful Clean, Convenient Refill.",950 ml,12,99,87,10 MINS,Organic,Godrej 223 L 3 Star Convertible Freezer
Kukatpally 500072,21-12-2025,12:31:47 PM,"Cherilo Standard Elevated Wedge Pillow for Baby Crib & Mattress, Elevate Baby to Prevent Acid Reflux, Colic, GERD, Heat Burn & Vomiting- with Removable Cover - Star Design - Blue","https://instamart-media-assets.swiggy.com/swiggy/image/upload/fl_lossy,f_auto,q_auto,h_544,w_504/NI_CATALOG/IMAGES/CIW/2024/12/27/1e85087a-b23d-4570-91ef-93785ffcb364_250717_1.png",Anti-reflux wedge pillow for better baby comfort,1 Pack,57,1999,845,21 MINS,Organic,Godrej 223 L 3 Star Convertible Freezer
Kukatpally 500072,21-12-2025,12:31:47 PM,Stag Iconic 1 Star Premium Table Tennis Set for Beginners (Orange),"https://instamart-media-assets.swiggy.com/swiggy/image/upload/fl_lossy,f_auto,q_auto,h_544,w_504/NI_CATALOG/IMAGES/CIW/2025/1/24/cabfb4bb-f649-4753-8935-eedad476c0d3_225701_1.png",Beginner's Ping Pong Paradise,1 pack,18,625,510,10 MINS,Organic,Godrej 223 L 3 Star Convertible Freezer
Kukatpally 500072,21-12-2025,12:31:47 PM,Prega News Advance Test Kit | Rapid Single Step Pregnancy Test Kit Device | 99% Accurate Results in 3 Mins,"https://instamart-media-assets.swiggy.com/swiggy/image/upload/fl_lossy,f_auto,q_auto,h_544,w_504/NI_CATALOG/IMAGES/CIW/2025/6/2/a319cfc8-b6cf-4af4-8d28-fc3fef910c2e_82100_1.png","Accurate Results, Convenient Midstream Test.",1 Piece,5,112,106,10 MINS,Organic,Godrej 223 L 3 Star Convertible Freezer
Kukatpally 500072,21-12-2025,12:31:47 PM,"ARISTO Insulated Chiller Ice Box (2.5L, Color May Vary)","https://instamart-media-assets.swiggy.com/swiggy/image/upload/fl_lossy,f_auto,q_auto,h_544,w_504/NI_CATALOG/IMAGES/CIW/2025/2/18/53ca6efd-8e4f-4226-b4b1-5a644e9cb269_268751_1.png",Portable insulated cooler,1 Piece,39,481,289,10 MINS,Organic,Godrej 223 L 3 Star Convertible Freezer
Kukatpally 500072,21-12-2025,12:31:47 PM,Borges Olive Oil for Indian Cooking - 2 L,"https://instamart-media-assets.swiggy.com/swiggy/image/upload/fl_lossy,f_auto,q_auto,h_544,w_504/NI_CATALOG/IMAGES/CIW/2025/5/28/a49addb3-a734-43f9-bcb5-60ac462eda81_6155_1.png","Light & Versatile, Pure Olive Oil.",2 ltr,56,4200,1848,10 MINS,Organic,Godrej 223 L 3 Star Convertible Freezer
Kukatpally 500072,21-12-2025,12:31:47 PM,"Nestle KitKat 3 Fingers, Choco Coated Wafer Bar","https://instamart-media-assets.swiggy.com/swiggy/image/upload/fl_lossy,f_auto,q_auto,h_544,w_504/NI_CATALOG/IMAGES/CIW/2024/11/13/c8f6299b-32ff-499a-b9b8-1b3b9cacfc1d_1794_1.png",Classic 3-finger crispy chocolate wafer,28.5 g,12,25,22,10 MINS,Organic,Godrej 223 L 3 Star Convertible Freezer
Kukatpally 500072,21-12-2025,12:31:47 PM,"Jockey 1406 Women Cotton Hipsters (Pack of 3, Dark Assorted) - S","https://instamart-media-assets.swiggy.com/swiggy/image/upload/fl_lossy,f_auto,q_auto,h_544,w_504/NI_CATALOG/IMAGES/CIW/2025/6/5/1b24bcd6-2104-4581-a547-4ef18229b148_40003_14.png",Soft hipsters with all-day comfort,1 Small,,,,10 MINS,Organic,Godrej 223 L 3 Star Convertible Freezer
Kukatpally 500072,21-12-2025,12:31:47 PM,"Jockey 8037 Men Cotton Solid Briefs (Pack of 2, Black) - S","https://instamart-media-assets.swiggy.com/swiggy/image/upload/fl_lossy,f_auto,q_auto,h_544,w_504/NI_CATALOG/IMAGES/CIW/2025/6/5/18435a33-d734-49bb-a454-ee9f88339a32_53546_1.png",Classic cotton briefs with snug fit,1 S,,,,10 MINS,Organic,Godrej 223 L 3 Star Convertible Freezer
Kukatpally 500072,21-12-2025,12:31:47 PM,Godrej Aer Room Freshener Spray for Home & Office - Jasmine Delight,"https://instamart-media-assets.swiggy.com/swiggy/image/upload/fl_lossy,f_auto,q_auto,h_544,w_504/NI_CATALOG/IMAGES/CIW/2025/12/11/6022509c-b650-424f-b652-c9faa00b5390_9335_1.png",Room freshener spray with a refreshing jasmine scent,200 ml,,,,10 MINS,Organic,Godrej 223 L 3 Star Convertible Freezer
Kukatpally 500072,21-12-2025,12:31:47 PM,Godrej Aer Power Pocket Bathroom Freshener Assorted Pack,"https://instamart-media-assets.swiggy.com/swiggy/image/upload/fl_lossy,f_auto,q_auto,h_544,w_504/886f6ad443c59004134ed435384de5a2","Long-lasting Freshness, Portable Fragrance.",1 Piece,13,195,168,10 MINS,Organic,Godrej 223 L 3 Star Convertible Freezer
Kukatpally 500072,21-12-2025,12:31:47 PM,"OYO BABY Sleeping Bags – Star Print Fleece Blankets for Newborns 0–6 M (Blue, Grey) – Set of 2","https://instamart-media-assets.swiggy.com/swiggy/image/upload/fl_lossy,f_auto,q_auto,h_544,w_504/NI_CATALOG/IMAGES/CIW/2025/8/13/d1ee1c64-e21f-420e-8f46-13070ba57238_714064_1.png",Soft and cozy baby blanket set in stylish star prints,2 Pieces,61,950,364,21 MINS,Organic,Godrej 223 L 3 Star Convertible Freezer
Kukatpally 500072,21-12-2025,12:31:47 PM,Hit Godrej Hit Anti Roach Gel Cockroach Killer 20 G,"https://instamart-media-assets.swiggy.com/swiggy/image/upload/fl_lossy,f_auto,q_auto,h_544,w_504/NI_CATALOG/IMAGES/CIW/2024/3/28/091a3890-9eca-4f6f-9696-2246c0ffa264_repellentsinsecticides_SHPJBSAKM8_MN.png",Targeted gel solution for cockroach control,20 g,10,220,198,10 MINS,Organic,Godrej 223 L 3 Star Convertible Freezer
Kukatpally 500072,21-12-2025,12:31:47 PM,"XYXX Grey & Black Men Trunk (Solid, Pack of 2) - M","https://instamart-media-assets.swiggy.com/swiggy/image/upload/fl_lossy,f_auto,q_auto,h_544,w_504/NI_CATALOG/IMAGES/ciw/2025/11/20/6b971543-9029-4c2a-b988-d7b059a660bc_MY67NGFX2D_MN_20112025.jpg","Ultra-soft trunks, modern fit",1 Medium,7,538,499,10 MINS,Organic,Godrej 223 L 3 Star Convertible Freezer
Kukatpally 500072,21-12-2025,12:31:47 PM,GIVA Anushka Sharma Golden Star Constellation Necklace,"https://instamart-media-assets.swiggy.com/swiggy/image/upload/fl_lossy,f_auto,q_auto,h_544,w_504/NI_CATALOG/IMAGES/CIW/2025/3/17/7b63682c-e5aa-4647-b983-2e71f45a8795_93001_1.png",Celestial chic,1 Piece,44,3399,1899,10 MINS,Organic,Godrej 223 L 3 Star Convertible Freezer
Kukatpally 500072,21-12-2025,12:31:47 PM,Stag Iconic 4 Star Advanced Table Tennis Racket for Competitive Play,"https://instamart-media-assets.swiggy.com/swiggy/image/upload/fl_lossy,f_auto,q_auto,h_544,w_504/NI_CATALOG/IMAGES/CIW/2025/4/9/73cea123-0ef7-4103-b63c-0708aa6d2b47_958035_1.png",Elite Spin Master Paddle,1 Piece,3,700,679,21 MINS,Organic,Godrej 223 L 3 Star Convertible Freezer
Kukatpally 500072,21-12-2025,12:31:47 PM,"Jockey Women Cotton Hipsters (Pack of 3, Dark Prints) - S","https://instamart-media-assets.swiggy.com/swiggy/image/upload/fl_lossy,f_auto,q_auto,h_544,w_504/NI_CATALOG/IMAGES/CIW/2025/7/9/53c539ac-a5d3-47d3-b759-713d7ace6fb9_40001_1.png",,3 S,,,,10 MINS,Organic,Godrej 223 L 3 Star Convertible Freezer
Kukatpally 500072,21-12-2025,12:31:47 PM,Stag Iconic 2 Star Performance Table Tennis Set for Beginners to Intermediate (White),"https://instamart-media-assets.swiggy.com/swiggy/image/upload/fl_lossy,f_auto,q_auto,h_544,w_504/NI_CATALOG/IMAGES/CIW/2025/1/24/ab9d444d-fa37-4447-a9eb-ae30df995749_670681_1.png",Dual-Star Skill Builder Set,1 pack,8,800,729,10 MINS,Organic,Godrej 223 L 3 Star Convertible Freezer
Kukatpally 500072,21-12-2025,12:31:47 PM,"Carbamide Forte Melatonin 10 Mg Sleep Gummies - With Tagara, L Tryptophan & Vitamin B6 | Sleep Supplement","https://instamart-media-assets.swiggy.com/swiggy/image/upload/fl_lossy,f_auto,q_auto,h_544,w_504/NI_CATALOG/IMAGES/ciw/2025/12/18/580b2456-933f-42cf-8fe5-841f58c455d2_6LBZJB3N3A_MN_18122025.png",,60 unit,34,799,520,21 MINS,Organic,Godrej 223 L 3 Star Convertible Freezer
Kukatpally 500072,21-12-2025,12:31:47 PM,Godrej Jersey Soft Paneer,"https://instamart-media-assets.swiggy.com/swiggy/image/upload/fl_lossy,f_auto,q_auto,h_544,w_504/NI_CATALOG/IMAGES/CIW/2025/6/3/07372d6a-c727-4fe0-83f5-690f66ab9eef_3113_1.png",,200 g x 2,22,238,184,10 MINS,Organic,Godrej 223 L 3 Star Convertible Freezer
Kukatpally 500072,21-12-2025,12:31:47 PM,"Jockey 8015 Men Cotton Rib Solid Trunks (Pack of 2, Deep Navy) - S","https://instamart-media-assets.swiggy.com/swiggy/image/upload/fl_lossy,f_auto,q_auto,h_544,w_504/NI_CATALOG/IMAGES/CIW/2025/6/5/1ab5dff5-bbb0-4843-9ea7-dbd789976aea_69265_1.png",Soft and breathable everyday wear,1 S,,,,10 MINS,Organic,Godrej 223 L 3 Star Convertible Freezer
Kukatpally 500072,21-12-2025,12:31:47 PM,Godrej Aer Room Freshener Spray for Home & Office - Cool Aqua,"https://instamart-media-assets.swiggy.com/swiggy/image/upload/fl_lossy,f_auto,q_auto,h_544,w_504/NI_CATALOG/IMAGES/CIW/2025/12/11/91676d8c-0f58-4857-928d-48080c37428a_10835_1.png",Air freshener spray with marine fragrance,200 ml,,,,10 MINS,Organic,Godrej 223 L 3 Star Convertible Freezer
Kukatpally 500072,21-12-2025,12:31:47 PM,Godrej Jersey Thick & Tasty Curd 1KG Tub,"https://instamart-media-assets.swiggy.com/swiggy/image/upload/fl_lossy,f_auto,q_auto,h_544,w_504/NI_CATALOG/IMAGES/ciw/2025/12/17/f0698680-4aaa-48a9-ad3d-2980c86e755e_QH22VZ7K0Z_MN_16122025.png",Everyday Thick & Tasty Curd,1 kg,29,120,85,10 MINS,Organic,Godrej 223 L 3 Star Convertible Freezer
Kukatpally 500072,21-12-2025,12:31:47 PM,"Godrej Locks Alloy Steel 6 Levers Square Padlock for Home with 4 Keys (50mm, Silver)","https://instamart-media-assets.swiggy.com/swiggy/image/upload/fl_lossy,f_auto,q_auto,h_544,w_504/NI_CATALOG/IMAGES/CIW/2024/8/22/8f936001-3d77-4c3a-993f-2cae27112f78_371783_1.png",Home Haven Hexa-Shield,1 Piece,10,390,350,10 MINS,Organic,Godrej 223 L 3 Star Convertible Freezer
Kukatpally 500072,21-12-2025,12:31:47 PM,Godrej Aer Power Pocket Bathroom Freshener Assorted Pack,"https://instamart-media-assets.swiggy.com/swiggy/image/upload/fl_lossy,f_auto,q_auto,h_544,w_504/NI_CATALOG/IMAGES/CIW/2024/3/28/78e96188-54b5-4b45-85db-95611992663b_freshenerfragrance_K2NLGH7U61_MN.png",Compact gel freshener in assorted fragrances for bathroom,50 g,15,325,276,10 MINS,Organic,Godrej 223 L 3 Star Convertible Freezer
Kukatpally 500072,21-12-2025,12:31:47 PM,Party Propz 3D Paper Star Hanging for Decorations (Pack of 2),"https://instamart-media-assets.swiggy.com/swiggy/image/upload/fl_lossy,f_auto,q_auto,h_544,w_504/NI_CATALOG/IMAGES/CIW/2024/11/21/7a9d0e95-ff2d-494e-bb43-064eef037919_919802_4.png",Illuminate your celebrations with a celestial glow.,1 pack,83,599,99,10 MINS,Organic,Godrej 223 L 3 Star Convertible Freezer
Kukatpally 500072,21-12-2025,12:31:47 PM,Godrej Jersey Homogenised Toned Milk,"https://instamart-media-assets.swiggy.com/swiggy/image/upload/fl_lossy,f_auto,q_auto,h_544,w_504/NI_CATALOG/IMAGES/ciw/2025/12/17/390ae95b-2eff-4d56-9042-2bdeb2fd752f_Y73B1ZAAUM_MN_16122025.png",Homogenised and toned milk,500 ml,3,32,31,10 MINS,Organic,Godrej 223 L 3 Star Convertible Freezer
Kukatpally 500072,21-12-2025,12:31:47 PM,Godrej Jersey Thick & Tasty Curd,"https://instamart-media-assets.swiggy.com/swiggy/image/upload/fl_lossy,f_auto,q_auto,h_544,w_504/NI_CATALOG/IMAGES/ciw/2025/12/17/d05da469-5b25-4986-93c1-935145344ad3_WOW2GAXBAK_MN_16122025.png",Thick creamy curd from Godrej,425 g,10,50,45,10 MINS,Organic,Godrej 223 L 3 Star Convertible Freezer
Kukatpally 500072,21-12-2025,12:31:47 PM,Bodycare Assorted Women Brief - S,"https://instamart-media-assets.swiggy.com/swiggy/image/upload/fl_lossy,f_auto,q_auto,h_544,w_504/NI_CATALOG/IMAGES/CIW/2024/5/22/2a959876-0b33-48c4-9339-4d85767ced93_FashionClothing_VA5T1C5CYA_MN.png",,1 S,14,330,282,21 MINS,Organic,Godrej 223 L 3 Star Convertible Freezer
Kukatpally 500072,21-12-2025,12:31:47 PM,Cadbury 5 Star Chocolate Bar,"https://instamart-media-assets.swiggy.com/swiggy/image/upload/fl_lossy,f_auto,q_auto,h_544,w_504/NI_CATALOG/IMAGES/CIW/2025/10/28/eae2ffc5-5c6e-4964-b97e-b7de19edf42b_893_1.png",Classic gooey caramel and nougat chocolate bar,35.2 g,,,,10 MINS,Organic,Godrej 223 L 3 Star Convertible Freezer
Kukatpally 500072,21-12-2025,12:32:16 PM,Britannia Marie Gold Biscuits,"https://instamart-media-assets.swiggy.com/swiggy/image/upload/fl_lossy,f_auto,q_auto,h_544,w_504/NI_CATALOG/IMAGES/ciw/2025/12/18/c2e6ec0d-75bf-4985-af79-7a6ce190fd18_OVGDUAIX92_MN_17122025.png",Light and crisp tea-time digestive biscuits,250 g,7,40,37,10 MINS,Organic,Britannia Marie Gold Biscuits
Kukatpally 500072,21-12-2025,12:32:16 PM,Britannia Marie Gold,"https://instamart-media-assets.swiggy.com/swiggy/image/upload/fl_lossy,f_auto,q_auto,h_544,w_504/NI_CATALOG/IMAGES/ciw/2025/12/18/1b2a4420-a22c-4494-aca3-617715393b85_DJA0PRHIUP_MN_17122025.png",Classic & Light Marie Biscuits,1.05 kg,12,145,127,10 MINS,Organic,Britannia Marie Gold Biscuits
Kukatpally 500072,21-12-2025,12:32:16 PM,Britannia Biscuits Vita Marie Gold,"https://instamart-media-assets.swiggy.com/swiggy/image/upload/fl_lossy,f_auto,q_auto,h_544,w_504/NI_CATALOG/IMAGES/CIW/2025/1/24/871507da-2c70-42c0-a693-4713070b3126_21264_1.png",Light digestive biscuits with vitamins,248 g,4,45,43,10 MINS,Organic,Britannia Marie Gold Biscuits
Kukatpally 500072,21-12-2025,12:32:16 PM,Britannia Nutrichoice Digestive High-Fibre Biscuits & Britannia Treat Jimjam Biscuits,"https://instamart-media-assets.swiggy.com/swiggy/image/upload/fl_lossy,f_auto,q_auto,h_544,w_504/NI_CATALOG/IMAGES/CIW/2025/9/4/07cf0737-17fc-4c7d-b435-0cc6f1c72498_VC_HU4AMNHMP.png",,1 Combo,26,297,218,,Ad,Britannia Marie Gold Biscuits
Kukatpally 500072,21-12-2025,12:32:16 PM,Sunfeast Marie Light Rich Taste,"https://instamart-media-assets.swiggy.com/swiggy/image/upload/fl_lossy,f_auto,q_auto,h_544,w_504/NI_CATALOG/IMAGES/ciw/2025/12/18/51127af3-044a-474f-b348-62c9ef2f7195_MOL5Y37VD5_MN_17122025.png",Sweetness Straight from Nature,956 g,28,150,107,,Ad,Britannia Marie Gold Biscuits
Kukatpally 500072,21-12-2025,12:32:16 PM,Britannia Vita Marie Gold Chai Time,"https://instamart-media-assets.swiggy.com/swiggy/image/upload/fl_lossy,f_auto,q_auto,h_544,w_504/NI_CATALOG/IMAGES/ciw/2025/12/18/0343ac91-6af9-4bdb-8e53-ea230dc45b86_B8KAQQV7F6_MN_17122025.png",Classic chai-time biscuit with added nutrition.,1000 g,6,144,134,10 MINS,Organic,Britannia Marie Gold Biscuits
Kukatpally 500072,21-12-2025,12:32:16 PM,Britannia Good Day Fruit & Nut Cookies | Zero Trans Fat & Britannia Vita Marie Gold Chai Time,"https://instamart-media-assets.swiggy.com/swiggy/image/upload/fl_lossy,f_auto,q_auto,h_544,w_504/NI_CATALOG/IMAGES/CIW/2025/9/4/d6db0ae1-57f9-4610-8b9a-3e3eb89790c6_VC_GO4AE2NO5.png",,1 Combo,25,324,242,10 MINS,Organic,Britannia Marie Gold Biscuits
Kukatpally 500072,21-12-2025,12:32:16 PM,Sunfeast Marie Light Rich Taste Biscuits,"https://instamart-media-assets.swiggy.com/swiggy/image/upload/fl_lossy,f_auto,q_auto,h_544,w_504/NI_CATALOG/IMAGES/ciw/2025/12/18/e8128086-0da0-466d-864f-790ab806122f_2MI8NMUGJQ_MN_17122025.png",,243 g,26,45,33,SOLD OUT,Organic,Britannia Marie Gold Biscuits
Kukatpally 500072,21-12-2025,12:32:16 PM,Britannia Nutrichoice Hi-Fibre Digestive Biscuits,"https://instamart-media-assets.swiggy.com/swiggy/image/upload/fl_lossy,f_auto,q_auto,h_544,w_504/NI_CATALOG/IMAGES/ciw/2025/12/18/085b1d93-8b9e-4f7a-b256-e5b6afb234b6_93NDEHIXC9_MN_17122025.png",High-fibre biscuits for healthy snacking,125 g,12,25,22,10 MINS,Organic,Britannia Marie Gold Biscuits
Kukatpally 500072,21-12-2025,12:32:16 PM,Britannia Nutrichoice Digestive High-Fibre Biscuits,"https://instamart-media-assets.swiggy.com/swiggy/image/upload/fl_lossy,f_auto,q_auto,h_544,w_504/NI_CATALOG/IMAGES/ciw/2025/12/18/de8d199d-200b-40e3-bf7f-a51ca8cbcee8_QJO9COCRG9_MN_17122025.png",High-fibre digestive biscuits,960 g,29,198,139,10 MINS,Organic,Britannia Marie Gold Biscuits
Kukatpally 500072,21-12-2025,12:32:16 PM,Britannia 5050 Maska Chaska Biscuits,"https://instamart-media-assets.swiggy.com/swiggy/image/upload/fl_lossy,f_auto,q_auto,h_544,w_504/NI_CATALOG/IMAGES/CIW/2025/12/19/758489b2-05e3-4e4d-bec8-6c563bec8891_89_1.png",Sweet & salty butter-flavored snack,114.1 g,10,30,27,10 MINS,Organic,Britannia Marie Gold Biscuits
Kukatpally 500072,21-12-2025,12:32:16 PM,Parle G Glucose,"https://instamart-media-assets.swiggy.com/swiggy/image/upload/fl_lossy,f_auto,q_auto,h_544,w_504/NI_CATALOG/IMAGES/ciw/2025/12/18/f7221a27-c8dd-4281-8046-a8f746a4a337_P7K39U3YI8_MN_17122025.png",Classic energy biscuits,250 g,,,,10 MINS,Organic,Britannia Marie Gold Biscuits
Kukatpally 500072,21-12-2025,12:32:16 PM,Britannia Good Day Cashew Cookies,"https://instamart-media-assets.swiggy.com/swiggy/image/upload/fl_lossy,f_auto,q_auto,h_544,w_504/NI_CATALOG/IMAGES/CIW/2025/12/20/f4b9c7bd-a8a2-4379-8049-436945a7e948_908_1.png",Crunchy butter cookies with roasted cashew pieces,82.7 g,,,,10 MINS,Organic,Britannia Marie Gold Biscuits
Kukatpally 500072,21-12-2025,12:32:16 PM,Parle Marie Biscuits,"https://instamart-media-assets.swiggy.com/swiggy/image/upload/fl_lossy,f_auto,q_auto,h_544,w_504/NI_CATALOG/IMAGES/ciw/2025/12/18/f48904ee-ed85-48bc-8700-99408122a857_TBK6M2YT2X_MN_17122025.png",Light teatime classic,239.7 g,11,35,31,10 MINS,Organic,Britannia Marie Gold Biscuits
Kukatpally 500072,21-12-2025,12:32:16 PM,Britannia Little Hearts Classic Crunch,"https://instamart-media-assets.swiggy.com/swiggy/image/upload/fl_lossy,f_auto,q_auto,h_544,w_504/NI_CATALOG/IMAGES/CIW/2025/12/20/5e23b21d-d98d-4f62-85e3-c27b45ad81c2_90_1.png",Classic sugar-dusted crunchy biscuits,79 g,16,30,25,10 MINS,Organic,Britannia Marie Gold Biscuits
Kukatpally 500072,21-12-2025,12:32:16 PM,Mcvitie's Digestive High Fibre Biscuits With Goodness Of Wholewheat,"https://instamart-media-assets.swiggy.com/swiggy/image/upload/fl_lossy,f_auto,q_auto,h_544,w_504/NI_CATALOG/IMAGES/ciw/2025/12/18/a2e3fd16-cea8-475e-8895-4e66ae8592f8_JD3BU3QLZR_MN_17122025.png",Wholewheat high-fibre healthy biscuits,959.1 g,37,199,124,10 MINS,Organic,Britannia Marie Gold Biscuits
Kukatpally 500072,21-12-2025,12:32:16 PM,Britannia Nice Time Sugar Showered Coconut Biscuits,"https://instamart-media-assets.swiggy.com/swiggy/image/upload/fl_lossy,f_auto,q_auto,h_544,w_504/NI_CATALOG/IMAGES/ciw/2025/12/18/7c0d955f-9b3f-4a8d-9d88-9ebe39d85926_IEMCM5P3YK_MN_17122025.png",Sugar-dusted coconut biscuits with a crunch,152 g,4,22,21,10 MINS,Organic,Britannia Marie Gold Biscuits
Kukatpally 500072,21-12-2025,12:32:16 PM,Britannia NutriChoice 5 Grain Digestive Biscuit | 0% Maida & High Fibre,"https://instamart-media-assets.swiggy.com/swiggy/image/upload/fl_lossy,f_auto,q_auto,h_544,w_504/NI_CATALOG/IMAGES/ciw/2025/12/18/d2277cc7-de0b-4e8f-be1b-930e13a6320a_FWZXWGPP8I_MN_17122025.png",Hearty fiber crunch,200 g,12,65,57,10 MINS,Organic,Britannia Marie Gold Biscuits
Kukatpally 500072,21-12-2025,12:32:16 PM,Parle Krack Jack Sweet & Salty Crackers,"https://instamart-media-assets.swiggy.com/swiggy/image/upload/fl_lossy,f_auto,q_auto,h_544,w_504/NI_CATALOG/IMAGES/ciw/2025/12/18/23dd359d-f715-4b8e-b04e-005c920ce118_5B2P55K9EZ_MN_17122025.png",Classic sweet and salty tea biscuits,176.4 g,,,,10 MINS,Organic,Britannia Marie Gold Biscuits
Kukatpally 500072,21-12-2025,12:32:16 PM,Britannia NutriChoice Oats Orange & Almond Biscuits | 0% Maida,"https://instamart-media-assets.swiggy.com/swiggy/image/upload/fl_lossy,f_auto,q_auto,h_544,w_504/NI_CATALOG/IMAGES/CIW/2025/12/20/c660b244-d9da-465f-987a-e08f2d2d16f7_6677_1.png",,66.6 g,9,22,20,10 MINS,Organic,Britannia Marie Gold Biscuits
Kukatpally 500072,21-12-2025,12:32:16 PM,Britannia Milk Bikis Biscuits | 100% Atta,"https://instamart-media-assets.swiggy.com/swiggy/image/upload/fl_lossy,f_auto,q_auto,h_544,w_504/NI_CATALOG/IMAGES/ciw/2025/12/18/b6aa4980-764f-4a46-8dd3-dc35d43db7fb_730AM6ZNMK_MN_17122025.png",Nutritious biscuits for kids,190.5 g,6,30,28,10 MINS,Organic,Britannia Marie Gold Biscuits
Kukatpally 500072,21-12-2025,12:32:16 PM,Parle Parle-G Original Glucose Biscuits,"https://instamart-media-assets.swiggy.com/swiggy/image/upload/fl_lossy,f_auto,q_auto,h_544,w_504/NI_CATALOG/IMAGES/ciw/2025/12/18/3524c9af-12c6-4b25-82be-9031402197e4_TPNU4B4XLM_MN_17122025.png",Trusted glucose treat,800 g,6,90,84,10 MINS,Organic,Britannia Marie Gold Biscuits
Kukatpally 500072,21-12-2025,12:32:16 PM,Britannia Nutri Choice Hi-Fibre Digestive Biscuits,"https://instamart-media-assets.swiggy.com/swiggy/image/upload/fl_lossy,f_auto,q_auto,h_544,w_504/NI_CATALOG/IMAGES/ciw/2025/12/18/b9390a4f-422a-4ed7-8b80-55be1a46dddf_XGTO9C20BI_MN_17122025.png",,250 g,6,60,56,10 MINS,Organic,Britannia Marie Gold Biscuits
Kukatpally 500072,21-12-2025,12:32:16 PM,Parle Marie,"https://instamart-media-assets.swiggy.com/swiggy/image/upload/fl_lossy,f_auto,q_auto,h_544,w_504/NI_CATALOG/IMAGES/ciw/2025/12/18/99d50da1-d23d-4fe4-be98-63e4b9fd5632_UJ41V98Z5Q_MN_17122025.png","Classic Biscuit, Buttery Goodness.",800 g,48,204,105,10 MINS,Organic,Britannia Marie Gold Biscuits
Kukatpally 500072,21-12-2025,12:32:16 PM,Parle Parle G Gold Biscuits Pouch,"https://instamart-media-assets.swiggy.com/swiggy/image/upload/fl_lossy,f_auto,q_auto,h_544,w_504/NI_CATALOG/IMAGES/ciw/2025/12/18/2277be58-0a41-4cf5-86ae-13a38639263c_VLM5FL917H_MN_17122025.png",Classic high-energy biscuits in pouch pack,1 kg,14,142,122,10 MINS,Organic,Britannia Marie Gold Biscuits
Kukatpally 500072,21-12-2025,12:32:16 PM,Parle Monaco Crispy Light Salty Snack,"https://instamart-media-assets.swiggy.com/swiggy/image/upload/fl_lossy,f_auto,q_auto,h_544,w_504/NI_CATALOG/IMAGES/ciw/2025/12/18/006e6414-ba52-4345-ba83-441b2086a887_7ERPJ1RHWT_MN_17122025.png","Crispy, salty biscuit for everyday snacking",185.6 g,,,,10 MINS,Organic,Britannia Marie Gold Biscuits
Kukatpally 500072,21-12-2025,12:32:16 PM,Britannia NutriChoice Seeds Biscuits | 0% Maida & High Fibre,"https://instamart-media-assets.swiggy.com/swiggy/image/upload/fl_lossy,f_auto,q_auto,h_544,w_504/NI_CATALOG/IMAGES/CIW/2025/12/20/4c0ba6bb-1d42-4cc7-89f5-f4b327a4513f_17006_1.png","High-fibre, maida-free seed biscuits",83.3 g,8,25,23,10 MINS,Organic,Britannia Marie Gold Biscuits
Kukatpally 500072,21-12-2025,12:32:16 PM,Britannia NutriChoice Digestive Zero High Fibre Biscuits | With 0% Added Sugar & Maida,"https://instamart-media-assets.swiggy.com/swiggy/image/upload/fl_lossy,f_auto,q_auto,h_544,w_504/NI_CATALOG/IMAGES/CIW/2025/12/20/8d7bc5f3-dd6a-4dcc-9265-993a7a718206_13994_1.png","No sugar, high fiber",100 g,6,30,28,10 MINS,Organic,Britannia Marie Gold Biscuits
Kukatpally 500072,21-12-2025,12:32:16 PM,"Britannia NutriChoice Oats Cookies | Diabetic Friendly, Zero Added Sugar & 0% Maida","https://instamart-media-assets.swiggy.com/swiggy/image/upload/fl_lossy,f_auto,q_auto,h_544,w_504/NI_CATALOG/IMAGES/ciw/2025/12/18/cfb97a2c-ef32-4870-bfda-1be3d40b0da8_IFWA1W0CU1_MN_17122025.png",Diabetic-friendly oats cookies with no maida,150 g,12,65,57,10 MINS,Organic,Britannia Marie Gold Biscuits
Kukatpally 500072,21-12-2025,12:32:16 PM,Britannia Milk Bikis Sandwich Biscuits,"https://instamart-media-assets.swiggy.com/swiggy/image/upload/fl_lossy,f_auto,q_auto,h_544,w_504/NI_CATALOG/IMAGES/ciw/2025/12/18/7d5c602a-36ee-4480-a75c-870945e64676_7Z66YMCLXN_MN_17122025.png",,188 g,8,50,46,10 MINS,Organic,Britannia Marie Gold Biscuits
Kukatpally 500072,21-12-2025,12:32:16 PM,Sunfeast Farmlite High Fiber Digestive Pouch,"https://instamart-media-assets.swiggy.com/swiggy/image/upload/fl_lossy,f_auto,q_auto,h_544,w_504/NI_CATALOG/IMAGES/ciw/2025/12/18/55765571-d345-4c1d-95d7-9770ccab309d_V8Z88PBPQS_MN_17122025.png",High-fiber wheat biscuits in pouch pack,800 g,53,230,108,10 MINS,Organic,Britannia Marie Gold Biscuits
Kukatpally 500072,21-12-2025,12:32:16 PM,SUNDER Jaggy Marie,"https://instamart-media-assets.swiggy.com/swiggy/image/upload/fl_lossy,f_auto,q_auto,h_544,w_504/NI_CATALOG/IMAGES/ciw/2025/12/18/41805e22-db4f-4588-99e3-fd75443a68eb_8WDN6W0TXA_MN_17122025.png",Light and crisp jaggery-flavored Marie biscuits,300 g,25,35,26,10 MINS,Organic,Britannia Marie Gold Biscuits
Kukatpally 500072,21-12-2025,12:32:53 PM,Harpic Power Plus Stain Removal Disinfectant Toilet Cleaner (Original),"https://instamart-media-assets.swiggy.com/swiggy/image/upload/fl_lossy,f_auto,q_auto,h_544,w_504/NI_CATALOG/IMAGES/ciw/2025/12/18/e5506ebe-c04f-42ea-9564-eba4eff74ad3_PBKIXD1ZII_MN_18122025.png","Powerful Clean, Stain Removal.",600 ml,,,,9 MINS,Organic,Harpic Power Plus Clean Disinfectant Toilet Cleaner
Kukatpally 500072,21-12-2025,12:32:53 PM,"Harpic Original Toilet Cleaner, 5 Min Action, 10X Advanced, Disinfectant","https://instamart-media-assets.swiggy.com/swiggy/image/upload/fl_lossy,f_auto,q_auto,h_544,w_504/NI_CATALOG/IMAGES/CIW/2025/5/27/6a54bc45-68ef-4bbc-a8b2-2a49427f9e80_3418_1.png","Powerful Clean, Stain Removal Formula.",1 ltr x 2,15,470,395,9 MINS,Organic,Harpic Power Plus Clean Disinfectant Toilet Cleaner
Kukatpally 500072,21-12-2025,12:32:53 PM,Harpic White And Shine Bleach Disinfectant Liquid Toilet Cleaner,"https://instamart-media-assets.swiggy.com/swiggy/image/upload/fl_lossy,f_auto,q_auto,h_544,w_504/NI_CATALOG/IMAGES/ciw/2025/12/18/7be3a6d5-3a80-44ed-a8cb-52780fcef8a9_SJY8YGGRZ6_MN_18122025.png","Tough on Stains, Gentle Shine with Powerful Disinfection",500 ml,2,115,112,9 MINS,Organic,Harpic Power Plus Clean Disinfectant Toilet Cleaner
Kukatpally 500072,21-12-2025,12:32:53 PM,Harpic Power Plus Toilet Cleaner Original & Bathroom Cleaner Lemon Combo,"https://instamart-media-assets.swiggy.com/swiggy/image/upload/fl_lossy,f_auto,q_auto,h_544,w_504/9ae616a72d8de29d6ada733505152702","Powerful Clean, Lemon Freshness.",1 combo,13,454,392,9 MINS,Organic,Harpic Power Plus Clean Disinfectant Toilet Cleaner
Kukatpally 500072,21-12-2025,12:32:53 PM,"Harpic Lemon Toilet Cleaner, 5 Min Action, 10X Advanced, Disinfectant","https://instamart-media-assets.swiggy.com/swiggy/image/upload/fl_lossy,f_auto,q_auto,h_544,w_504/NI_CATALOG/IMAGES/ciw/2025/12/18/88b95dd8-46e6-4e29-8307-8f26c04823eb_KS53BB9GFJ_MN_18122025.png",Lemon-scented disinfectant toilet liquid,1 ltr,11,245,218,9 MINS,Organic,Harpic Power Plus Clean Disinfectant Toilet Cleaner
Kukatpally 500072,21-12-2025,12:32:53 PM,"Harpic Original Toilet Cleaner, 5 Min Action, 10X Advanced, Disinfectant","https://instamart-media-assets.swiggy.com/swiggy/image/upload/fl_lossy,f_auto,q_auto,h_544,w_504/NI_CATALOG/IMAGES/ciw/2025/12/18/b2abf21d-1612-4234-be13-e092e2bdcd62_HPZI64Y587_MN_18122025.png","Powerful Clean, Hygienic Formula.",2 ltr,15,470,396,9 MINS,Organic,Harpic Power Plus Clean Disinfectant Toilet Cleaner
Kukatpally 500072,21-12-2025,12:32:53 PM,Harpic White And Shine Disinfectant Toilet Cleaner Bleach Liquid,"https://instamart-media-assets.swiggy.com/swiggy/image/upload/fl_lossy,f_auto,q_auto,h_544,w_504/NI_CATALOG/IMAGES/CIW/2025/9/23/bc9803e2-9c09-4caf-8659-5188a01e3878_86679_1.png",Sparkling white clean,1 ltr x 2,12,490,430,9 MINS,Organic,Harpic Power Plus Clean Disinfectant Toilet Cleaner
Kukatpally 500072,21-12-2025,12:32:53 PM,"Harpic Lemon Bathroom Cleaner, 10X Better Cleaning, Disinfectant","https://instamart-media-assets.swiggy.com/swiggy/image/upload/fl_lossy,f_auto,q_auto,h_544,w_504/NI_CATALOG/IMAGES/ciw/2025/12/18/4a73a8fa-08ee-4f83-a60b-1bf8e1d653e6_V5WU5ALI08_MN_18122025.png",Powerful lemon cleaner for a fresh bathroom.,500 ml,,,,9 MINS,Organic,Harpic Power Plus Clean Disinfectant Toilet Cleaner
Kukatpally 500072,21-12-2025,12:32:53 PM,Harpic Power Plus Toilet Cleaner Original & Lizol Disinfectant Floor Cleaner Citrus Combo,"https://instamart-media-assets.swiggy.com/swiggy/image/upload/fl_lossy,f_auto,q_auto,h_544,w_504/010ec41128db8e189dce942588c093c8","Citrus Freshness, Powerful Clean.",1 combo,13,495,429,9 MINS,Organic,Harpic Power Plus Clean Disinfectant Toilet Cleaner
Kukatpally 500072,21-12-2025,12:32:53 PM,"Harpic Power Plus Toilet Cleaner Original, & Lizol Disinfectant Floor Cleaner Floral Combo","https://instamart-media-assets.swiggy.com/swiggy/image/upload/fl_lossy,f_auto,q_auto,h_544,w_504/43992f8db0b0554cce45cdb4cfeca64a","Powerful Clean, Floral Freshness.",1 combo,15,495,417,9 MINS,Organic,Harpic Power Plus Clean Disinfectant Toilet Cleaner
Kukatpally 500072,21-12-2025,12:32:53 PM,Harpic Disinfectant Toilet Cleaner Liquid Refreshing Marine,"https://instamart-media-assets.swiggy.com/swiggy/image/upload/fl_lossy,f_auto,q_auto,h_544,w_504/NI_CATALOG/IMAGES/CIW/2024/8/2/67896ccc-4493-46f6-8075-994cb23b74bb_28281_1.png",Marine fresh hygiene,1 ltr x 2,11,490,435,9 MINS,Organic,Harpic Power Plus Clean Disinfectant Toilet Cleaner
Kukatpally 500072,21-12-2025,12:32:53 PM,"Harpic Black Stain Blaster Toilet Cleaner, Citrus","https://instamart-media-assets.swiggy.com/swiggy/image/upload/fl_lossy,f_auto,q_auto,h_544,w_504/NI_CATALOG/IMAGES/ciw/2025/12/18/28db94f6-63b8-41ba-86fb-442fe47216ee_UAISMS3SLC_MN_18122025.png",Powerful germ & stain remover with citrus fragrance,750 ml,24,199,150,9 MINS,Organic,Harpic Power Plus Clean Disinfectant Toilet Cleaner
Kukatpally 500072,21-12-2025,12:32:53 PM,"Harpic Jasmine Toilet Cleaner, 5 Min Action, 10X Advanced, Disinfectant","https://instamart-media-assets.swiggy.com/swiggy/image/upload/fl_lossy,f_auto,q_auto,h_544,w_504/NI_CATALOG/IMAGES/ciw/2025/12/18/2dd174d7-7a13-49bf-b7b2-50d76d72c9a4_ZVKVZAI3LW_MN_18122025.png",Jasmine fresh toilet,1 ltr,10,245,220,9 MINS,Organic,Harpic Power Plus Clean Disinfectant Toilet Cleaner
Kukatpally 500072,21-12-2025,12:32:53 PM,"Harpic Power Plusl & Toilet Cleaner, Citrus Combo","https://instamart-media-assets.swiggy.com/swiggy/image/upload/fl_lossy,f_auto,q_auto,h_544,w_504/c39d1386687391137df48c0d5d177adb","Citrus Freshness, Powerful Clean.",1 combo,19,434,350,9 MINS,Organic,Harpic Power Plus Clean Disinfectant Toilet Cleaner
Kukatpally 500072,21-12-2025,12:32:53 PM,Harpic Toilet Cleaner Original & Lizol Floor Cleaner Citrus & Dis-Infectant Bathroom Cleaner Combo,"https://instamart-media-assets.swiggy.com/swiggy/image/upload/fl_lossy,f_auto,q_auto,h_544,w_504/6d147ef7fd3246a3a5cd6b87aa89c071","Complete Bathroom Clean, Citrus & Lemon Freshness.",1 combo,12,714,628,9 MINS,Organic,Harpic Power Plus Clean Disinfectant Toilet Cleaner
Kukatpally 500072,21-12-2025,12:32:53 PM,"Harpic Lemon Bathroom Cleaner, 10X Better Cleaning, Disinfectant","https://instamart-media-assets.swiggy.com/swiggy/image/upload/fl_lossy,f_auto,q_auto,h_544,w_504/NI_CATALOG/IMAGES/ciw/2025/12/18/62a0bf67-d4a1-4475-8dcc-bb553a8cf489_TQDTXAYXLT_MN_18122025.png","Citrus Clean, Sparkling Bathroom.",1 ltr,9,219,199,9 MINS,Organic,Harpic Power Plus Clean Disinfectant Toilet Cleaner
Kukatpally 500072,21-12-2025,12:32:53 PM,"Harpic Power Plus Toilet Cleaner Original & Flushmatic In Cistern Toilet Cleaner, Marine Combo","https://instamart-media-assets.swiggy.com/swiggy/image/upload/fl_lossy,f_auto,q_auto,h_544,w_504/407f4106e9c4c58b16ac6902fa3e7c4c","Powerful Clean, Marine Freshness.",1 combo,13,425,368,9 MINS,Organic,Harpic Power Plus Clean Disinfectant Toilet Cleaner
Kukatpally 500072,21-12-2025,12:32:53 PM,Harpic Power Plus Toilet Cleaner Original & Fresh Power 6 Marine Splash Toilet Rim Block Combo,"https://instamart-media-assets.swiggy.com/swiggy/image/upload/fl_lossy,f_auto,q_auto,h_544,w_504/114c07c5f01ea78dd09ae377c78927a1","Powerful Clean, Marine Freshness.",1 combo,11,445,392,9 MINS,Organic,Harpic Power Plus Clean Disinfectant Toilet Cleaner
Kukatpally 500072,21-12-2025,12:32:53 PM,"Harpic Disinfectant Bathroom Cleaner (Lemon), Colin Glass & Household Cleaner and Harpic Power Plus Stain Removal Disinfectant Toilet Cleaner (Original)","https://instamart-media-assets.swiggy.com/swiggy/image/upload/fl_lossy,f_auto,q_auto,h_544,w_504/NI_CATALOG/IMAGES/CIW/2025/5/16/875bb688-ae9b-4769-9822-07eee25ccdf7_868005.png",,1 combo,1,374,371,9 MINS,Organic,Harpic Power Plus Clean Disinfectant Toilet Cleaner
Kukatpally 500072,21-12-2025,12:32:53 PM,Clean Champ Disinfectant Toilet Cleaner,"https://instamart-media-assets.swiggy.com/swiggy/image/upload/fl_lossy,f_auto,q_auto,h_544,w_504/3cddc18118f1b37d6aafa0a1b7cd994b",,500 ml x 2,44,198,110,9 MINS,Organic,Harpic Power Plus Clean Disinfectant Toilet Cleaner
Kukatpally 500072,21-12-2025,12:32:53 PM,Domex Disinfectant Expert Toilet Cleaner,"https://instamart-media-assets.swiggy.com/swiggy/image/upload/fl_lossy,f_auto,q_auto,h_544,w_504/NI_CATALOG/IMAGES/ciw/2025/12/18/6df394d2-e08a-488e-b5f3-abaaf08610b1_2YFJGY1CPG_MN_18122025.png",Powerful toilet disinfectant,1 ltr,20,245,195,9 MINS,Organic,Harpic Power Plus Clean Disinfectant Toilet Cleaner
Kukatpally 500072,21-12-2025,12:32:53 PM,Harpic Power Plus Toilet Cleaner Original & Colin Glass & Multisurface Cleaner Combo,"https://instamart-media-assets.swiggy.com/swiggy/image/upload/fl_lossy,f_auto,q_auto,h_544,w_504/NI_CATALOG/IMAGES/CIW/2024/8/17/91034afc-7caa-41f7-97f1-a54ee1e4ea13_19272_1.png","Powerful Clean, Multi-Surface Shine.",1 combo,10,350,312,9 MINS,Organic,Harpic Power Plus Clean Disinfectant Toilet Cleaner
Kukatpally 500072,21-12-2025,12:32:53 PM,Domex Toilet Cleaner Lime Fresh,"https://instamart-media-assets.swiggy.com/swiggy/image/upload/fl_lossy,f_auto,q_auto,h_544,w_504/NI_CATALOG/IMAGES/ciw/2025/12/18/23b09366-2d5e-4e5a-a60e-9c2289cf8254_1Q615G0U4M_MN_18122025.png",Limescale fighter clean,1 ltr,20,245,195,9 MINS,Organic,Harpic Power Plus Clean Disinfectant Toilet Cleaner
Kukatpally 500072,21-12-2025,12:32:53 PM,Domex Power foam Spray Floral Blast,"https://instamart-media-assets.swiggy.com/swiggy/image/upload/fl_lossy,f_auto,q_auto,h_544,w_504/NI_CATALOG/IMAGES/ciw/2025/12/18/e5e34c66-80c3-4586-8986-0ff29a1798de_A44MFD0HWQ_MN_18122025.png",,450 ml,20,230,183,9 MINS,Organic,Harpic Power Plus Clean Disinfectant Toilet Cleaner
Kukatpally 500072,21-12-2025,12:32:53 PM,Lizol Floor Citrus & Harpic Toilet Blocks Marine Cleaner Combo,"https://instamart-media-assets.swiggy.com/swiggy/image/upload/fl_lossy,f_auto,q_auto,h_544,w_504/9c35004683862417e03104cae5191332","Citrus & Marine, Complete Bathroom Clean.",1 combo,11,752,663,9 MINS,Organic,Harpic Power Plus Clean Disinfectant Toilet Cleaner
Kukatpally 500072,21-12-2025,12:32:53 PM,Household Cleaner Combo,"https://instamart-media-assets.swiggy.com/swiggy/image/upload/fl_lossy,f_auto,q_auto,h_544,w_504/m989xmnkyttw2uc0cjxj","Complete Clean, Household Essentials.",1 combo,10,569,511,9 MINS,Organic,Harpic Power Plus Clean Disinfectant Toilet Cleaner
Kukatpally 500072,21-12-2025,12:32:53 PM,Lizol Citrus Floor Cleaner Liquid Disinfectant Surface Cleaner,"https://instamart-media-assets.swiggy.com/swiggy/image/upload/fl_lossy,f_auto,q_auto,h_544,w_504/NI_CATALOG/IMAGES/ciw/2025/12/18/d7266cf1-178d-4e07-a884-26608ecd5b96_BIOCW5BXS6_MN_18122025.png","Powerful Clean, Citrus Freshness.",1 ltr,11,260,229,9 MINS,Organic,Harpic Power Plus Clean Disinfectant Toilet Cleaner
Kukatpally 500072,21-12-2025,12:32:53 PM,Harpic Hygienic Toilet Cleaner Rim Block (Lavender),"https://instamart-media-assets.swiggy.com/swiggy/image/upload/fl_lossy,f_auto,q_auto,h_544,w_504/NI_CATALOG/IMAGES/CIW/2024/10/25/6b0674d9-5b58-4433-b417-6bc455915af1_48290_1.png",,26 g x 2,10,190,170,9 MINS,Organic,Harpic Power Plus Clean Disinfectant Toilet Cleaner
Kukatpally 500072,21-12-2025,12:32:53 PM,Lizol Lavedner Floor Cleaner Liquid Disinfectant Surface Cleaner,"https://instamart-media-assets.swiggy.com/swiggy/image/upload/fl_lossy,f_auto,q_auto,h_544,w_504/NI_CATALOG/IMAGES/ciw/2025/12/18/eda942eb-bd99-474f-84ba-77a4a7a242be_AZO419LGM3_MN_18122025.png",Antibacterial floor cleaner with lavender scent,1 ltr,16,260,217,9 MINS,Organic,Harpic Power Plus Clean Disinfectant Toilet Cleaner
Kukatpally 500072,21-12-2025,12:32:53 PM,Harpic Lavedner Flushmatic In-Cistern Block Toilet Cleaner,"https://instamart-media-assets.swiggy.com/swiggy/image/upload/fl_lossy,f_auto,q_auto,h_544,w_504/NI_CATALOG/IMAGES/ciw/2025/12/18/9d239996-bf13-45ce-b01d-d790ac738830_27R7FQKF42_MN_18122025.png",Easy-to-Use Lavender Toilet Cleaner Block for Fresh Flushes,100 g,8,190,173,9 MINS,Organic,Harpic Power Plus Clean Disinfectant Toilet Cleaner
Kukatpally 500072,21-12-2025,12:32:53 PM,Clean Champ Toilet Cleaner,"https://instamart-media-assets.swiggy.com/swiggy/image/upload/fl_lossy,f_auto,q_auto,h_544,w_504/c4bf76514063baa41811ae0640ddb791",,1 ltr x 2,52,398,190,9 MINS,Organic,Harpic Power Plus Clean Disinfectant Toilet Cleaner
Kukatpally 500072,21-12-2025,12:32:53 PM,Colin Glass & Household Cleaner,"https://instamart-media-assets.swiggy.com/swiggy/image/upload/fl_lossy,f_auto,q_auto,h_544,w_504/NI_CATALOG/IMAGES/ciw/2025/12/18/fedb5d46-5c75-471c-8649-1a909cc25ea3_UYLFCWNRE9_MN_18122025.png",Effective glass and household surface cleaner,500 ml,2,115,112,9 MINS,Organic,Harpic Power Plus Clean Disinfectant Toilet Cleaner
Kukatpally 500072,21-12-2025,12:33:22 PM,boAt Airdopes Primo Earbuds Wireless Earphones with Mic (Active Black),"https://instamart-media-assets.swiggy.com/swiggy/image/upload/fl_lossy,f_auto,q_auto,h_544,w_504/NI_CATALOG/IMAGES/CIW/2025/4/2/3f165e9e-f3bb-4dc9-b01d-cac7ba2dda29_371125_1.png",TWS earbuds with mic and balanced sound,1 pack,82,4490,799,9 MINS,Organic,boAt Airdopes Prime Wireless Earbuds
Kukatpally 500072,21-12-2025,12:33:22 PM,"boAt Airdopes 800 In Ear TWS Earbuds With Mic, 40 Hours Playtime (Interstellar Black)","https://instamart-media-assets.swiggy.com/swiggy/image/upload/fl_lossy,f_auto,q_auto,h_544,w_504/NI_CATALOG/IMAGES/CIW/2025/7/31/d8136698-301b-4ae8-a1af-3d71666e40b8_TUD76M5X0H.png",Gaming-friendly sound,1 unit,77,6490,1449,19 MINS,Organic,boAt Airdopes Prime Wireless Earbuds
Kukatpally 500072,21-12-2025,12:33:22 PM,"boAt Airdopes 141 In Ear Truly Wireless Earbuds with Mic, 42 hours Playtime, ENC, IPX4, Bluetooth v5.2 (Bold Black)","https://instamart-media-assets.swiggy.com/swiggy/image/upload/fl_lossy,f_auto,q_auto,h_544,w_504/NI_CATALOG/IMAGES/CIW/2025/7/31/9a06a3b7-339c-49ac-9bcf-2d8b3cb8ce60_0IJZB5KNRY.png",Long playtime earbuds with mic,1 unit,77,4490,999,9 MINS,Organic,boAt Airdopes Prime Wireless Earbuds
Kukatpally 500072,21-12-2025,12:33:22 PM,"boAt Airdopes 313, 13mm Drivers, Glide Shell, 75H Battery, TWS Ear Buds Wireless Earphones with mic (Carbon Black)","https://instamart-media-assets.swiggy.com/swiggy/image/upload/fl_lossy,f_auto,q_auto,h_544,w_504/NI_CATALOG/IMAGES/CIW/2025/12/4/02e4939c-276b-49df-91e9-64d2fbf36664_777237_1.png","Endless battery, punchy beats",1 Piece,72,3990,1099,19 MINS,Organic,boAt Airdopes Prime Wireless Earbuds
Kukatpally 500072,21-12-2025,12:33:22 PM,"boAt Airdopes 120 In Ear TWS Earbuds With Quad Mic, 40 Hours Playtime, ENx Tech (Black)","https://instamart-media-assets.swiggy.com/swiggy/image/upload/fl_lossy,f_auto,q_auto,h_544,w_504/NI_CATALOG/IMAGES/CIW/2024/8/14/23655f8d-334d-41b3-a3f3-40029a6e8f20_133316_1.png","Light buds, long playtime",1 unit,80,4999,999,9 MINS,Organic,boAt Airdopes Prime Wireless Earbuds
Kukatpally 500072,21-12-2025,12:33:22 PM,"boAt Airdopes 141 TWS Wireless Earphones with mic, ENx Tech, 42H Battery, Fast Charge, IPX4, BT v5.1(Cider Cyan)","https://instamart-media-assets.swiggy.com/swiggy/image/upload/fl_lossy,f_auto,q_auto,h_544,w_504/NI_CATALOG/IMAGES/CIW/2025/7/28/1068d54e-7554-45c9-a47c-f6bce03d763f_2UK4D40PT0.png",All-day battery buds,1 unit,79,4490,899,9 MINS,Organic,boAt Airdopes Prime Wireless Earbuds
Kukatpally 500072,21-12-2025,12:33:22 PM,"boAt Airdopes 141 Gen 2 w/48 Hours Playback, 4 mics ENx Tech,ASAP Charge TWS Earbuds (Grey)","https://instamart-media-assets.swiggy.com/swiggy/image/upload/fl_lossy,f_auto,q_auto,h_544,w_504/NI_CATALOG/IMAGES/ciw/2025/8/27/6ace58a7-0199-473b-aca2-19ab9dc4fc5a_NPI-026343_1_20250827_102436.png",Extended playtime with clear calls,1 Piece,77,3990,899,9 MINS,Organic,boAt Airdopes Prime Wireless Earbuds
Kukatpally 500072,21-12-2025,12:33:22 PM,"boAt Airdopes 141 Pro Buds TWS Earbuds w/ 13mm Drivers, Metallic Finish & 60H Battery (Surfer Silver)","https://instamart-media-assets.swiggy.com/swiggy/image/upload/fl_lossy,f_auto,q_auto,h_544,w_504/NI_CATALOG/IMAGES/CIW/2025/4/24/4247f9b3-6817-4db9-9d99-1e2d066331f1_914012_1.png",,1 unit,83,4990,843,9 MINS,Organic,boAt Airdopes Prime Wireless Earbuds
Kukatpally 500072,21-12-2025,12:33:22 PM,"boAt Airdopes 311 Pro TWS w/ 50H Battery, Fast Charge, ENx Tech, Transparent LID, Low Latency, IPX4, IWP, v5.3 (Active Black)","https://instamart-media-assets.swiggy.com/swiggy/image/upload/fl_lossy,f_auto,q_auto,h_544,w_504/NI_CATALOG/IMAGES/CIW/2025/8/1/f06e8a2e-4209-4d8c-adb9-c9058b751683_OZK7GGHT8B.png","Fast-charge buds, balanced sound",1 unit,79,4990,999,9 MINS,Organic,boAt Airdopes Prime Wireless Earbuds
Kukatpally 500072,21-12-2025,12:33:22 PM,"boAt Airdopes 141 Gen 2 w/48 Hours Playback, 4 mics ENx Tech,ASAP Charge TWS Earbuds (Active White)","https://instamart-media-assets.swiggy.com/swiggy/image/upload/fl_lossy,f_auto,q_auto,h_544,w_504/NI_CATALOG/IMAGES/ciw/2025/8/27/a4da4f70-e038-4a49-b72f-ade51cf41811_NPI-026340_1_20250827_102019.png",Long playtime with crisp sound,1 Piece,77,3990,899,9 MINS,Organic,boAt Airdopes Prime Wireless Earbuds
Kukatpally 500072,21-12-2025,12:33:22 PM,"boAt Airdopes 141 Gen 2 w/48 Hours Playback, 4 mics ENx Tech,ASAP Charge TWS Earbuds (Active Black)","https://instamart-media-assets.swiggy.com/swiggy/image/upload/fl_lossy,f_auto,q_auto,h_544,w_504/NI_CATALOG/IMAGES/ciw/2025/8/27/3bffe784-e0d9-4bdf-8307-bef9c6b70ccd_NPI-026339_1_20250827_101853.png",Long playtime with clear calls,1 Piece,77,3990,899,9 MINS,Organic,boAt Airdopes Prime Wireless Earbuds
Kukatpally 500072,21-12-2025,12:33:22 PM,"boAt Airdopes Plus 311, Glass Design, Dual Mics Enx, Fast Charge, 50 Hrs Battery, Low Latency, Ipx4, Bluetooth Earbuds, Tws Ear Buds Wireless Earphones With Mic(Ash Grey)","https://instamart-media-assets.swiggy.com/swiggy/image/upload/fl_lossy,f_auto,q_auto,h_544,w_504/NI_CATALOG/IMAGES/CIW/2025/6/9/7f313315-dfc9-4471-a1d4-4175c780935b_941663_1.png",,1 unit,79,3990,799,9 MINS,Organic,boAt Airdopes Prime Wireless Earbuds
Kukatpally 500072,21-12-2025,12:33:22 PM,"boAt Airdopes 131 Elite ANC TWS Earbuds w/ 32dB ANC, 60H Battery & Ambient Mode (Active Teal)","https://instamart-media-assets.swiggy.com/swiggy/image/upload/fl_lossy,f_auto,q_auto,h_544,w_504/NI_CATALOG/IMAGES/CIW/2025/4/24/7c20c708-1903-42b2-ad57-6391fd3f7e85_946422_1.png",,1 unit,79,6990,1399,19 MINS,Organic,boAt Airdopes Prime Wireless Earbuds
Kukatpally 500072,21-12-2025,12:33:22 PM,"boAt Airdopes 163 In Ear TWS Earbuds With Mic, 40H Playtime, Signature Sound, BEAST Mode & ENx Tech (Active Black)","https://instamart-media-assets.swiggy.com/swiggy/image/upload/fl_lossy,f_auto,q_auto,h_544,w_504/NI_CATALOG/IMAGES/CIW/2025/10/28/9d65850a-d45e-4d71-b208-196934daeee8_39755_1.png",Clear sound earbuds with BEAST Mode,1 unit,61,2490,949,9 MINS,Organic,boAt Airdopes Prime Wireless Earbuds
Kukatpally 500072,21-12-2025,12:33:22 PM,"boAt Airdopes 131 Elite ANC TWS Earbuds w/ 32dB ANC, 60H Battery & Ambient Mode (Active Black)","https://instamart-media-assets.swiggy.com/swiggy/image/upload/fl_lossy,f_auto,q_auto,h_544,w_504/NI_CATALOG/IMAGES/CIW/2025/4/24/05945f8a-f15e-485e-81d3-162386b0f14b_170685_1.png",,1 pack,79,6990,1399,9 MINS,Organic,boAt Airdopes Prime Wireless Earbuds
Kukatpally 500072,21-12-2025,12:33:22 PM,"boAt Airdopes 155 TWS Earbuds w/ 40H Playtime, In-Ear Detection, Quad Mics ENx Tech, ASAP Charge (Hot Rouge)","https://instamart-media-assets.swiggy.com/swiggy/image/upload/fl_lossy,f_auto,q_auto,h_544,w_504/NI_CATALOG/IMAGES/CIW/2025/7/28/f8e9e6e4-062d-44b3-8457-ecf68450202f_WNRKNXJ1WP.png","Everyday buds, quick charge",1 unit,82,5490,949,19 MINS,Organic,boAt Airdopes Prime Wireless Earbuds
Kukatpally 500072,21-12-2025,12:33:22 PM,"boAt Airdopes 131 Pro Buds TWS With In Ear Detection, 4 Mics ENx Tech & 40H Playback-Active Black","https://instamart-media-assets.swiggy.com/swiggy/image/upload/fl_lossy,f_auto,q_auto,h_544,w_504/NI_CATALOG/IMAGES/CIW/2025/7/31/b5e7ff33-db11-4ba3-bb98-b3fd90762793_738AU0B51I.png",Clear call earbuds,1 pack,83,5490,899,9 MINS,Organic,boAt Airdopes Prime Wireless Earbuds
Kukatpally 500072,21-12-2025,12:33:22 PM,"boAt Airdopes Ace TWS in Ear Earbuds w/ 35H Playback, 13mm Drivers, Dual Mics ENx & Beast Mode (Active Black)","https://instamart-media-assets.swiggy.com/swiggy/image/upload/fl_lossy,f_auto,q_auto,h_544,w_504/NI_CATALOG/IMAGES/CIW/2025/7/31/6b1f1d18-289a-4101-bd92-3dbb95080466_U314O2W36K.png","Clear calls, snug fit",1 Piece,74,3490,899,9 MINS,Organic,boAt Airdopes Prime Wireless Earbuds
Kukatpally 500072,21-12-2025,12:33:22 PM,"boAt Airdopes 121 Pro Plus TWS Earbuds w/ 100H Battery, ENx, 50ms Low Latency, Fast Charge, LED Display, IPX5, BTv5.3 (Blue)","https://instamart-media-assets.swiggy.com/swiggy/image/upload/fl_lossy,f_auto,q_auto,h_544,w_504/NI_CATALOG/IMAGES/CIW/2024/8/13/f05f8c3b-2050-453f-9f14-ac02c28a8337_884462_1.png",Compact power earbuds,1 unit,79,4990,1019,9 MINS,Organic,boAt Airdopes Prime Wireless Earbuds
Kukatpally 500072,21-12-2025,12:33:22 PM,"boAt Airdopes 111v2 TWS Earbuds w/ Premium Leather Finish,4Mics ENx,50H Battery,Fast Charge,Dual Pair,BTv5.4(Ivory White)","https://instamart-media-assets.swiggy.com/swiggy/image/upload/fl_lossy,f_auto,q_auto,h_544,w_504/NI_CATALOG/IMAGES/CIW/2025/6/10/142ee83b-0478-428e-bf76-9e2c0d53adaf_920401_1.png",,1 unit,77,4990,1099,19 MINS,Organic,boAt Airdopes Prime Wireless Earbuds
Kukatpally 500072,21-12-2025,12:33:22 PM,"boAt Airdopes 300 TWS Earbuds w/ Cinematic Spatial Audio, 50H Battery, 4Mic AI ENx, Fast Charge, IPX4 v5.3 (Chrome White)","https://instamart-media-assets.swiggy.com/swiggy/image/upload/fl_lossy,f_auto,q_auto,h_544,w_504/NI_CATALOG/IMAGES/CIW/2025/8/1/228a2fb0-323d-4693-bae4-edfa1466c4ed_ZON57KZJ60.png",Spatial cinematic buds,1 unit,83,6490,1099,9 MINS,Organic,boAt Airdopes Prime Wireless Earbuds
Kukatpally 500072,21-12-2025,12:33:22 PM,"boAt Airdopes 121 Pro Plus TWS Earbuds w/ 100H Battery, ENx, 50ms Low Latency, Fast Charge, LED Display, IPX5, BTv5.3 (Black)","https://instamart-media-assets.swiggy.com/swiggy/image/upload/fl_lossy,f_auto,q_auto,h_544,w_504/NI_CATALOG/IMAGES/CIW/2025/8/1/17bad3e0-39f7-4546-8f52-7b0930deb338_SWGIW3GMBJ.png","Marathon play, low latency",1 unit,77,4990,1099,9 MINS,Organic,boAt Airdopes Prime Wireless Earbuds
Kukatpally 500072,21-12-2025,12:33:22 PM,"boAt Airdopes 91 TWS Earbuds w/ 45H Battery, 50ms Low Latency, ENx Tech, Fast Charge, IPX4, BT v5.3 (Active Black)","https://instamart-media-assets.swiggy.com/swiggy/image/upload/fl_lossy,f_auto,q_auto,h_544,w_504/NI_CATALOG/IMAGES/CIW/2025/7/28/7e3b096b-bc66-4565-aed3-e252f154c497_SMBYKMLQXL.png",Low-latency earbuds,1 unit,82,4990,889,9 MINS,Organic,boAt Airdopes Prime Wireless Earbuds
Kukatpally 500072,21-12-2025,12:33:22 PM,"boAt Airdopes 219 w/40 Hours playback,4 mics ENx tech, 13mm Drivers (Carbon Black )","https://instamart-media-assets.swiggy.com/swiggy/image/upload/fl_lossy,f_auto,q_auto,h_544,w_504/NI_CATALOG/IMAGES/ciw/2025/8/7/aa0e289d-4ad8-45cf-98e2-a41ebe818a0a_NPI-016827_1_20250807_062406.png","Balanced sound, lasting play",1 Piece,75,3999,999,19 MINS,Organic,boAt Airdopes Prime Wireless Earbuds
Kukatpally 500072,21-12-2025,12:33:22 PM,"boAt Airdopes 300 TWS Earbuds w/ Cinematic Spatial Audio, 50H Battery, 4Mic AI ENx, Fast Charge, IPX4 v5.3 (Gunmetal Black)","https://instamart-media-assets.swiggy.com/swiggy/image/upload/fl_lossy,f_auto,q_auto,h_544,w_504/NI_CATALOG/IMAGES/CIW/2025/7/28/f1fe5475-4176-4722-9aff-0487f09215c4_Z9GO2T8T3D.png",Spatial audio effect,1 unit,79,6490,1299,9 MINS,Organic,boAt Airdopes Prime Wireless Earbuds
Kukatpally 500072,21-12-2025,12:33:22 PM,"boAt Airdopes 800 TWS Earbuds w/ Dolby Audio, Adaptive EQ by Mimi, 4Mics AI ENx, Fast Charge, IPX5, BTv5.3 (Interstellar Blue)","https://instamart-media-assets.swiggy.com/swiggy/image/upload/fl_lossy,f_auto,q_auto,h_544,w_504/NI_CATALOG/IMAGES/CIW/2025/7/28/eed16d48-855b-4fa2-8965-bfef6e598316_DUZRDJ8I01.png",Dolby audio earbuds with adaptive sound EQ,1 Piece,77,6490,1449,9 MINS,Organic,boAt Airdopes Prime Wireless Earbuds
Kukatpally 500072,21-12-2025,12:33:22 PM,"boAt Airdopes 313 w/75 hours battery,13mm drivers with boAt signature sound(Jade Green)","https://instamart-media-assets.swiggy.com/swiggy/image/upload/fl_lossy,f_auto,q_auto,h_544,w_504/NI_CATALOG/IMAGES/CIW/2025/12/4/c66d0e58-b377-4db8-8d3b-a0e536776ef5_459337_1.png",,1 Piece,72,3990,1099,19 MINS,Organic,boAt Airdopes Prime Wireless Earbuds
Kukatpally 500072,21-12-2025,12:33:22 PM,"boAt Airdopes 141 Elite ANC w/42 Hrs battery,35db ANC,ASAP Charge(White)","https://instamart-media-assets.swiggy.com/swiggy/image/upload/fl_lossy,f_auto,q_auto,h_544,w_504/NI_CATALOG/IMAGES/ciw/2025/8/27/cfcd5632-587a-4c07-bdcc-caad1f3cb422_NPI-026346_1_20250827_103156.png",,1 Piece,76,5990,1399,19 MINS,Organic,boAt Airdopes Prime Wireless Earbuds
Kukatpally 500072,21-12-2025,12:33:22 PM,"boAt Airdopes 91 Prime TWS w/ 45H Battery, Metallic Finish, Low Latency, ENx Tech, Fast Charge, BT v5.3 (Midnight Black)","https://instamart-media-assets.swiggy.com/swiggy/image/upload/fl_lossy,f_auto,q_auto,h_544,w_504/NI_CATALOG/IMAGES/CIW/2025/3/29/c7496137-7c47-4d5e-909c-f1eb798e6542_378777_1.png","Low-latency tunes, long play",1 pack,79,3990,799,9 MINS,Organic,boAt Airdopes Prime Wireless Earbuds
Kukatpally 500072,21-12-2025,12:33:22 PM,"boAt Airdopes 141 Elite ANC w/42 Hrs battery,35db ANC,ASAP Charge(Green)","https://instamart-media-assets.swiggy.com/swiggy/image/upload/fl_lossy,f_auto,q_auto,h_544,w_504/NI_CATALOG/IMAGES/ciw/2025/8/27/b2aaaaa7-3751-4776-a847-005464aead89_NPI-026345_1_20250827_103029.png",,1 Piece,76,5990,1399,19 MINS,Organic,boAt Airdopes Prime Wireless Earbuds
Kukatpally 500072,21-12-2025,12:33:22 PM,"boAt Airdopes 141 Elite ANC w/42 Hrs battery,35db ANC,ASAP Charge(Black)","https://instamart-media-assets.swiggy.com/swiggy/image/upload/fl_lossy,f_auto,q_auto,h_544,w_504/NI_CATALOG/IMAGES/ciw/2025/8/27/b6ceb33e-0c86-4714-a691-f170049bdb06_NPI-026344_1_20250827_102909.png",,1 Piece,76,5990,1399,19 MINS,Organic,boAt Airdopes Prime Wireless Earbuds
Kukatpally 500072,21-12-2025,12:33:22 PM,"boAt Airdopes 313 w/75 hours battery,13mm drivers with boAt signature sound (Gold Mist)","https://instamart-media-assets.swiggy.com/swiggy/image/upload/fl_lossy,f_auto,q_auto,h_544,w_504/NI_CATALOG/IMAGES/ciw/2025/11/20/b03103c1-1708-4dee-bca8-43781289acbd_5I01NSPTEK_MN_20112025.png","Extended battery, lively sound",1 Piece,72,3990,1099,19 MINS,Organic,boAt Airdopes Prime Wireless Earbuds
Kukatpally 500072,21-12-2025,12:33:59 PM,Himalaya Purifying Neem Face Wash,"https://instamart-media-assets.swiggy.com/swiggy/image/upload/fl_lossy,f_auto,q_auto,h_544,w_504/NI_CATALOG/IMAGES/CIW/2025/7/21/bc908fc2-ec2a-4a6a-bc67-57db82b3e763_1319_01.png",Applied for Anti-acne & Pimples,100 ml,12,189,166,9 MINS,Organic,Himalaya Neem Purifying Face Wash
Kukatpally 500072,21-12-2025,12:33:59 PM,Himalaya Purifying Neem Face Wash,"https://instamart-media-assets.swiggy.com/swiggy/image/upload/fl_lossy,f_auto,q_auto,h_544,w_504/NI_CATALOG/IMAGES/CIW/2025/7/21/df1c3b57-6d59-4cf2-b5aa-ba6f93154af7_1320_01.png","Purifying Cleanse, Neem Power.",200 ml,18,449,368,19 MINS,Organic,Himalaya Neem Purifying Face Wash
Kukatpally 500072,21-12-2025,12:33:59 PM,Himalaya Purifying Neem Face Wash,"https://instamart-media-assets.swiggy.com/swiggy/image/upload/fl_lossy,f_auto,q_auto,h_544,w_504/NI_CATALOG/IMAGES/CIW/2025/7/21/59c22e93-d9c4-4778-828d-264bff4c28be_45133_01.png","Purifying Cleanse, Neem Power.",400 ml,25,599,449,9 MINS,Organic,Himalaya Neem Purifying Face Wash
Kukatpally 500072,21-12-2025,12:33:59 PM,Foxtale Vit C Super Glow Face Wash|Detan and Glow,"https://instamart-media-assets.swiggy.com/swiggy/image/upload/fl_lossy,f_auto,q_auto,h_544,w_504/NI_CATALOG/IMAGES/CIW/2025/10/18/d28ff220-2ef8-4ba3-bca5-98895bb2ee6e_109073_1.png",,100 ml,14,249,214,,Ad,Himalaya Neem Purifying Face Wash
Kukatpally 500072,21-12-2025,12:33:59 PM,Himalaya Purifying Neem Face Wash,"https://instamart-media-assets.swiggy.com/swiggy/image/upload/fl_lossy,f_auto,q_auto,h_544,w_504/NI_CATALOG/IMAGES/CIW/2025/7/21/115c41b1-7116-4470-afcc-81c4e040446e_95149_01.png","Purifying Cleanse, Neem Power.",300 ml,18,475,385,19 MINS,Organic,Himalaya Neem Purifying Face Wash
Kukatpally 500072,21-12-2025,12:33:59 PM,Himalaya Purifying Neem Foaming Face Wash,"https://instamart-media-assets.swiggy.com/swiggy/image/upload/fl_lossy,f_auto,q_auto,h_544,w_504/NI_CATALOG/IMAGES/CIW/2025/3/21/3d0afdf5-a858-4f6a-8f77-e0cca792e82f_3801_1.png",Purifying face wash with neem & turmeric,150 ml,14,299,257,9 MINS,Organic,Himalaya Neem Purifying Face Wash
Kukatpally 500072,21-12-2025,12:33:59 PM,Himalaya Natural Glow Kesar Face Wash,"https://instamart-media-assets.swiggy.com/swiggy/image/upload/fl_lossy,f_auto,q_auto,h_544,w_504/NI_CATALOG/IMAGES/CIW/2025/2/26/a6c2196b-b0a9-4883-9b06-43b07d25d1b9_62028_1.png",Brightening face wash with saffron for glowing skin,150 ml,17,279,229,9 MINS,Organic,Himalaya Neem Purifying Face Wash
Kukatpally 500072,21-12-2025,12:33:59 PM,Everyuth Purifying Neem Facewash,"https://instamart-media-assets.swiggy.com/swiggy/image/upload/fl_lossy,f_auto,q_auto,h_544,w_504/NI_CATALOG/IMAGES/CIW/2025/9/20/d7ca30f5-f448-44d2-b2e3-19e63b508bbe_26967_1.png",Neem-based cleanser for clear skin,150 g,39,225,137,9 MINS,Organic,Himalaya Neem Purifying Face Wash
Kukatpally 500072,21-12-2025,12:33:59 PM,Pure Sense Guava Groove Face Wash with 2% Salicylic Acid Fights acne and Controls excess oil,"https://instamart-media-assets.swiggy.com/swiggy/image/upload/fl_lossy,f_auto,q_auto,h_544,w_504/NI_CATALOG/IMAGES/CIW/2024/5/25/90b3c69b-6499-443e-bae1-f8af45f46f20_facewash_6KVUJHDVSZ_MN.png",Fights acne and controls oil with salicylic acid.,100 ml,22,295,230,19 MINS,Organic,Himalaya Neem Purifying Face Wash
Kukatpally 500072,21-12-2025,12:33:59 PM,Clean & Clear Foaming Face Wash,"https://instamart-media-assets.swiggy.com/swiggy/image/upload/fl_lossy,f_auto,q_auto,h_544,w_504/ixavngmca1fvckii5b38","Deep Cleanse, Foaming Formula.",100 ml,8,199,183,9 MINS,Organic,Himalaya Neem Purifying Face Wash
Kukatpally 500072,21-12-2025,12:33:59 PM,Everyuth Walnut Scrub and Purifying Neem Facewash Combo,"https://instamart-media-assets.swiggy.com/swiggy/image/upload/fl_lossy,f_auto,q_auto,h_544,w_504/a71c4638f779e18bff1f327a1d91625e",Deep-cleansing skincare duo,1 combo,24,435,328,9 MINS,Organic,Himalaya Neem Purifying Face Wash
Kukatpally 500072,21-12-2025,12:33:59 PM,Clean & Clear Foaming Face Wash,"https://instamart-media-assets.swiggy.com/swiggy/image/upload/fl_lossy,f_auto,q_auto,h_544,w_504/NI_CATALOG/IMAGES/CIW/2025/9/23/617c7f30-2b3c-475c-8fbf-6c9b7497c7ea_8908_1.png",Oil-free daily face wash for clean and clear skin,150 ml,4,285,271,9 MINS,Organic,Himalaya Neem Purifying Face Wash
Kukatpally 500072,21-12-2025,12:33:59 PM,Garnier Acno Fight Anti-Pimple Face Wash for Men,"https://instamart-media-assets.swiggy.com/swiggy/image/upload/fl_lossy,f_auto,q_auto,h_544,w_504/NI_CATALOG/IMAGES/CIW/2025/7/3/c519707c-50a3-4771-a841-147414c5389b_176_1.png",Applied for Anti-acne & Pimples,100 g,35,299,194,9 MINS,Organic,Himalaya Neem Purifying Face Wash
Kukatpally 500072,21-12-2025,12:33:59 PM,Biotique Fresh Neem Pimple Control Face Wash,"https://instamart-media-assets.swiggy.com/swiggy/image/upload/fl_lossy,f_auto,q_auto,h_544,w_504/b7d98b6bce1f23bde8aa4df228b3fbf9",Ayurvedic neem cleanser for acne-prone skin,200 ml,22,299,233,9 MINS,Organic,Himalaya Neem Purifying Face Wash
Kukatpally 500072,21-12-2025,12:33:59 PM,Biotique Fresh Neem Pimple Control Face Wash,"https://instamart-media-assets.swiggy.com/swiggy/image/upload/fl_lossy,f_auto,q_auto,h_544,w_504/NI_CATALOG/IMAGES/CIW/2024/5/31/23fca669-6cd5-4b9f-b4a2-07a08dc6703d_facewash_OB2VBRRZQ2_MN.png",Herbal face wash to fight pimples & acne,150 ml,10,225,202,9 MINS,Organic,Himalaya Neem Purifying Face Wash
Kukatpally 500072,21-12-2025,12:33:59 PM,Everyuth Purifying Neem Facewash and Tan Removal Choco Cherry Combo,"https://instamart-media-assets.swiggy.com/swiggy/image/upload/fl_lossy,f_auto,q_auto,h_544,w_504/589d6b7bdc0c4f18f66933faae82350b",Skincare combo for cleansing and glow,1 combo,25,365,272,9 MINS,Organic,Himalaya Neem Purifying Face Wash
Kukatpally 500072,21-12-2025,12:33:59 PM,Pond's Bright Beauty Spot-less Glow Face Wash,"https://instamart-media-assets.swiggy.com/swiggy/image/upload/fl_lossy,f_auto,q_auto,h_544,w_504/NI_CATALOG/IMAGES/CIW/2024/5/15/2feb12ce-fc27-4d38-8d3b-35a2dfbf010b_facewash_2DWIH9264C_MN.png",Spotless glow facewash with vitamins,50 g,,,,9 MINS,Organic,Himalaya Neem Purifying Face Wash
Kukatpally 500072,21-12-2025,12:33:59 PM,Biotique Bio Papaya Face Wash,"https://instamart-media-assets.swiggy.com/swiggy/image/upload/fl_lossy,f_auto,q_auto,h_544,w_504/NI_CATALOG/IMAGES/CIW/2025/9/20/e1e9bdcd-3d37-4b2e-9bce-08df57d1b38c_7363_1.png","Brightening Cleanse, Papaya Power.",100 ml,17,199,165,9 MINS,Organic,Himalaya Neem Purifying Face Wash
Kukatpally 500072,21-12-2025,12:33:59 PM,Clean & Clear Foaming Face Wash,"https://instamart-media-assets.swiggy.com/swiggy/image/upload/fl_lossy,f_auto,q_auto,h_544,w_504/1023e23c74f36b93d97a4733eb50ba48",Oil-free foaming face wash for clean and clear skin.,240 ml,20,539,431,9 MINS,Organic,Himalaya Neem Purifying Face Wash
Kukatpally 500072,21-12-2025,12:33:59 PM,Everyuth Purifying Neem Facewash and Tan Removal Choco Cherry Scrub combo,"https://instamart-media-assets.swiggy.com/swiggy/image/upload/fl_lossy,f_auto,q_auto,h_544,w_504/a19e2dc44325084c13a3b560066e97e6",Facewash and scrub combo for clear skin.,1 combo,25,365,272,9 MINS,Organic,Himalaya Neem Purifying Face Wash
Kukatpally 500072,21-12-2025,12:33:59 PM,Dr. Sheth's Neem & Salicylic Acid Face Wash,"https://instamart-media-assets.swiggy.com/swiggy/image/upload/fl_lossy,f_auto,q_auto,h_544,w_504/NI_CATALOG/IMAGES/CIW/2024/7/8/77e5b4d9-df2e-4dae-b82b-721e77c3d490_facewash_Z4N15HW6T5_MN.png",Acne-fighting face wash with neem and salicylic acid.,100 g,10,349,311,19 MINS,Organic,Himalaya Neem Purifying Face Wash
Kukatpally 500072,21-12-2025,12:33:59 PM,Biotique Fruit Brightening Face Wash,"https://instamart-media-assets.swiggy.com/swiggy/image/upload/fl_lossy,f_auto,q_auto,h_544,w_504/NI_CATALOG/IMAGES/CIW/2024/5/25/c5338cec-faf7-4b88-b007-6fe8e55227e4_facewash_K360L8T2CA_MN.png",Brightening face wash with fruit extracts,200 ml,26,320,234,9 MINS,Organic,Himalaya Neem Purifying Face Wash
Kukatpally 500072,21-12-2025,12:33:59 PM,Everyuth Naturals Moisturizing Fruit Face Wash,"https://instamart-media-assets.swiggy.com/swiggy/image/upload/fl_lossy,f_auto,q_auto,h_544,w_504/x4l6ragurcoiij7ksjzb",Refreshing fruit-based cleanser for soft and hydrated skin,150 g,39,225,137,9 MINS,Organic,Himalaya Neem Purifying Face Wash
Kukatpally 500072,21-12-2025,12:33:59 PM,Biotique Fruit Brightening Face Wash,"https://instamart-media-assets.swiggy.com/swiggy/image/upload/fl_lossy,f_auto,q_auto,h_544,w_504/3c2208591ca1299a9bf813d2c9ea0e06",Ayurvedic blend for radiant skin with fruit extracts,150 ml,10,205,184,9 MINS,Organic,Himalaya Neem Purifying Face Wash
Kukatpally 500072,21-12-2025,12:33:59 PM,Pond's Pure White Activated Charcoal Face Wash,"https://instamart-media-assets.swiggy.com/swiggy/image/upload/fl_lossy,f_auto,q_auto,h_544,w_504/NI_CATALOG/IMAGES/CIW/2024/5/15/cc6be098-821d-4b21-b1cb-3908d5ef8818_facewash_23486OTWJV_MN.png",Deep cleansing face wash with charcoal,100 g,10,240,216,9 MINS,Organic,Himalaya Neem Purifying Face Wash
Kukatpally 500072,21-12-2025,12:33:59 PM,Dot & Key Barrier Repair + Hydrating Gentle Face Wash,"https://instamart-media-assets.swiggy.com/swiggy/image/upload/fl_lossy,f_auto,q_auto,h_544,w_504/NI_CATALOG/IMAGES/CIW/2025/8/31/8b318655-b301-4caf-80b1-3a49b1f12ba1_42717_1.png","Repair & Hydrate, Gentle Cleanse.",100 g,14,249,214,9 MINS,Organic,Himalaya Neem Purifying Face Wash
Kukatpally 500072,21-12-2025,12:33:59 PM,Biotique Papaya Deep Cleanse Face Wash,"https://instamart-media-assets.swiggy.com/swiggy/image/upload/fl_lossy,f_auto,q_auto,h_544,w_504/34771bc604706dd93a933d8581827d62",Deep cleansing face wash with papaya enzymes,150 ml,22,275,214,9 MINS,Organic,Himalaya Neem Purifying Face Wash
Kukatpally 500072,21-12-2025,12:33:59 PM,Clean & Clear Aloe Vera Face Wash,"https://instamart-media-assets.swiggy.com/swiggy/image/upload/fl_lossy,f_auto,q_auto,h_544,w_504/NI_CATALOG/IMAGES/CIW/2024/11/8/a2bab8a4-237d-42c9-8add-2c0bb4d8ba5e_794311_1.png",Oil-free gentle cleanser with aloe vera,150 ml,4,275,264,9 MINS,Organic,Himalaya Neem Purifying Face Wash
Kukatpally 500072,21-12-2025,12:33:59 PM,Minimalist Salicylic Acid Face Wash For Acne & Oil Control,"https://instamart-media-assets.swiggy.com/swiggy/image/upload/fl_lossy,f_auto,q_auto,h_544,w_504/NI_CATALOG/IMAGES/CIW/2025/9/9/bc90786f-f699-4d09-8a45-a7cf3294cfdc_18467_1.png",2% Salicylic Acid Face Wash For Acne & Oil Control,100 ml,5,299,284,9 MINS,Organic,Himalaya Neem Purifying Face Wash
Kukatpally 500072,21-12-2025,12:33:59 PM,Everyuth Naturals Brightening Lemon & Cherry Face Wash,"https://instamart-media-assets.swiggy.com/swiggy/image/upload/fl_lossy,f_auto,q_auto,h_544,w_504/NI_CATALOG/IMAGES/CIW/2024/5/17/3d292b0a-be81-4ad9-9341-5b0e91b86acf_facewash_XS16HPWM7D_MN.png",Brightening face wash with citrus extracts,150 g,39,225,137,9 MINS,Organic,Himalaya Neem Purifying Face Wash
Kukatpally 500072,21-12-2025,12:33:59 PM,Biotique Honey Gel Soothe & Nourish Foaming Face Wash,"https://instamart-media-assets.swiggy.com/swiggy/image/upload/fl_lossy,f_auto,q_auto,h_544,w_504/4d988aec28bc746000ce92962f9331b4",Gentle foaming cleanser with honey,150 ml,10,275,247,19 MINS,Organic,Himalaya Neem Purifying Face Wash
Kukatpally 500072,21-12-2025,12:33:59 PM,Clean & Clear Aloe Vera Face Wash,"https://instamart-media-assets.swiggy.com/swiggy/image/upload/fl_lossy,f_auto,q_auto,h_544,w_504/NI_CATALOG/IMAGES/CIW/2024/11/8/8e17d6ee-9224-422d-8d0b-6d8de47a9af6_326947_1.png",Oil-free cleanser with soothing aloe vera,240 ml,15,470,399,19 MINS,Organic,Himalaya Neem Purifying Face Wash
Kukatpally 500072,21-12-2025,12:34:32 PM,Bombay Shaving Company Sensi Smart 3 Razor,"https://instamart-media-assets.swiggy.com/swiggy/image/upload/fl_lossy,f_auto,q_auto,h_544,w_504/NI_CATALOG/IMAGES/CIW/2025/8/7/d5b0bd6a-2d8e-425c-b000-0000a2d1b0d6_73824_1.png",Triple blade razor for sensitive skin,1 pack,33,149,99,9 MINS,Organic,Bombay Shaving Company Classic Safety Razor
Kukatpally 500072,21-12-2025,12:34:32 PM,Bombay Shaving Company Sensi Smart 3 Value Pack Razor with Shaving Foam,"https://instamart-media-assets.swiggy.com/swiggy/image/upload/fl_lossy,f_auto,q_auto,h_544,w_504/NI_CATALOG/IMAGES/CIW/2025/8/7/620036e9-2c63-4ffb-a429-d5ac677a00c4_884357_1.png","Precise Shave, Sensitive Skin Care.",150 g,47,244,129,9 MINS,Organic,Bombay Shaving Company Classic Safety Razor
Kukatpally 500072,21-12-2025,12:34:32 PM,Bombay Shaving Company Flexi Stud Razor (Pack of 5),"https://instamart-media-assets.swiggy.com/swiggy/image/upload/fl_lossy,f_auto,q_auto,h_544,w_504/NI_CATALOG/IMAGES/CIW/2025/8/7/8652da86-46c7-4fac-9fee-610d81c4a647_648038_1.png",Premium men’s shaving razor,8 g,28,125,90,9 MINS,Organic,Bombay Shaving Company Classic Safety Razor
Kukatpally 500072,21-12-2025,12:34:32 PM,Bombay Shaving Company Sensi Smart 3 Razor Cartridge,"https://instamart-media-assets.swiggy.com/swiggy/image/upload/fl_lossy,f_auto,q_auto,h_544,w_504/NI_CATALOG/IMAGES/CIW/2025/5/19/fbc186d0-8d68-46fa-aaa0-5ffc6cdf73f8_52536_1.png",3-blade refill cartridges for smooth shave,2 pieces,33,149,99,9 MINS,Organic,Bombay Shaving Company Classic Safety Razor
Kukatpally 500072,21-12-2025,12:34:32 PM,Bombay Shaving Company Sensi Smart 3 Razor + Cartidges,"https://instamart-media-assets.swiggy.com/swiggy/image/upload/fl_lossy,f_auto,q_auto,h_544,w_504/NI_CATALOG/IMAGES/CIW/2025/5/27/5e682e26-6150-4bc3-811e-ba231479aec8_72567_1.png",,1 combo,33,298,198,9 MINS,Organic,Bombay Shaving Company Classic Safety Razor
Kukatpally 500072,21-12-2025,12:34:32 PM,Bombay Shaving Company Sensi Smart 3 Razor + Charcoal Foam 425G,"https://instamart-media-assets.swiggy.com/swiggy/image/upload/fl_lossy,f_auto,q_auto,h_544,w_504/NI_CATALOG/IMAGES/CIW/2024/3/29/82716f63-bb95-498c-82f2-d4f877b37b7c_shavingrazor_WL79MCM3FI_MN.png",,1 combo,30,448,311,9 MINS,Organic,Bombay Shaving Company Classic Safety Razor
Kukatpally 500072,21-12-2025,12:34:32 PM,Bombay Shaving Company Sensi Flo6 Razor + Cartidges,"https://instamart-media-assets.swiggy.com/swiggy/image/upload/fl_lossy,f_auto,q_auto,h_544,w_504/NI_CATALOG/IMAGES/CIW/2024/3/29/724d6670-2723-4f3a-9738-b9c3f8a969b7_shavingrazor_M31XJM8V1S_MN.png",,1 combo,8,1398,1278,SOLD OUT,Organic,Bombay Shaving Company Classic Safety Razor
Kukatpally 500072,21-12-2025,12:34:32 PM,Bombay Shaving Company Sensi Smart 3 Razor + Shaving Brush,"https://instamart-media-assets.swiggy.com/swiggy/image/upload/fl_lossy,f_auto,q_auto,h_544,w_504/NI_CATALOG/IMAGES/CIW/2024/3/29/ef42a5a2-b51c-44fa-b7af-96a3b7e710e3_shavingrazor_VWYAI9Q5X1_MN.png",,1 combo,19,344,278,SOLD OUT,Organic,Bombay Shaving Company Classic Safety Razor
Kukatpally 500072,21-12-2025,12:34:32 PM,"Bombay Shaving Company Premium Shaving Kit for Men (5-in-1 Grooming Combo, 400 g)","https://instamart-media-assets.swiggy.com/swiggy/image/upload/fl_lossy,f_auto,q_auto,h_544,w_504/NI_CATALOG/IMAGES/CIW/2025/8/7/3a17c1b9-dd2e-4298-ad1f-82520554628f_22328_1.png",Elevate your daily ritual into a moment of luxury and self-care.,400 g,43,799,449,9 MINS,Organic,Bombay Shaving Company Classic Safety Razor
Kukatpally 500072,21-12-2025,12:34:32 PM,Gillette Fusion Manual Shaving Razor Blades Cartridge,"https://instamart-media-assets.swiggy.com/swiggy/image/upload/fl_lossy,f_auto,q_auto,h_544,w_504/NI_CATALOG/IMAGES/CIW/2025/9/20/267af2d0-fb9e-44fb-bc6a-896fe59bcbcb_14712_1.png",Precision 5-blade cartridges for a smooth shave,4 pieces,,,,19 MINS,Organic,Bombay Shaving Company Classic Safety Razor
Kukatpally 500072,21-12-2025,12:34:32 PM,Gillette Mach3 Shaving Blades Cartridges (Pack of 6),"https://instamart-media-assets.swiggy.com/swiggy/image/upload/fl_lossy,f_auto,q_auto,h_544,w_504/NI_CATALOG/IMAGES/CIW/2025/11/11/fb41fb67-61d0-4a4c-952c-863c44588968_14714_1.png",Replacement blades for a smooth Mach 3 shave,6 pieces,5,890,845,9 MINS,Organic,Bombay Shaving Company Classic Safety Razor
Kukatpally 500072,21-12-2025,12:34:32 PM,Gillette Presto Ready Shaver 5 Cartridges,"https://instamart-media-assets.swiggy.com/swiggy/image/upload/fl_lossy,f_auto,q_auto,h_544,w_504/NI_CATALOG/IMAGES/CIW/2024/12/9/1d9a93f4-f070-4018-8418-92819433a26b_510_1.png","Disposable razors for quick, clean shaving",5 pieces,,,,9 MINS,Organic,Bombay Shaving Company Classic Safety Razor
Kukatpally 500072,21-12-2025,12:34:32 PM,Bombay Shaving Company Charcoal Shaving Cream,"https://instamart-media-assets.swiggy.com/swiggy/image/upload/fl_lossy,f_auto,q_auto,h_544,w_504/NI_CATALOG/IMAGES/CIW/2025/12/20/76483e9a-a314-4bd1-8ccc-dc843676962d_59437_1.png",Smooth lathering shaving cream with charcoal,78 g,16,84,70,9 MINS,Organic,Bombay Shaving Company Classic Safety Razor
Kukatpally 500072,21-12-2025,12:34:32 PM,Gillette Venus Simply - Hair Removal Razor For Women 3 Blades,"https://instamart-media-assets.swiggy.com/swiggy/image/upload/fl_lossy,f_auto,q_auto,h_544,w_504/ed914cf97c69aadb8ee4ca159c36ee3f",3-blade disposable razor for smooth shaving,1 Piece,,,,9 MINS,Organic,Bombay Shaving Company Classic Safety Razor
Kukatpally 500072,21-12-2025,12:34:32 PM,Gillette Mach3 Razor Light Shaving Razor for Men,"https://instamart-media-assets.swiggy.com/swiggy/image/upload/fl_lossy,f_auto,q_auto,h_544,w_504/NI_CATALOG/IMAGES/CIW/2025/6/6/f69de37b-8385-42da-8146-cf772d0dc035_276334_1.png","Smooth Shave, Precision Engineering.",1 Piece,,,,9 MINS,Organic,Bombay Shaving Company Classic Safety Razor
Kukatpally 500072,21-12-2025,12:34:32 PM,Gillette Regular Shaving Foam,"https://instamart-media-assets.swiggy.com/swiggy/image/upload/fl_lossy,f_auto,q_auto,h_544,w_504/b4dac81d4649ef5d2f5a3514fc92bcc0",Rich lather shaving foam for a smooth shave,50 g,,,,9 MINS,Organic,Bombay Shaving Company Classic Safety Razor
Kukatpally 500072,21-12-2025,12:34:32 PM,Bombay Shaving Company Charcoal Shaving Foam,"https://instamart-media-assets.swiggy.com/swiggy/image/upload/fl_lossy,f_auto,q_auto,h_544,w_504/f81f4037d2080ed454aa4bc0ca8be474","Smooth Shave, Charcoal-Infused Foam.",428 ml,29,299,212,9 MINS,Organic,Bombay Shaving Company Classic Safety Razor
Kukatpally 500072,21-12-2025,12:34:32 PM,Bombae Bombay Shaving Company Rollplay Body Razor For Women,"https://instamart-media-assets.swiggy.com/swiggy/image/upload/fl_lossy,f_auto,q_auto,h_544,w_504/875187039ea12cce0bfb398361277376",Ergonomic razor for smooth and easy body hair removal,1 Piece,,,,19 MINS,Organic,Bombay Shaving Company Classic Safety Razor
Kukatpally 500072,21-12-2025,12:34:32 PM,Gillette Guard 3 Razor - With 2 Catridges,"https://instamart-media-assets.swiggy.com/swiggy/image/upload/fl_lossy,f_auto,q_auto,h_544,w_504/af9daa4636ce37953b98a54e66032ca4",Triple blade razor with 2 cartridges,2 pieces,,,,9 MINS,Organic,Bombay Shaving Company Classic Safety Razor
Kukatpally 500072,21-12-2025,12:34:32 PM,Gillette Fusion Manual Razor for Men with styling back blade,"https://instamart-media-assets.swiggy.com/swiggy/image/upload/fl_lossy,f_auto,q_auto,h_544,w_504/NI_CATALOG/IMAGES/CIW/2025/9/20/6a102d4c-3ad5-40ec-93f3-048d3d00807f_32286_1.png",Precision manual razor with back styling blade,1 pack,10,425,382,9 MINS,Organic,Bombay Shaving Company Classic Safety Razor
Kukatpally 500072,21-12-2025,12:34:32 PM,Bombay Shaving Company Beard Styling Pen,"https://instamart-media-assets.swiggy.com/swiggy/image/upload/fl_lossy,f_auto,q_auto,h_544,w_504/NI_CATALOG/IMAGES/CIW/2025/8/7/5376b8f8-eeb1-42de-bd76-4eddfeac0f4f_428580_1.png","Effortless Styling, Precise Application.",3 pieces,33,299,199,9 MINS,Organic,Bombay Shaving Company Classic Safety Razor
Kukatpally 500072,21-12-2025,12:34:32 PM,Bombay Shaving Company 7-in-1 Shaving Kit for Men (Grooming Kit),"https://instamart-media-assets.swiggy.com/swiggy/image/upload/fl_lossy,f_auto,q_auto,h_544,w_504/NI_CATALOG/IMAGES/CIW/2025/8/7/08590a66-329b-4a9e-81eb-7b1fc71c2ec9_212867_1.png",The essential foundation for daily confidence and flawless refinement.,1 pack,47,569,298,19 MINS,Organic,Bombay Shaving Company Classic Safety Razor
Kukatpally 500072,21-12-2025,12:34:32 PM,Gillette Mach 3 Manual Shaving Razor,"https://instamart-media-assets.swiggy.com/swiggy/image/upload/fl_lossy,f_auto,q_auto,h_544,w_504/NI_CATALOG/IMAGES/CIW/2025/2/23/141edffd-a4a9-492f-ad98-53b9ae82aa13_14711_1.png",Classic manual razor for smooth shave,1 Piece,5,275,261,9 MINS,Organic,Bombay Shaving Company Classic Safety Razor
Kukatpally 500072,21-12-2025,12:34:32 PM,Bombay Shaving Company Premium Perfume Set for Men (300 g Gift Set),"https://instamart-media-assets.swiggy.com/swiggy/image/upload/fl_lossy,f_auto,q_auto,h_544,w_504/NI_CATALOG/IMAGES/CIW/2025/8/31/0c53c8d9-ab90-4fff-b815-ab0fe466acb1_67837_1.png",Curated Scents for Every Destination and Moment,90 ml,66,1495,499,9 MINS,Organic,Bombay Shaving Company Classic Safety Razor
Kukatpally 500072,21-12-2025,12:34:32 PM,Gillette Fusion Manual Razor Cartridge,"https://instamart-media-assets.swiggy.com/swiggy/image/upload/fl_lossy,f_auto,q_auto,h_544,w_504/NI_CATALOG/IMAGES/CIW/2025/9/20/8e82f0af-45aa-44a7-927c-e84ffff30880_67652_1.png","5-blade cartridge for a close, comfortable shave",2 pieces,,,,9 MINS,Organic,Bombay Shaving Company Classic Safety Razor
Kukatpally 500072,21-12-2025,12:34:32 PM,Gillette Series Sensitive Skin With Aloe Shave Gel Pack,"https://instamart-media-assets.swiggy.com/swiggy/image/upload/fl_lossy,f_auto,q_auto,h_544,w_504/NI_CATALOG/IMAGES/CIW/2024/12/9/768af981-bf43-4961-8ca3-c0ebac745e41_22383_1.png","Sensitive Skin, Aloe Vera Soothe.",60 g,,,,9 MINS,Organic,Bombay Shaving Company Classic Safety Razor
Kukatpally 500072,21-12-2025,12:34:32 PM,Gillette Classic Foam Shave Regular Lathers Quickly & Hydrates,"https://instamart-media-assets.swiggy.com/swiggy/image/upload/fl_lossy,f_auto,q_auto,h_544,w_504/NI_CATALOG/IMAGES/CIW/2024/12/4/cdc230c5-08c4-45e1-b465-0dcfc9b9b115_9779_1.png","Quick lather, classic clean shave",418 g,,,,9 MINS,Organic,Bombay Shaving Company Classic Safety Razor
Kukatpally 500072,21-12-2025,12:34:32 PM,Bombay Shaving Company Natural Antiseptic & Astringent Alum or Fitkari Bar,"https://instamart-media-assets.swiggy.com/swiggy/image/upload/fl_lossy,f_auto,q_auto,h_544,w_504/NI_CATALOG/IMAGES/CIW/2025/11/17/529f36c6-460c-478b-91e2-7d4f8d9c6584_473786_1.png","Natural Shaving, Alum Block.",100 g,50,199,99,9 MINS,Organic,Bombay Shaving Company Classic Safety Razor
Kukatpally 500072,21-12-2025,12:34:32 PM,Bombay Shaving Company Charcoal Hair Removal Spray,"https://instamart-media-assets.swiggy.com/swiggy/image/upload/fl_lossy,f_auto,q_auto,h_544,w_504/NI_CATALOG/IMAGES/CIW/2025/5/28/f453e0b6-984e-4a0d-8360-6e3a395d1522_35178_1.png","Effortless Hair Removal, Charcoal Power.",200 g,30,499,349,19 MINS,Organic,Bombay Shaving Company Classic Safety Razor
Kukatpally 500072,21-12-2025,12:34:32 PM,Gillette Fusion Shaving 5-Bladed Cartridges (Pack of 6),"https://instamart-media-assets.swiggy.com/swiggy/image/upload/fl_lossy,f_auto,q_auto,h_544,w_504/NI_CATALOG/IMAGES/CIW/2025/11/11/0720545f-a45b-472b-92eb-8f28884bca6f_21459_1.png",Precision shave with 5-blade cartridges,6 pack,4,1722,1636,9 MINS,Organic,Bombay Shaving Company Classic Safety Razor
Kukatpally 500072,21-12-2025,12:34:32 PM,Gillette Venus Smooth Hair Removal Razor For Women With Aloe Vera,"https://instamart-media-assets.swiggy.com/swiggy/image/upload/fl_lossy,f_auto,q_auto,h_544,w_504/NI_CATALOG/IMAGES/CIW/2025/4/7/a15e77e6-c726-447f-a460-e00d8ff20fe8_18101_1.png","Aloe-infused razor for a close, smooth shave",1 Piece,,,,9 MINS,Organic,Bombay Shaving Company Classic Safety Razor
Kukatpally 500072,21-12-2025,12:34:32 PM,Gillette Mach3 Cartridge Blade,"https://instamart-media-assets.swiggy.com/swiggy/image/upload/fl_lossy,f_auto,q_auto,h_544,w_504/NI_CATALOG/IMAGES/CIW/2025/1/22/722fbb46-7352-4d48-a8e5-6699e425200d_1609_1.png",Precision 3-blade cartridge for smooth shave,1 Piece,,,,9 MINS,Organic,Bombay Shaving Company Classic Safety Razor
Kukatpally 500072,21-12-2025,12:35:10 PM,Himalaya Natural Glow Kesar Face Wash,"https://instamart-media-assets.swiggy.com/swiggy/image/upload/fl_lossy,f_auto,q_auto,h_544,w_504/NI_CATALOG/IMAGES/CIW/2025/2/26/a6c2196b-b0a9-4883-9b06-43b07d25d1b9_62028_1.png",Brightening face wash with saffron for glowing skin,150 ml,17,279,229,10 MINS,Organic,Himalaya Brightening Blueberry Face Wash
Kukatpally 500072,21-12-2025,12:35:10 PM,Pure Sense Guava Groove Face Wash with 2% Salicylic Acid Fights acne and Controls excess oil,"https://instamart-media-assets.swiggy.com/swiggy/image/upload/fl_lossy,f_auto,q_auto,h_544,w_504/NI_CATALOG/IMAGES/CIW/2024/5/25/90b3c69b-6499-443e-bae1-f8af45f46f20_facewash_6KVUJHDVSZ_MN.png",Fights acne and controls oil with salicylic acid.,100 ml,22,295,230,19 MINS,Organic,Himalaya Brightening Blueberry Face Wash
Kukatpally 500072,21-12-2025,12:35:10 PM,Parachute Pure Coconut Oil,"https://instamart-media-assets.swiggy.com/swiggy/image/upload/fl_lossy,f_auto,q_auto,h_544,w_504/NI_CATALOG/IMAGES/CIW/2024/4/2/6e299a16-3ee1-4ce3-b590-57f78135d7c0_hairandbodyoils_K8167JQB2X_MN.png",Pure and natural coconut oil,200 ml,5,155,147,10 MINS,Organic,Himalaya Brightening Blueberry Face Wash
Kukatpally 500072,21-12-2025,12:35:10 PM,Himalaya Purifying Neem Face Wash,"https://instamart-media-assets.swiggy.com/swiggy/image/upload/fl_lossy,f_auto,q_auto,h_544,w_504/NI_CATALOG/IMAGES/CIW/2025/7/21/bc908fc2-ec2a-4a6a-bc67-57db82b3e763_1319_01.png",Applied for Anti-acne & Pimples,100 ml,12,189,166,10 MINS,Organic,Himalaya Brightening Blueberry Face Wash
Kukatpally 500072,21-12-2025,12:35:10 PM,Lux Shower Gel Black Orchid Fragrance & Juniper Oil Bodywash,"https://instamart-media-assets.swiggy.com/swiggy/image/upload/fl_lossy,f_auto,q_auto,h_544,w_504/NI_CATALOG/IMAGES/CIW/2025/3/17/ee26a6c2-9b67-431f-90e4-be91859f8da1_17782_1.png",Luxurious bodywash with orchid and juniper,245 ml,,,,10 MINS,Organic,Himalaya Brightening Blueberry Face Wash
Kukatpally 500072,21-12-2025,12:35:10 PM,Plum 2% Niacinamide Face Wash for bright skin,"https://instamart-media-assets.swiggy.com/swiggy/image/upload/fl_lossy,f_auto,q_auto,h_544,w_504/NI_CATALOG/IMAGES/ciw/2025/8/22/82aecd3f-7f8c-467c-9312-7a7de47d21d1_NPI-025458_1_20250822_070040.png",,50 ml,35,199,129,10 MINS,Organic,Himalaya Brightening Blueberry Face Wash
Kukatpally 500072,21-12-2025,12:35:10 PM,O3+ Brightening & Whitening Face Wash,"https://instamart-media-assets.swiggy.com/swiggy/image/upload/fl_lossy,f_auto,q_auto,h_544,w_504/NI_CATALOG/IMAGES/CIW/2025/5/27/e3f1bf4c-43d6-454e-8326-b42628eee88e_815636_1.png",,100 ml,7,485,451,10 MINS,Organic,Himalaya Brightening Blueberry Face Wash
Kukatpally 500072,21-12-2025,12:35:10 PM,Dot & Key Barrier Repair + Hydrating Gentle Face Wash,"https://instamart-media-assets.swiggy.com/swiggy/image/upload/fl_lossy,f_auto,q_auto,h_544,w_504/NI_CATALOG/IMAGES/CIW/2025/8/31/8b318655-b301-4caf-80b1-3a49b1f12ba1_42717_1.png","Repair & Hydrate, Gentle Cleanse.",100 g,14,249,214,10 MINS,Organic,Himalaya Brightening Blueberry Face Wash
Kukatpally 500072,21-12-2025,12:35:10 PM,Pond's Bright Beauty Spot-less Glow Face Wash,"https://instamart-media-assets.swiggy.com/swiggy/image/upload/fl_lossy,f_auto,q_auto,h_544,w_504/NI_CATALOG/IMAGES/CIW/2024/5/15/2feb12ce-fc27-4d38-8d3b-35a2dfbf010b_facewash_2DWIH9264C_MN.png",Spotless glow facewash with vitamins,50 g,,,,10 MINS,Organic,Himalaya Brightening Blueberry Face Wash
Kukatpally 500072,21-12-2025,12:35:10 PM,Biotique Fruit Brightening Face Wash,"https://instamart-media-assets.swiggy.com/swiggy/image/upload/fl_lossy,f_auto,q_auto,h_544,w_504/NI_CATALOG/IMAGES/CIW/2024/5/25/c5338cec-faf7-4b88-b007-6fe8e55227e4_facewash_K360L8T2CA_MN.png",Brightening face wash with fruit extracts,200 ml,26,320,234,10 MINS,Organic,Himalaya Brightening Blueberry Face Wash
Kukatpally 500072,21-12-2025,12:35:10 PM,Everyuth Naturals Brightening Lemon & Cherry Face Wash,"https://instamart-media-assets.swiggy.com/swiggy/image/upload/fl_lossy,f_auto,q_auto,h_544,w_504/NI_CATALOG/IMAGES/CIW/2024/5/17/3d292b0a-be81-4ad9-9341-5b0e91b86acf_facewash_XS16HPWM7D_MN.png",Brightening face wash with citrus extracts,150 g,39,225,137,10 MINS,Organic,Himalaya Brightening Blueberry Face Wash
Kukatpally 500072,21-12-2025,12:35:10 PM,Biotique Fruit Brightening Face Wash,"https://instamart-media-assets.swiggy.com/swiggy/image/upload/fl_lossy,f_auto,q_auto,h_544,w_504/3c2208591ca1299a9bf813d2c9ea0e06",Ayurvedic blend for radiant skin with fruit extracts,150 ml,10,205,184,10 MINS,Organic,Himalaya Brightening Blueberry Face Wash
Kukatpally 500072,21-12-2025,12:35:10 PM,Lakme Blush & Glow Strawberry Face Wash,"https://instamart-media-assets.swiggy.com/swiggy/image/upload/fl_lossy,f_auto,q_auto,h_544,w_504/NI_CATALOG/IMAGES/CIW/2024/7/12/73a39484-4efd-4111-9c23-6c138b3fce11_facewash_0WBHZOZLFW_MN.png",Gentle glow face wash with strawberry,100 g,24,269,202,10 MINS,Organic,Himalaya Brightening Blueberry Face Wash
Kukatpally 500072,21-12-2025,12:35:10 PM,Minimalist Salicylic Acid Face Wash For Acne & Oil Control,"https://instamart-media-assets.swiggy.com/swiggy/image/upload/fl_lossy,f_auto,q_auto,h_544,w_504/NI_CATALOG/IMAGES/CIW/2025/9/9/bc90786f-f699-4d09-8a45-a7cf3294cfdc_18467_1.png",2% Salicylic Acid Face Wash For Acne & Oil Control,100 ml,5,299,284,10 MINS,Organic,Himalaya Brightening Blueberry Face Wash
Kukatpally 500072,21-12-2025,12:35:10 PM,Himalaya Purifying Neem Face Wash,"https://instamart-media-assets.swiggy.com/swiggy/image/upload/fl_lossy,f_auto,q_auto,h_544,w_504/NI_CATALOG/IMAGES/CIW/2025/7/21/59c22e93-d9c4-4778-828d-264bff4c28be_45133_01.png","Purifying Cleanse, Neem Power.",400 ml,25,599,449,10 MINS,Organic,Himalaya Brightening Blueberry Face Wash
Kukatpally 500072,21-12-2025,12:35:10 PM,Pond's Super Light Gel Oil-Free Moisturize with Hyaluronic Acid & Vitamin E,"https://instamart-media-assets.swiggy.com/swiggy/image/upload/fl_lossy,f_auto,q_auto,h_544,w_504/NI_CATALOG/IMAGES/CIW/2025/9/4/38420ffb-ebac-460c-8d0b-5fa39b583c11_747425_1.png",Oil-free gel with hyaluronic acid & vitamin E,100 ml,29,339,239,10 MINS,Organic,Himalaya Brightening Blueberry Face Wash
Kukatpally 500072,21-12-2025,12:35:10 PM,Himalaya Purifying Neem Face Wash,"https://instamart-media-assets.swiggy.com/swiggy/image/upload/fl_lossy,f_auto,q_auto,h_544,w_504/NI_CATALOG/IMAGES/CIW/2025/7/21/df1c3b57-6d59-4cf2-b5aa-ba6f93154af7_1320_01.png","Purifying Cleanse, Neem Power.",200 ml,18,449,368,19 MINS,Organic,Himalaya Brightening Blueberry Face Wash
Kukatpally 500072,21-12-2025,12:35:10 PM,Himalaya Purifying Neem Face Wash,"https://instamart-media-assets.swiggy.com/swiggy/image/upload/fl_lossy,f_auto,q_auto,h_544,w_504/NI_CATALOG/IMAGES/CIW/2025/7/21/115c41b1-7116-4470-afcc-81c4e040446e_95149_01.png","Purifying Cleanse, Neem Power.",300 ml,18,475,385,19 MINS,Organic,Himalaya Brightening Blueberry Face Wash
Kukatpally 500072,21-12-2025,12:35:10 PM,mCaffeine Brightening Raspberry Rush Body Wash,"https://instamart-media-assets.swiggy.com/swiggy/image/upload/fl_lossy,f_auto,q_auto,h_544,w_504/NI_CATALOG/IMAGES/CIW/2025/7/4/76557edd-5743-41c1-8f68-91da77eaf32c_647030_1.png",Fragrant body wash for glowing skin,300 ml,15,399,339,10 MINS,Organic,Himalaya Brightening Blueberry Face Wash
Kukatpally 500072,21-12-2025,12:35:10 PM,Garnier Acno Fight Anti-Pimple Face Wash for Men,"https://instamart-media-assets.swiggy.com/swiggy/image/upload/fl_lossy,f_auto,q_auto,h_544,w_504/NI_CATALOG/IMAGES/CIW/2025/7/3/c519707c-50a3-4771-a841-147414c5389b_176_1.png",Applied for Anti-acne & Pimples,100 g,35,299,194,10 MINS,Organic,Himalaya Brightening Blueberry Face Wash
Kukatpally 500072,21-12-2025,12:35:10 PM,"Garnier Men, Face Wash, Brightening & Anti-Pollution, Turbobright Double Action","https://instamart-media-assets.swiggy.com/swiggy/image/upload/fl_lossy,f_auto,q_auto,h_544,w_504/NI_CATALOG/IMAGES/CIW/2025/7/21/f624b259-53a0-4f29-8848-a1b0483c57a7_9353_1.png","Deep Cleanse, Oil Control.",100 g,35,319,207,10 MINS,Organic,Himalaya Brightening Blueberry Face Wash
Kukatpally 500072,21-12-2025,12:35:10 PM,Glow & Lovely Advanced Multi Vitamin Face Cream (Packaging Might Vary),"https://instamart-media-assets.swiggy.com/swiggy/image/upload/fl_lossy,f_auto,q_auto,h_544,w_504/NI_CATALOG/IMAGES/CIW/2025/6/11/d9f2b720-0c95-4317-9b28-a9ddfb7ad5df_8215_1.png",Daily face cream enriched with multivitamins,50 g,,,,10 MINS,Organic,Himalaya Brightening Blueberry Face Wash
Kukatpally 500072,21-12-2025,12:35:10 PM,Clean & Clear Foaming Face Wash,"https://instamart-media-assets.swiggy.com/swiggy/image/upload/fl_lossy,f_auto,q_auto,h_544,w_504/ixavngmca1fvckii5b38","Deep Cleanse, Foaming Formula.",100 ml,8,199,183,10 MINS,Organic,Himalaya Brightening Blueberry Face Wash
Kukatpally 500072,21-12-2025,12:35:10 PM,"Garnier Skin Naturals, Facewash, Cleansing And Brightening, Bright Complete","https://instamart-media-assets.swiggy.com/swiggy/image/upload/fl_lossy,f_auto,q_auto,h_544,w_504/NI_CATALOG/IMAGES/CIW/2025/7/3/388dfa93-1f32-4ee4-80be-029d3b0fb767_58023_1.png",Brightening facewash with lemon (non-food),100 g,25,219,164,10 MINS,Organic,Himalaya Brightening Blueberry Face Wash
Kukatpally 500072,21-12-2025,12:35:10 PM,Wow Skin Science Brightening Vitamin C Foaming Face Wash,"https://instamart-media-assets.swiggy.com/swiggy/image/upload/fl_lossy,f_auto,q_auto,h_544,w_504/NI_CATALOG/IMAGES/CIW/2024/8/12/821f9d2c-c339-4a68-97e0-ca194dac1fa2_8296_1.png",Foaming Face Cleanser with Built-In Brush | Brightens & Tones Skin,150 ml,17,399,331,10 MINS,Organic,Himalaya Brightening Blueberry Face Wash
Kukatpally 500072,21-12-2025,12:35:10 PM,Himalaya Purifying Neem Foaming Face Wash,"https://instamart-media-assets.swiggy.com/swiggy/image/upload/fl_lossy,f_auto,q_auto,h_544,w_504/NI_CATALOG/IMAGES/CIW/2025/3/21/3d0afdf5-a858-4f6a-8f77-e0cca792e82f_3801_1.png",Purifying face wash with neem & turmeric,150 ml,14,299,257,10 MINS,Organic,Himalaya Brightening Blueberry Face Wash
Kukatpally 500072,21-12-2025,12:35:10 PM,Mamaearth Rice Face Wash With Rice Water Niacinamide for Glass Skin,"https://instamart-media-assets.swiggy.com/swiggy/image/upload/fl_lossy,f_auto,q_auto,h_544,w_504/NI_CATALOG/IMAGES/CIW/2024/7/10/d8ff2ddb-c797-4dcf-971e-a2b085c9b87a_facewash_D9O627T47T_MN.png",,100 ml x 2,20,538,430,10 MINS,Organic,Himalaya Brightening Blueberry Face Wash
Kukatpally 500072,21-12-2025,12:35:10 PM,Pond's Bright Beauty Facewash,"https://instamart-media-assets.swiggy.com/swiggy/image/upload/fl_lossy,f_auto,q_auto,h_544,w_504/NI_CATALOG/IMAGES/CIW/2024/5/7/b157847e-ad93-4646-ae17-ed8276ea570e_facewash_7XVVHTGGCL_MN.png",Brightening facewash for radiant skin,150 g,32,359,244,10 MINS,Organic,Himalaya Brightening Blueberry Face Wash
Kukatpally 500072,21-12-2025,12:35:10 PM,Bodify Vitamin C Brightening Body Wash,"https://instamart-media-assets.swiggy.com/swiggy/image/upload/fl_lossy,f_auto,q_auto,h_544,w_504/NI_CATALOG/IMAGES/CIW/2025/3/13/97520eed-67d8-4286-b40c-ba9c18d32aa1_278572_1.png",Body wash with Vitamin C for radiant and clean skin,500 ml,54,375,169,10 MINS,Organic,Himalaya Brightening Blueberry Face Wash
Kukatpally 500072,21-12-2025,12:35:10 PM,Vaseline Gluta Hya Dewy Radiance,"https://instamart-media-assets.swiggy.com/swiggy/image/upload/fl_lossy,f_auto,q_auto,h_544,w_504/b02873b6bb918e0df92b05ee93cf0947",Body lotion with gluta and hyaluronic acid,200 ml,33,380,253,10 MINS,Organic,Himalaya Brightening Blueberry Face Wash
Kukatpally 500072,21-12-2025,12:35:10 PM,ENN Beauty Litt Up Skin Brightening Face Wash - Tan Removal,"https://instamart-media-assets.swiggy.com/swiggy/image/upload/fl_lossy,f_auto,q_auto,h_544,w_504/NI_CATALOG/IMAGES/CIW/2024/7/1/56ad1db7-576b-4114-8671-c5bf3d11d4a3_facewash_I9XLTPLAXB_MN.png",Skin Brightening Face Wash | Tan Removal & Glow Boost,100 ml,16,320,266,19 MINS,Organic,Himalaya Brightening Blueberry Face Wash
Kukatpally 500072,21-12-2025,12:35:10 PM,mCaffeine Brightening Raspberry Rush Body Scrub,"https://instamart-media-assets.swiggy.com/swiggy/image/upload/fl_lossy,f_auto,q_auto,h_544,w_504/NI_CATALOG/IMAGES/CIW/2025/3/8/d47c25a1-2fd1-4e89-a880-73a7c11444ec_694212_1.png",Exfoliating scrub with raspberry fragrance,175 g,14,449,382,10 MINS,Organic,Himalaya Brightening Blueberry Face Wash
Hitech City 500081,21-12-2025,12:36:08 PM,Mangaldeep 3 in 1 Agarbatti Premium quality charcoal free Long lasting fragrances,"https://instamart-media-assets.swiggy.com/swiggy/image/upload/fl_lossy,f_auto,q_auto,h_544,w_504/NI_CATALOG/IMAGES/CIW/2024/4/24/96f66387-ed8d-40f8-80f4-1805e12200ba_poojaneeds_QP2ADLFNUI_MN.png",Charcoal-free agarbatti with long-lasting fragrance,106 g,15,65,55,13 MINS,Organic,Mangaldeep 3 in 1 Premium Incense
Hitech City 500081,21-12-2025,12:36:08 PM,Mangaldeep Scent 3 in1 Incense Pack,"https://instamart-media-assets.swiggy.com/swiggy/image/upload/fl_lossy,f_auto,q_auto,h_544,w_504/NI_CATALOG/IMAGES/CIW/2025/4/4/c13cac9b-03c1-4413-9f07-692a41b48226_80710_1.png",Invigorate Your Senses with Long-Lasting Aroma,213 g,12,125,110,13 MINS,Organic,Mangaldeep 3 in 1 Premium Incense
Hitech City 500081,21-12-2025,12:36:08 PM,Mangaldeep Scent Radiance Burst - Luxury Incense Sticks,"https://instamart-media-assets.swiggy.com/swiggy/image/upload/fl_lossy,f_auto,q_auto,h_544,w_504/NI_CATALOG/IMAGES/CIW/2025/11/20/647d086a-e040-4a27-bc55-465a473154f6_462812_1.png",,40 Sticks,12,225,198,13 MINS,Organic,Mangaldeep 3 in 1 Premium Incense
Hitech City 500081,21-12-2025,12:36:08 PM,"Mangaldeep Chandan 3 In1 Agarbatti Classic Chandan, Rose Chandan & Jasmine Chandan","https://instamart-media-assets.swiggy.com/swiggy/image/upload/fl_lossy,f_auto,q_auto,h_544,w_504/NI_CATALOG/IMAGES/CIW/2024/4/24/c870f1f0-625e-4379-a3b9-7b46761ee005_poojaneeds_28BKHOZNVI_MN.png","Fragrant Trio of Classic Chandan, Rose & Jasmine Incense",226 g,12,125,110,13 MINS,Organic,Mangaldeep 3 in 1 Premium Incense
Hitech City 500081,21-12-2025,12:36:08 PM,"Homelites Matchbox (5 Pieces, Small)","https://instamart-media-assets.swiggy.com/swiggy/image/upload/fl_lossy,f_auto,q_auto,h_544,w_504/ec26dc129444d099b9c38c63bd56223e",Reliable matchsticks for everyday or pooja use,1 box,10,10,9,13 MINS,Organic,Mangaldeep 3 in 1 Premium Incense
Hitech City 500081,21-12-2025,12:36:08 PM,Shubhkart Darshana Camphor Puja Oil,"https://instamart-media-assets.swiggy.com/swiggy/image/upload/fl_lossy,f_auto,q_auto,h_544,w_504/NI_CATALOG/IMAGES/CIW/2024/11/18/344b3dc3-0ed4-4f53-85f5-bae3402d374e_25939_1.png",Pure Camphor Oil for Spiritual Rituals,450 ml,15,108,91,13 MINS,Organic,Mangaldeep 3 in 1 Premium Incense
Hitech City 500081,21-12-2025,12:36:08 PM,Mangaldeep Sandal Agarbatti,"https://instamart-media-assets.swiggy.com/swiggy/image/upload/fl_lossy,f_auto,q_auto,h_544,w_504/f158c3690db13ceecc5a2ae86b8bd0ca",Sandalwood-scented incense sticks,1 pack,10,65,58,13 MINS,Organic,Mangaldeep 3 in 1 Premium Incense
Hitech City 500081,21-12-2025,12:36:08 PM,Gold Winner Kaleesuwari deepam oil bottle,"https://instamart-media-assets.swiggy.com/swiggy/image/upload/fl_lossy,f_auto,q_auto,h_544,w_504/kbjoltw6gdq5olcxfwvd",Light Your Tradition with Pure Deepam Oil,500 ml,,,,13 MINS,Organic,Mangaldeep 3 in 1 Premium Incense
Hitech City 500081,21-12-2025,12:36:08 PM,Shubhkart Nirmal 3 In 1 Premium Agarbatti,"https://instamart-media-assets.swiggy.com/swiggy/image/upload/fl_lossy,f_auto,q_auto,h_544,w_504/NI_CATALOG/IMAGES/CIW/2024/11/27/b97f755b-81e0-4169-bfd1-fd1665893c73_927663_1.png",Premium agarbatti combo with 3 divine fragrances,110 g,27,65,47,13 MINS,Organic,Mangaldeep 3 in 1 Premium Incense
Hitech City 500081,21-12-2025,12:36:08 PM,Cycle Pure Naivedya Cup Sambrani,"https://instamart-media-assets.swiggy.com/swiggy/image/upload/fl_lossy,f_auto,q_auto,h_544,w_504/NI_CATALOG/IMAGES/CIW/2025/8/13/742db789-4b8c-4406-93bc-3de641674471_589212_1.png",Sambrani incense in cup form for pure and divine ambiance,15 pieces,5,90,85,13 MINS,Organic,Mangaldeep 3 in 1 Premium Incense
Hitech City 500081,21-12-2025,12:36:08 PM,OM BHAKTI Camphor (Small),"https://instamart-media-assets.swiggy.com/swiggy/image/upload/fl_lossy,f_auto,q_auto,h_544,w_504/NI_CATALOG/IMAGES/CIW/2025/7/28/eab80570-5f4b-46fa-bc98-b9165b5a1fb8_51604_1.png",Small-size pure camphor tablets for puja,1 pack,5,59,56,13 MINS,Organic,Mangaldeep 3 in 1 Premium Incense
Hitech City 500081,21-12-2025,12:36:08 PM,Mangalam Bhimseni Aroma Diffuser Kapoor Dani,"https://instamart-media-assets.swiggy.com/swiggy/image/upload/fl_lossy,f_auto,q_auto,h_544,w_504/NI_CATALOG/IMAGES/CIW/2025/10/1/2f85db4e-7d26-4fe3-9a82-edb5e6328cbd_240628_1.png",Camphor-based aroma diffuser for pooja rooms,1 Piece,25,399,299,13 MINS,Organic,Mangaldeep 3 in 1 Premium Incense
Hitech City 500081,21-12-2025,12:36:08 PM,Home Light Big Matchbox,"https://instamart-media-assets.swiggy.com/swiggy/image/upload/fl_lossy,f_auto,q_auto,h_544,w_504/4d015abd268168e6844629d882eab104",Large safety matchbox ideal for lighting diyas or candles,1 box,20,10,8,13 MINS,Organic,Mangaldeep 3 in 1 Premium Incense
Hitech City 500081,21-12-2025,12:36:08 PM,OM BHAKTI - Pancha Deepa Oil Bottle,"https://instamart-media-assets.swiggy.com/swiggy/image/upload/fl_lossy,f_auto,q_auto,h_544,w_504/NI_CATALOG/IMAGES/CIW/2025/10/14/c42f0766-cd97-40be-9ce1-b7bd6a156a2f_65009_1.png",Pure pooja lighting,1 ltr x 2,5,468,444,13 MINS,Organic,Mangaldeep 3 in 1 Premium Incense
Hitech City 500081,21-12-2025,12:36:08 PM,Mangaldeep Bambooless Dhoop Stick 4 in 1 Jar,"https://instamart-media-assets.swiggy.com/swiggy/image/upload/fl_lossy,f_auto,q_auto,h_544,w_504/NI_CATALOG/IMAGES/CIW/2024/10/10/255b9381-f097-460b-aee8-2696c2f1dcaf_902961_1.png",Multipurpose dhoop with four divine fragrances,200 g,16,150,126,13 MINS,Organic,Mangaldeep 3 in 1 Premium Incense
Hitech City 500081,21-12-2025,12:36:08 PM,Mangaldeep Treya Cup Sambrani,"https://instamart-media-assets.swiggy.com/swiggy/image/upload/fl_lossy,f_auto,q_auto,h_544,w_504/NI_CATALOG/IMAGES/CIW/2024/10/4/c3f7b699-0b83-4391-bcf3-210f49039d37_29014_1.png",Cup-shaped sambrani incense,9 pieces,8,75,69,13 MINS,Organic,Mangaldeep 3 in 1 Premium Incense
Hitech City 500081,21-12-2025,12:36:08 PM,Mangaldeep Treya Sambrani Sticks - Fragrances Sambrani Sticks,"https://instamart-media-assets.swiggy.com/swiggy/image/upload/fl_lossy,f_auto,q_auto,h_544,w_504/a3a5c0ada1e3d95c08eb2b7b1218a6fa",Fragrant traditional Sambrani sticks,140 g,10,60,54,13 MINS,Organic,Mangaldeep 3 in 1 Premium Incense
Hitech City 500081,21-12-2025,12:36:08 PM,Mangaldeep Scent Premium Bambooless Dhoop Sticks with Black Oudh fragrance,"https://instamart-media-assets.swiggy.com/swiggy/image/upload/fl_lossy,f_auto,q_auto,h_544,w_504/NI_CATALOG/IMAGES/CIW/2024/10/20/0b410f83-204f-4d69-a600-9964887b4184_854918_1.png",Luxury dhoop sticks with black oudh scent,1 pack,10,250,225,13 MINS,Organic,Mangaldeep 3 in 1 Premium Incense
Hitech City 500081,21-12-2025,12:36:08 PM,Mangaldeep Scent Premium Dhoop Cones - with Lavender & Amber fragrances (40 cones),"https://instamart-media-assets.swiggy.com/swiggy/image/upload/fl_lossy,f_auto,q_auto,h_544,w_504/NI_CATALOG/IMAGES/CIW/2024/10/21/dd2424ea-bcb5-44b6-bdcc-bcb68960e700_143034_1.png",Premium dhoop cones with calming fragrances,40 pieces,10,150,135,13 MINS,Organic,Mangaldeep 3 in 1 Premium Incense
Hitech City 500081,21-12-2025,12:36:08 PM,Cycle Pure Four Seasons Premium Bambooless Incense,"https://instamart-media-assets.swiggy.com/swiggy/image/upload/fl_lossy,f_auto,q_auto,h_544,w_504/NI_CATALOG/IMAGES/CIW/2024/7/21/8e0470f3-30dc-49d2-b775-f135eae5527d_poojaneeds_H7US8DPGU7_MN.png",Premium bambooless incense with four unique fragrances,240 g,,,,13 MINS,Organic,Mangaldeep 3 in 1 Premium Incense
Hitech City 500081,21-12-2025,12:36:08 PM,Mangaldeep Temple Bambooless Premium Dhoop Sticks - with fragrance of Javadhu,"https://instamart-media-assets.swiggy.com/swiggy/image/upload/fl_lossy,f_auto,q_auto,h_544,w_504/NI_CATALOG/IMAGES/CIW/2024/10/20/b88cf83a-3dae-4aae-9c8b-2ab60d8cc75a_749928_1.png",Premium temple dhoop sticks with Javadhu fragrance,30 Sticks,10,250,225,13 MINS,Organic,Mangaldeep 3 in 1 Premium Incense
Hitech City 500081,21-12-2025,12:36:08 PM,Mangaldeep Sandalwood & Patchouli Temple Premium Dhoop Cones (40 cones),"https://instamart-media-assets.swiggy.com/swiggy/image/upload/fl_lossy,f_auto,q_auto,h_544,w_504/NI_CATALOG/IMAGES/CIW/2024/10/20/421ace95-78bb-4229-af7f-6c1f081f2747_726389_1.png",Premium temple dhoop cones with rich aroma,40 pieces,10,150,135,13 MINS,Organic,Mangaldeep 3 in 1 Premium Incense
Hitech City 500081,21-12-2025,12:36:08 PM,Mangaldeep Sankalp Pooja Camphor - Infused With Bhimseni,"https://instamart-media-assets.swiggy.com/swiggy/image/upload/fl_lossy,f_auto,q_auto,h_544,w_504/NI_CATALOG/IMAGES/CIW/2025/7/28/778bae92-ccc5-4cd9-8070-1615ba850177_712301_1.png",Camphor infused with Bhimseni for pooja use,50 g,12,100,88,13 MINS,Organic,Mangaldeep 3 in 1 Premium Incense
Hitech City 500081,21-12-2025,12:36:08 PM,Shubhkart Nirmal Chandan Dry Cone Dhoop,"https://instamart-media-assets.swiggy.com/swiggy/image/upload/fl_lossy,f_auto,q_auto,h_544,w_504/NI_CATALOG/IMAGES/CIW/2024/7/13/e26493ee-f092-4ac3-a9cf-78c0a5d9b065_poojaneeds_J9M9SGQL3X_MN.png",Dry chandan-scented dhoop cones for daily rituals,10 pieces,8,12,11,13 MINS,Organic,Mangaldeep 3 in 1 Premium Incense
Hitech City 500081,21-12-2025,12:36:08 PM,"Mangaldeep 3 In1 Wet Dhoop: Made With Desi Ghee, Resins & Herbs","https://instamart-media-assets.swiggy.com/swiggy/image/upload/fl_lossy,f_auto,q_auto,h_544,w_504/9aaf1eb70d2f093e4d67317f449a2826",Aromatic dhoop with ghee and natural herbs,140 g,10,60,54,13 MINS,Organic,Mangaldeep 3 in 1 Premium Incense
Hitech City 500081,21-12-2025,12:36:08 PM,Mangaldeep Scent Luxe Collections Gift Box,"https://instamart-media-assets.swiggy.com/swiggy/image/upload/fl_lossy,f_auto,q_auto,h_544,w_504/NI_CATALOG/IMAGES/CIW/2025/10/17/19601f8b-757e-41cf-9ff3-eb42fbec260c_557944_1.png",,1 pack,50,999,499,13 MINS,Organic,Mangaldeep 3 in 1 Premium Incense
Hitech City 500081,21-12-2025,12:36:08 PM,Mangaldeep Temple Sanctum Camphor & Amber Agarbatti,"https://instamart-media-assets.swiggy.com/swiggy/image/upload/fl_lossy,f_auto,q_auto,h_544,w_504/NI_CATALOG/IMAGES/CIW/2024/9/17/43755a43-5b87-4312-8b2f-36a9a3a8aff8_766741_1.png",Traditional Religious Essentials,20 Sticks,26,100,74,13 MINS,Organic,Mangaldeep 3 in 1 Premium Incense
Hitech City 500081,21-12-2025,12:36:08 PM,SATVIK Premium Arti Sangrah Book,"https://instamart-media-assets.swiggy.com/swiggy/image/upload/fl_lossy,f_auto,q_auto,h_544,w_504/NI_CATALOG/IMAGES/CIW/2024/6/13/568b53b8-8f1d-479d-a21f-76b86ce9e78a_poojaneeds_1RT8C5D816_MN.png",Complete prayer guide for devotion,1 Piece,40,499,299,13 MINS,Organic,Mangaldeep 3 in 1 Premium Incense
Hitech City 500081,21-12-2025,12:36:08 PM,Shubhkart Nirmal 5 in 1 Agarbatti Zipper,"https://instamart-media-assets.swiggy.com/swiggy/image/upload/fl_lossy,f_auto,q_auto,h_544,w_504/NI_CATALOG/IMAGES/CIW/2024/11/27/5809e141-bca9-4fda-a0b9-01f6452e85a0_9511_1.png",Fragrant agarbatti combo with 5 spiritual scents,150 g,15,70,59,13 MINS,Organic,Mangaldeep 3 in 1 Premium Incense
Hitech City 500081,21-12-2025,12:36:08 PM,Shubhkart Nirmal Eco box Lavender agarbatti,"https://instamart-media-assets.swiggy.com/swiggy/image/upload/fl_lossy,f_auto,q_auto,h_544,w_504/NI_CATALOG/IMAGES/CIW/2024/11/27/4945f373-e7b9-48b2-9325-db425e082b0f_10751_1.png",Eco-friendly lavender incense sticks for pooja,100 g,27,65,47,13 MINS,Organic,Mangaldeep 3 in 1 Premium Incense
Hitech City 500081,21-12-2025,12:36:08 PM,SATVIK Premium Hanuman Chalisa Book,"https://instamart-media-assets.swiggy.com/swiggy/image/upload/fl_lossy,f_auto,q_auto,h_544,w_504/NI_CATALOG/IMAGES/CIW/2024/6/13/bf7c8693-2dc3-4c90-a1e7-325ccec9fe55_poojaneeds_LM8B92H143_MN.png",Sacred prayer book in a premium format,1 Piece,40,499,299,13 MINS,Organic,Mangaldeep 3 in 1 Premium Incense
Hitech City 500081,21-12-2025,12:36:08 PM,Shubhkart Tejas Samai Diya bati Large,"https://instamart-media-assets.swiggy.com/swiggy/image/upload/fl_lossy,f_auto,q_auto,h_544,w_504/hd5uiajavrmh7xmm1oxq",Cotton wicks for traditional lamps,4 g,13,15,13,13 MINS,Organic,Mangaldeep 3 in 1 Premium Incense
Hitech City 500081,21-12-2025,12:36:46 PM,Dabur Honitus Syrup,"https://instamart-media-assets.swiggy.com/swiggy/image/upload/fl_lossy,f_auto,q_auto,h_544,w_504/lac6khf2ydojrbcapfkg",Natural relief for cough and sore throat.,100 ml,9,121,109,5 MINS,Organic,Dabur Honitus Cough Syrup
Hitech City 500081,21-12-2025,12:36:46 PM,Honitus Hot Sip Ayurvedic Kaadha Sachets,"https://instamart-media-assets.swiggy.com/swiggy/image/upload/fl_lossy,f_auto,q_auto,h_544,w_504/NI_CATALOG/IMAGES/ciw/2025/12/18/f2eafc97-4f92-4f2c-a1cb-41db525c2ec1_MVY0D100U7_MN_18122025.png",Herbal kaadha sachets to support throat and immunity.,7 pieces,10,77,69,5 MINS,Organic,Dabur Honitus Cough Syrup
Hitech City 500081,21-12-2025,12:36:46 PM,Dabur Honitus Hot Sip 30Nx4G Sachets,"https://instamart-media-assets.swiggy.com/swiggy/image/upload/fl_lossy,f_auto,q_auto,h_544,w_504/b941e25e418fdcdd271f3ffaac3338b2",Ayurvedic kadha for cold & throat comfort,120 g,15,330,280,18 MINS,Organic,Dabur Honitus Cough Syrup
Hitech City 500081,21-12-2025,12:36:46 PM,Hansaplast Antiseptic Waterproof Bandage for Wound Protection 20's Strips,"https://instamart-media-assets.swiggy.com/swiggy/image/upload/fl_lossy,f_auto,q_auto,h_544,w_504/NI_CATALOG/IMAGES/CIW/2025/11/13/5a942529-852c-4df2-82af-7ea52d6b0e51_594948_1.png",Waterproof antiseptic bandages for wound care,20 pieces,8,60,55,,Ad,Dabur Honitus Cough Syrup
Hitech City 500081,21-12-2025,12:36:46 PM,Vicks Vaporub Balm,"https://instamart-media-assets.swiggy.com/swiggy/image/upload/fl_lossy,f_auto,q_auto,h_544,w_504/NI_CATALOG/IMAGES/CIW/2025/9/6/cc724593-c0cb-4619-acb7-fb229057fef0_31216_1.png","Soothing balm for cold, cough, and body ache",50 ml,10,199,179,,Ad,Dabur Honitus Cough Syrup
Hitech City 500081,21-12-2025,12:36:46 PM,Dabur Tulsi Drops Immunity Booster - 50% Extra,"https://instamart-media-assets.swiggy.com/swiggy/image/upload/fl_lossy,f_auto,q_auto,h_544,w_504/NI_CATALOG/IMAGES/ciw/2025/12/18/20502f15-95bc-40f4-9bab-c0b82535e571_RMJF32FH9G_MN_18122025.png","Immunity Support, Tulsi Power.",30 ml,34,182,119,5 MINS,Organic,Dabur Honitus Cough Syrup
Hitech City 500081,21-12-2025,12:36:46 PM,Vicks Cough Syrup 100ml -Fast Relief for Dry & Chesty Coughs with Tulsi & Ginger,"https://instamart-media-assets.swiggy.com/swiggy/image/upload/fl_lossy,f_auto,q_auto,h_544,w_504/NI_CATALOG/IMAGES/CIW/2024/11/30/496ec211-4021-4d38-8e65-40ca1c8b5b8f_230833_1.png",Fast relief from dry and chesty coughs with Tulsi & Ginger,100 ml,19,121,97,5 MINS,Organic,Dabur Honitus Cough Syrup
Hitech City 500081,21-12-2025,12:36:46 PM,Zandu Ayurvedic Cough Syrup,"https://instamart-media-assets.swiggy.com/swiggy/image/upload/fl_lossy,f_auto,q_auto,h_544,w_504/e2b3423de46f30b3a2ae8db5c8393ded",Herbal cough syrup with ayurvedic formulation,100 ml,20,125,99,5 MINS,Organic,Dabur Honitus Cough Syrup
Hitech City 500081,21-12-2025,12:36:46 PM,Himalaya Koflet Syrup 100Ml With Himalaya Cold Balm 45G,"https://instamart-media-assets.swiggy.com/swiggy/image/upload/fl_lossy,f_auto,q_auto,h_544,w_504/d4f000580aa677ce78017c67ced2e9a9",,200 ml,10,265,238,SOLD OUT,Organic,Dabur Honitus Cough Syrup
Hitech City 500081,21-12-2025,12:36:46 PM,Himalaya Koflet Cough Syrup + 6 Lozenges Free for Cough & Throat Relief | Non Drowsy | 100ml,"https://instamart-media-assets.swiggy.com/swiggy/image/upload/fl_lossy,f_auto,q_auto,h_544,w_504/NI_CATALOG/IMAGES/CIW/2024/12/10/836ea40b-2c2b-4813-9b4a-7e73dc68711d_101503_1.png",Ayurvedic relief for cough,100 ml,10,115,103,SOLD OUT,Organic,Dabur Honitus Cough Syrup
Hitech City 500081,21-12-2025,12:36:46 PM,Dabur Chyawanprash 3X Immunity Booster,"https://instamart-media-assets.swiggy.com/swiggy/image/upload/fl_lossy,f_auto,q_auto,h_544,w_504/NI_CATALOG/IMAGES/ciw/2025/12/18/23a5d810-1967-41c4-856e-0781a62563b6_G76IG6RK84_MN_18122025.png",Herbal blend with triple immunity,950 g,10,450,401,5 MINS,Organic,Dabur Honitus Cough Syrup
Hitech City 500081,21-12-2025,12:36:46 PM,Dabur Chyawanprakash Sugarfree,"https://instamart-media-assets.swiggy.com/swiggy/image/upload/fl_lossy,f_auto,q_auto,h_544,w_504/NI_CATALOG/IMAGES/ciw/2025/12/18/abc315ca-f5be-4c7d-8a6e-98ee8868a994_ZO4TQRMW2I_MN_18122025.png",Sugar-free herbal supplement for immunity support.,900 g,17,440,361,5 MINS,Organic,Dabur Honitus Cough Syrup
Hitech City 500081,21-12-2025,12:36:46 PM,Dabur Chyawanprash 2X Immunity Booster,"https://instamart-media-assets.swiggy.com/swiggy/image/upload/fl_lossy,f_auto,q_auto,h_544,w_504/NI_CATALOG/IMAGES/ciw/2025/12/18/e226c5ad-2afd-46f1-b13e-f2769fd4d5e5_Q14GR0ZE8B_MN_18122025.png",,250 g,,,,5 MINS,Organic,Dabur Honitus Cough Syrup
Hitech City 500081,21-12-2025,12:36:46 PM,Dabur Sat Isabgol Psyllium Husk) Relieves Constipation & Improves Digestion,"https://instamart-media-assets.swiggy.com/swiggy/image/upload/fl_lossy,f_auto,q_auto,h_544,w_504/NI_CATALOG/IMAGES/CIW/2024/10/2/ca0529a7-c9d9-42df-81b6-a67a95f1e6c4_52962_1.png",Natural fibre supplement for digestion,90 g,9,175,158,5 MINS,Organic,Dabur Honitus Cough Syrup
Hitech City 500081,21-12-2025,12:36:46 PM,Dabur Chyawanprash Awaleha Bottle,"https://instamart-media-assets.swiggy.com/swiggy/image/upload/fl_lossy,f_auto,q_auto,h_544,w_504/ba692fb06f144ec9998dd43c383c1afe",Ayurvedic immunity paste with Amla.,2 kg,20,820,656,5 MINS,Organic,Dabur Honitus Cough Syrup
Hitech City 500081,21-12-2025,12:36:46 PM,Dabur Jamun Neem Karela Juice - Promotes Healthy Glucose Levels,"https://instamart-media-assets.swiggy.com/swiggy/image/upload/fl_lossy,f_auto,q_auto,h_544,w_504/NI_CATALOG/IMAGES/ciw/2025/12/18/5c450c9f-0041-4c71-b0c9-4863405cee19_K41HKG0CT5_MN_18122025.png",Herbal juice to support healthy glucose levels,1 L,20,315,252,18 MINS,Organic,Dabur Honitus Cough Syrup
Hitech City 500081,21-12-2025,12:36:46 PM,Dabur Chyawanprash 3X Immunity Action,"https://instamart-media-assets.swiggy.com/swiggy/image/upload/fl_lossy,f_auto,q_auto,h_544,w_504/NI_CATALOG/IMAGES/CIW/2025/12/4/bbd25100-2720-495a-b531-6a17ff40850f_3233_1.png",Immunity booster with Ayurvedic herbs,450 g,8,235,216,5 MINS,Organic,Dabur Honitus Cough Syrup
Hitech City 500081,21-12-2025,12:36:46 PM,Dabur Khajurprash |Supports Healthy Haemoglobin Level|Helps Fight Iron Deficiency,"https://instamart-media-assets.swiggy.com/swiggy/image/upload/fl_lossy,f_auto,q_auto,h_544,w_504/NI_CATALOG/IMAGES/ciw/2025/12/18/7348ab41-0755-4f95-9d2e-bbfac6583d4e_16GPQZ9K4Q_MN_18122025.png",Ayurvedic blend supporting haemoglobin & iron levels.,900 g,26,492,362,5 MINS,Organic,Dabur Honitus Cough Syrup
Hitech City 500081,21-12-2025,12:36:46 PM,Dabur Giloy Neem Juice With Tulsi,"https://instamart-media-assets.swiggy.com/swiggy/image/upload/fl_lossy,f_auto,q_auto,h_544,w_504/NI_CATALOG/IMAGES/ciw/2025/12/18/9f9155f5-b721-4304-b665-fdf7ab4f222b_DWHI2SWUP5_MN_18122025.png",Ayurvedic immunity booster with 3 powerful herbs.,1 L,15,280,238,18 MINS,Organic,Dabur Honitus Cough Syrup
Hitech City 500081,21-12-2025,12:36:46 PM,Dabur Himalayan Pure Shilajit Drops,"https://instamart-media-assets.swiggy.com/swiggy/image/upload/fl_lossy,f_auto,q_auto,h_544,w_504/NI_CATALOG/IMAGES/ciw/2025/12/18/d07f2ba9-10ba-45ed-98fd-b909d536e3e9_YB58GVSISQ_MN_18122025.png",,30 ml,6,599,561,18 MINS,Organic,Dabur Honitus Cough Syrup
Hitech City 500081,21-12-2025,12:36:46 PM,Dabur Pudin Hara Pearls Pack of 2 Strips 20 Capsules,"https://instamart-media-assets.swiggy.com/swiggy/image/upload/fl_lossy,f_auto,q_auto,h_544,w_504/NI_CATALOG/IMAGES/ciw/2025/12/18/beca84db-7c0a-4c0f-84c4-6d7e62d7650c_6WBCCI9PZT_MN_18122025.png",Herbal capsules for indigestion relief,50 g,9,64,58,5 MINS,Organic,Dabur Honitus Cough Syrup
Hitech City 500081,21-12-2025,12:36:46 PM,Dabur Himalayan Shilajit Resin - |100% Pure Shilajit - Boosts Stamina And Energy,"https://instamart-media-assets.swiggy.com/swiggy/image/upload/fl_lossy,f_auto,q_auto,h_544,w_504/NI_CATALOG/IMAGES/ciw/2025/12/18/1c68a7de-a6d2-4b61-a801-248862d81014_WICMWRIKB5_MN_18122025.png",100% Pure Shilajit to boost stamina and energy naturally,15 g,43,1450,815,18 MINS,Organic,Dabur Honitus Cough Syrup
Hitech City 500081,21-12-2025,12:36:46 PM,"Dabur Slim & Fit Juice - 100% Natural & Ayurvedic - No Artificials, Sugars & Flavours","https://instamart-media-assets.swiggy.com/swiggy/image/upload/fl_lossy,f_auto,q_auto,h_544,w_504/NI_CATALOG/IMAGES/ciw/2025/12/18/680a8d1d-30dc-4fd1-ac10-180447aed349_JBYOTROXJX_MN_18122025.png",Natural juice with ayurvedic slimming herbs,1 L,20,549,437,18 MINS,Organic,Dabur Honitus Cough Syrup
Hitech City 500081,21-12-2025,12:36:46 PM,Dabur Hair Revitalizing Juice - Hair Care Juice for Hair Growth & Hair Fall Control,"https://instamart-media-assets.swiggy.com/swiggy/image/upload/fl_lossy,f_auto,q_auto,h_544,w_504/NI_CATALOG/IMAGES/ciw/2025/12/18/b6766101-3be6-403b-91ad-ad918152c04f_5I9BLI2CIZ_MN_18122025.png",Herbal juice for hair growth & fall control,1 L,20,599,477,18 MINS,Organic,Dabur Honitus Cough Syrup
Hitech City 500081,21-12-2025,12:36:46 PM,Dabur Sat Isabgol Psyllium Husk,"https://instamart-media-assets.swiggy.com/swiggy/image/upload/fl_lossy,f_auto,q_auto,h_544,w_504/NI_CATALOG/IMAGES/ciw/2025/12/18/73c792f5-c733-4e46-a2dd-2fccf6356425_JZW4G13ZCR_MN_18122025.png",Natural digestive fiber supplement,180 g,8,345,316,5 MINS,Organic,Dabur Honitus Cough Syrup
Hitech City 500081,21-12-2025,12:36:46 PM,Vicks Vaporub Balm,"https://instamart-media-assets.swiggy.com/swiggy/image/upload/fl_lossy,f_auto,q_auto,h_544,w_504/NI_CATALOG/IMAGES/CIW/2025/9/6/35f590a6-0d61-4942-b386-df8594d32131_31215_1.png",Soothing vapour balm for cold relief and clear breathing.,25 ml,,,,5 MINS,Organic,Dabur Honitus Cough Syrup
Hitech City 500081,21-12-2025,12:36:46 PM,Amrutanjan Relief Cough & Cold Nasal Inhaler,"https://instamart-media-assets.swiggy.com/swiggy/image/upload/fl_lossy,f_auto,q_auto,h_544,w_504/f0d2da00267cf4fc348296e56aa96ac2",Relief from cold and nasal congestion,0.75 g,2,47,46,5 MINS,Organic,Dabur Honitus Cough Syrup
Hitech City 500081,21-12-2025,12:36:46 PM,Vicks Inhaler Key Chain,"https://instamart-media-assets.swiggy.com/swiggy/image/upload/fl_lossy,f_auto,q_auto,h_544,w_504/NI_CATALOG/IMAGES/CIW/2024/12/4/54711085-f9da-4c95-b2e1-3f72cf2bf83f_1354_1.png",Handy decongestant in keychain form,0.5 ml,,,,5 MINS,Organic,Dabur Honitus Cough Syrup
Hitech City 500081,21-12-2025,12:36:46 PM,Dabur Red Toothpaste,"https://instamart-media-assets.swiggy.com/swiggy/image/upload/fl_lossy,f_auto,q_auto,h_544,w_504/NI_CATALOG/IMAGES/CIW/2025/9/3/bbd41118-e003-4224-857f-bc4910ba4766_1548_1.png",Trusted Oral Care with Strong Cavity Protection,100 g x 2,9,138,125,5 MINS,Organic,Dabur Honitus Cough Syrup
Hitech City 500081,21-12-2025,12:36:46 PM,Man Matters Pure Himalayan Shilajit Gummies,"https://instamart-media-assets.swiggy.com/swiggy/image/upload/fl_lossy,f_auto,q_auto,h_544,w_504/NI_CATALOG/IMAGES/ciw/2025/12/18/982ec1ea-4a15-4d2a-a33e-ea7c0df1b86a_HNNPN7TSUR_MN_18122025.png",Wellness gummies with pure Himalayan Shilajit extract,120 g,,,,5 MINS,Organic,Dabur Honitus Cough Syrup
Hitech City 500081,21-12-2025,12:36:46 PM,Dabur Himalayan Apple Cider Vinegar with Mother of Vinegar,"https://instamart-media-assets.swiggy.com/swiggy/image/upload/fl_lossy,f_auto,q_auto,h_544,w_504/NI_CATALOG/IMAGES/ciw/2025/12/18/af99ba11-371e-4d86-9f7d-5551d50d9dad_88V2CNX5DC_MN_18122025.png",Raw ACV for digestion & detox,500 g,26,450,333,18 MINS,Organic,Dabur Honitus Cough Syrup
Hitech City 500081,21-12-2025,12:36:46 PM,"Vicks Vaporub Steampods 4S For Steam Inhalation, Quick Relief From Blocked Nose","https://instamart-media-assets.swiggy.com/swiggy/image/upload/fl_lossy,f_auto,q_auto,h_544,w_504/NI_CATALOG/IMAGES/CIW/2024/12/4/8fc23a35-29d0-4325-83ed-9771d0cabf1a_90375_1.png",Pods for steam relief from nasal congestion,4 pieces,,,,5 MINS,Organic,Dabur Honitus Cough Syrup
Hitech City 500081,21-12-2025,12:37:31 PM,Shri Samriddhi Enterprises Long Diya Baati,"https://instamart-media-assets.swiggy.com/swiggy/image/upload/fl_lossy,f_auto,q_auto,h_544,w_504/NI_CATALOG/IMAGES/CIW/2024/7/24/ba59faff-a2fb-47e8-91cf-79db6d2a4df2_poojaneeds_XW1JPUS783_MN.png",Long cotton wicks for diya lighting,100 pieces,33,30,20,5 MINS,Organic,Lion Brand Yarn 24-7 Cotton Yarn
Hitech City 500081,21-12-2025,12:37:31 PM,Shubhkart Tejas Round Cotton Wicks,"https://instamart-media-assets.swiggy.com/swiggy/image/upload/fl_lossy,f_auto,q_auto,h_544,w_504/NI_CATALOG/IMAGES/CIW/2025/6/30/1a2f21df-f0aa-4f87-b8dd-3b27b2c11d59_9519_1.png",High-quality round cotton wicks for diyas,14 g,13,15,13,5 MINS,Organic,Lion Brand Yarn 24-7 Cotton Yarn
Hitech City 500081,21-12-2025,12:37:31 PM,OM BHAKTI Cotton Cloth,"https://instamart-media-assets.swiggy.com/swiggy/image/upload/fl_lossy,f_auto,q_auto,h_544,w_504/NI_CATALOG/IMAGES/CIW/2024/6/12/bfa99024-eca4-4e2f-9d63-c0bae7ba1590_poojaneeds_M9Q41WOWFZ_MN.png",Pure cotton pooja cloth for spiritual rituals,1 Piece,3,29,28,5 MINS,Organic,Lion Brand Yarn 24-7 Cotton Yarn
Hitech City 500081,21-12-2025,12:37:31 PM,"OM BHAKTI Wick for Diya - Cotton Long Batti 5""","https://instamart-media-assets.swiggy.com/swiggy/image/upload/fl_lossy,f_auto,q_auto,h_544,w_504/NI_CATALOG/IMAGES/CIW/2025/9/8/5d1b3f07-8de9-477f-931f-dd842f3c8d40_79581_1.png",,75 pieces x 2,4,50,48,5 MINS,Organic,Lion Brand Yarn 24-7 Cotton Yarn
Hitech City 500081,21-12-2025,12:37:31 PM,Shubhkart Tejas Samai Diya bati Large,"https://instamart-media-assets.swiggy.com/swiggy/image/upload/fl_lossy,f_auto,q_auto,h_544,w_504/hd5uiajavrmh7xmm1oxq",Cotton wicks for traditional lamps,4 g,13,15,13,5 MINS,Organic,Lion Brand Yarn 24-7 Cotton Yarn
Hitech City 500081,21-12-2025,12:37:31 PM,SATVIK Pure Cotton Round Kalawa Thread,"https://instamart-media-assets.swiggy.com/swiggy/image/upload/fl_lossy,f_auto,q_auto,h_544,w_504/NI_CATALOG/IMAGES/CIW/2024/6/13/9f58103f-4df0-4878-87dd-c60c823930cf_poojaneeds_8MKQ771J7H_MN.png",Sacred red thread for religious ceremonies,1 Piece,51,49,24,5 MINS,Organic,Lion Brand Yarn 24-7 Cotton Yarn
Hitech City 500081,21-12-2025,12:37:31 PM,Shubhkart Tejas Pure Ghee Wicks,"https://instamart-media-assets.swiggy.com/swiggy/image/upload/fl_lossy,f_auto,q_auto,h_544,w_504/NI_CATALOG/IMAGES/CIW/2024/9/6/81235e2c-40bd-4bed-8b21-120e2233824d_10755_1.png",Ghee-infused cotton wicks for diyas,30 pieces,14,89,76,5 MINS,Organic,Lion Brand Yarn 24-7 Cotton Yarn
Hitech City 500081,21-12-2025,12:37:31 PM,SATVIK Pure Cotton Mauli Thread,"https://instamart-media-assets.swiggy.com/swiggy/image/upload/fl_lossy,f_auto,q_auto,h_544,w_504/NI_CATALOG/IMAGES/CIW/2024/7/4/757ccdb1-e821-4581-96af-17ebd3ec7a39_poojaneeds_72VH6M5MV9_MN.png",Sacred red-yellow cotton thread for religious rituals,1 Piece,51,49,24,5 MINS,Organic,Lion Brand Yarn 24-7 Cotton Yarn
Hitech City 500081,21-12-2025,12:37:31 PM,OM BHAKTI Wick For Diya Cotton Flower Batti,"https://instamart-media-assets.swiggy.com/swiggy/image/upload/fl_lossy,f_auto,q_auto,h_544,w_504/NI_CATALOG/IMAGES/CIW/2025/9/1/2949b28d-e0ca-4975-b883-94cb2624786a_28358_1.png",,60 pieces x 2,4,50,48,5 MINS,Organic,Lion Brand Yarn 24-7 Cotton Yarn
Hitech City 500081,21-12-2025,12:37:31 PM,OM BHAKTI wick for diya- cotton long batti 100N,"https://instamart-media-assets.swiggy.com/swiggy/image/upload/fl_lossy,f_auto,q_auto,h_544,w_504/NI_CATALOG/IMAGES/CIW/2025/9/1/9154ced7-d708-4672-828e-85c59994bee7_85693_1.png","Pure cotton, long-lasting wicks.",100 pieces,,,,5 MINS,Organic,Lion Brand Yarn 24-7 Cotton Yarn
Hitech City 500081,21-12-2025,12:37:31 PM,SATVIK White Cotton Janeu Thread (Safed Janeu),"https://instamart-media-assets.swiggy.com/swiggy/image/upload/fl_lossy,f_auto,q_auto,h_544,w_504/NI_CATALOG/IMAGES/CIW/2024/6/13/ac4e8f1d-5a20-4ce8-971f-d65be190979e_poojaneeds_CAGY1GJ59Q_MN.png",Pure white sacred thread for rituals and ceremonies,1 Piece,66,100,34,5 MINS,Organic,Lion Brand Yarn 24-7 Cotton Yarn
Hitech City 500081,21-12-2025,12:37:31 PM,Cycle Om Shanthi Long Cotton Wicks Samai Watt | From House of Cycle,"https://instamart-media-assets.swiggy.com/swiggy/image/upload/fl_lossy,f_auto,q_auto,h_544,w_504/NI_CATALOG/IMAGES/CIW/2025/8/13/1f6cbfc8-547d-4a9a-afa7-bfdc80440e17_928659_1.png",,60 pieces,50,50,25,5 MINS,Organic,Lion Brand Yarn 24-7 Cotton Yarn
Hitech City 500081,21-12-2025,12:37:31 PM,Happy Tyohaar White Cotton Janeu Thread (Safed Janeu),"https://instamart-media-assets.swiggy.com/swiggy/image/upload/fl_lossy,f_auto,q_auto,h_544,w_504/NI_CATALOG/IMAGES/CIW/2025/5/7/cab59282-5b66-4d8f-989b-2abed7eb7d97_237381_1.png",Sacred thread for rituals and puja,1 Piece,53,49,23,5 MINS,Organic,Lion Brand Yarn 24-7 Cotton Yarn
Hitech City 500081,21-12-2025,12:37:31 PM,Shubhkart Janau,"https://instamart-media-assets.swiggy.com/swiggy/image/upload/fl_lossy,f_auto,q_auto,h_544,w_504/7b88c18f65e7229adde329bc1110ebab",Sacred thread for religious ceremonies,4 pieces,15,20,17,5 MINS,Organic,Lion Brand Yarn 24-7 Cotton Yarn
Hitech City 500081,21-12-2025,12:37:31 PM,SATVIK Divine Drapery: Red Cotton Gamcha for Worship,"https://instamart-media-assets.swiggy.com/swiggy/image/upload/fl_lossy,f_auto,q_auto,h_544,w_504/NI_CATALOG/IMAGES/CIW/2024/6/13/660db923-ddf7-45f8-b719-e6fcc9a97dd1_poojaneeds_ID6V01IUXW_MN.png",Sacred drapery for ritual worship,1 Piece,34,149,98,5 MINS,Organic,Lion Brand Yarn 24-7 Cotton Yarn
Hitech City 500081,21-12-2025,12:37:31 PM,Shri Samriddhi Enterprises Phool Diya Baati,"https://instamart-media-assets.swiggy.com/swiggy/image/upload/fl_lossy,f_auto,q_auto,h_544,w_504/NI_CATALOG/IMAGES/CIW/2024/7/24/0016893f-7f77-48a1-9a49-b915e302828e_poojaneeds_2W7KM02NO3_MN.png",Cotton baatis for diyas shaped like a flower,200 pieces,36,60,38,5 MINS,Organic,Lion Brand Yarn 24-7 Cotton Yarn
Hitech City 500081,21-12-2025,12:37:31 PM,Happy Tyohaar White Puja Cloth-1.25 mtr,"https://instamart-media-assets.swiggy.com/swiggy/image/upload/fl_lossy,f_auto,q_auto,h_544,w_504/NI_CATALOG/IMAGES/CIW/2025/3/22/52516f08-5123-44cf-8b37-660892c9d345_453526_1.png",Pure white pooja cloth for sacred ceremonies,1 Piece,45,99,54,5 MINS,Organic,Lion Brand Yarn 24-7 Cotton Yarn
Hitech City 500081,21-12-2025,12:37:31 PM,SATVIK White Puja Cloth-1.25 mtr,"https://instamart-media-assets.swiggy.com/swiggy/image/upload/fl_lossy,f_auto,q_auto,h_544,w_504/NI_CATALOG/IMAGES/CIW/2024/6/13/fe161f83-19ff-4da2-b9b8-a90f14e1ec52_poojaneeds_9YVL1FNZ38_MN.png",Traditional white cloth for pooja rituals,1 Piece,50,99,49,5 MINS,Organic,Lion Brand Yarn 24-7 Cotton Yarn
Hitech City 500081,21-12-2025,12:37:31 PM,SHUBHKART TEJAS PURE GHEE WICKS 60N,"https://instamart-media-assets.swiggy.com/swiggy/image/upload/fl_lossy,f_auto,q_auto,h_544,w_504/NI_CATALOG/IMAGES/ciw/2025/8/19/eb904c32-f3b4-4b35-a851-61f1146144dc_NPI-021388_1_20250819_151539.png",,60 pieces,14,174,148,5 MINS,Organic,Lion Brand Yarn 24-7 Cotton Yarn
Hitech City 500081,21-12-2025,12:37:31 PM,SATVIK Red Puja Cloth-1.25 mtr,"https://instamart-media-assets.swiggy.com/swiggy/image/upload/fl_lossy,f_auto,q_auto,h_544,w_504/NI_CATALOG/IMAGES/CIW/2025/10/14/c46fea91-d64f-4e7e-9c9f-c7dcc3754186_368741_1.png",Traditional red cloth for temple decor,1 Piece,50,99,49,5 MINS,Organic,Lion Brand Yarn 24-7 Cotton Yarn
Hitech City 500081,21-12-2025,12:37:31 PM,Happy Tyohaar Divine Drapery: Red Cotton Gamcha for Worship,"https://instamart-media-assets.swiggy.com/swiggy/image/upload/fl_lossy,f_auto,q_auto,h_544,w_504/NI_CATALOG/IMAGES/CIW/2025/3/25/1e003fc3-efaf-4c82-8449-337ede9e2052_784872_1.png",Soft gamcha for pooja and decor,1 Piece,44,199,111,5 MINS,Organic,Lion Brand Yarn 24-7 Cotton Yarn
Hitech City 500081,21-12-2025,12:37:31 PM,Cycle Pure Navin Sambrani Dhoop Cups for Pooja,"https://instamart-media-assets.swiggy.com/swiggy/image/upload/fl_lossy,f_auto,q_auto,h_544,w_504/NI_CATALOG/IMAGES/CIW/2025/8/12/11090c98-8e32-420b-9fa3-aba9aed40950_996997_1.png",,15 pieces,5,90,85,5 MINS,Organic,Lion Brand Yarn 24-7 Cotton Yarn
Hitech City 500081,21-12-2025,12:37:31 PM,Shubhkart Moli Roll,"https://instamart-media-assets.swiggy.com/swiggy/image/upload/fl_lossy,f_auto,q_auto,h_544,w_504/NI_CATALOG/IMAGES/CIW/2024/11/18/c8ae4803-41c1-40f0-bd56-ba3595554b7e_4798_1.png",,1 Piece x 2,10,40,36,5 MINS,Organic,Lion Brand Yarn 24-7 Cotton Yarn
Hitech City 500081,21-12-2025,12:37:31 PM,SATVIK Yellow Pooja Cloth,"https://instamart-media-assets.swiggy.com/swiggy/image/upload/fl_lossy,f_auto,q_auto,h_544,w_504/NI_CATALOG/IMAGES/CIW/2025/10/14/8c2f88fa-7b56-49f9-a68f-7ee9604adb02_865097_1.png",Traditional cloth for divine rituals,1 Piece,,,,5 MINS,Organic,Lion Brand Yarn 24-7 Cotton Yarn
Hitech City 500081,21-12-2025,12:37:31 PM,Zed Black Ghee Diyabatti Container of 30 Pcs,"https://instamart-media-assets.swiggy.com/swiggy/image/upload/fl_lossy,f_auto,q_auto,h_544,w_504/NI_CATALOG/IMAGES/CIW/2025/2/5/f3a2a186-46ff-4cd6-a968-2ab4e4a4fca1_518765_1.png",Ghee-based diya wicks for festive use.,30 pieces,22,75,58,5 MINS,Organic,Lion Brand Yarn 24-7 Cotton Yarn
Hitech City 500081,21-12-2025,12:37:31 PM,OM BHAKTI Vastramala (with Kumkum & Ashtagandha) 2M,"https://instamart-media-assets.swiggy.com/swiggy/image/upload/fl_lossy,f_auto,q_auto,h_544,w_504/NI_CATALOG/IMAGES/CIW/2025/10/14/21a2fa29-86af-47a6-8891-67a659358167_53313_1.png",,1 Piece x 2,3,58,56,5 MINS,Organic,Lion Brand Yarn 24-7 Cotton Yarn
Hitech City 500081,21-12-2025,12:37:31 PM,"Cycle Pure Heritage Chandanam (Sandalwood) Incense Sticks, 200 gms","https://instamart-media-assets.swiggy.com/swiggy/image/upload/fl_lossy,f_auto,q_auto,h_544,w_504/NI_CATALOG/IMAGES/CIW/2025/3/13/83930473-5238-4ee1-af3c-659adbc7e43c_557281_1.png",Sandalwood-scented incense sticks.,1 pack,10,150,135,5 MINS,Organic,Lion Brand Yarn 24-7 Cotton Yarn
Hitech City 500081,21-12-2025,12:37:31 PM,Shri Samriddhi Enterprises Pooja Cloth,"https://instamart-media-assets.swiggy.com/swiggy/image/upload/fl_lossy,f_auto,q_auto,h_544,w_504/19dd6cf49a7d7c04fa9f6e44fa60e8c3","Traditional Cloth, Festive Use.",1 Piece,36,50,32,5 MINS,Organic,Lion Brand Yarn 24-7 Cotton Yarn
Hitech City 500081,21-12-2025,12:37:31 PM,Happy Tyohaar Orange Pooja Cloth (1.25m ),"https://instamart-media-assets.swiggy.com/swiggy/image/upload/fl_lossy,f_auto,q_auto,h_544,w_504/NI_CATALOG/IMAGES/CIW/2025/3/22/2d0abe34-9c8e-4294-b6de-aade45cdbe04_906307_1.png",Orange cotton pooja cloth for rituals,1 Piece,44,99,55,5 MINS,Organic,Lion Brand Yarn 24-7 Cotton Yarn
Hitech City 500081,21-12-2025,12:37:31 PM,OM BHAKTI Janeu,"https://instamart-media-assets.swiggy.com/swiggy/image/upload/fl_lossy,f_auto,q_auto,h_544,w_504/NI_CATALOG/IMAGES/CIW/2024/7/1/4d4ebee1-eed4-48d7-8912-fc35e4dc9264_poojaneeds_V4YZIV7O29_MN.png",Sacred thread for traditional Hindu ceremonies,2 pieces,,,,5 MINS,Organic,Lion Brand Yarn 24-7 Cotton Yarn
Hitech City 500081,21-12-2025,12:37:31 PM,SATVIK Set Of 4 Multicolor Clay Diya Terracotta Dia D-7,"https://instamart-media-assets.swiggy.com/swiggy/image/upload/fl_lossy,f_auto,q_auto,h_544,w_504/NI_CATALOG/IMAGES/CIW/2025/10/15/4c24fb05-c5c0-4055-8205-904f908a0ab7_J2HJM11HQC_MN.png","Compact set, bright shine",1 pack,64,349,123,5 MINS,Organic,Lion Brand Yarn 24-7 Cotton Yarn
Hitech City 500081,21-12-2025,12:37:31 PM,Shri Samriddhi Enterprises Mauli Kalawa Thread Moli,"https://instamart-media-assets.swiggy.com/swiggy/image/upload/fl_lossy,f_auto,q_auto,h_544,w_504/86b138dc948f79c47efb6b8d8a125786",Traditional red-yellow thread for pooja,20 g,38,80,49,5 MINS,Organic,Lion Brand Yarn 24-7 Cotton Yarn
Hitech City 500081,21-12-2025,12:38:09 PM,Toyshine 3 x 3 Rubik's Cube,"https://instamart-media-assets.swiggy.com/swiggy/image/upload/fl_lossy,f_auto,q_auto,h_544,w_504/NI_CATALOG/IMAGES/CIW/2024/11/22/313a81d1-71c4-4d71-86e2-75e25bd9fb68_757812_1.png","Smooth, speed turns",1 Piece,90,999,94,11 MINS,Organic,Godrej 223 L 3 Star Convertible Freezer
Hitech City 500081,21-12-2025,12:38:09 PM,"Noise Caliber 3 Go 1.85"" Display, Bluetooth Calling Smart Watch, 10 Days Battery (Jet Black)","https://instamart-media-assets.swiggy.com/swiggy/image/upload/fl_lossy,f_auto,q_auto,h_544,w_504/NI_CATALOG/IMAGES/ciw/2025/8/7/6beb68ec-2cea-4e03-8a38-eebe1ecea2a5_NPI-013695_1_20250807_051615.png",Stylish smartwatch with clear calls,1 Piece,83,5999,999,11 MINS,Organic,Godrej 223 L 3 Star Convertible Freezer
Hitech City 500081,21-12-2025,12:38:09 PM,Godrej Fab Liquid Detergent Refill Pouch for Machine & Hand Wash,"https://instamart-media-assets.swiggy.com/swiggy/image/upload/fl_lossy,f_auto,q_auto,h_544,w_504/NI_CATALOG/IMAGES/ciw/2025/12/18/eb1abd9c-daae-4c9e-b4e7-5610c9d3e6ef_193ZFMMCUY_MN_18122025.png","Powerful Clean, Convenient Refill.",950 ml,12,99,87,11 MINS,Organic,Godrej 223 L 3 Star Convertible Freezer
Hitech City 500081,21-12-2025,12:38:09 PM,"Cherilo Standard Elevated Wedge Pillow for Baby Crib & Mattress, Elevate Baby to Prevent Acid Reflux, Colic, GERD, Heat Burn & Vomiting- with Removable Cover - Star Design - Blue","https://instamart-media-assets.swiggy.com/swiggy/image/upload/fl_lossy,f_auto,q_auto,h_544,w_504/NI_CATALOG/IMAGES/CIW/2024/12/27/1e85087a-b23d-4570-91ef-93785ffcb364_250717_1.png",Anti-reflux wedge pillow for better baby comfort,1 Pack,57,1999,845,18 MINS,Organic,Godrej 223 L 3 Star Convertible Freezer
Hitech City 500081,21-12-2025,12:38:09 PM,Prega News Advance Test Kit | Rapid Single Step Pregnancy Test Kit Device | 99% Accurate Results in 3 Mins,"https://instamart-media-assets.swiggy.com/swiggy/image/upload/fl_lossy,f_auto,q_auto,h_544,w_504/NI_CATALOG/IMAGES/CIW/2025/6/2/a319cfc8-b6cf-4af4-8d28-fc3fef910c2e_82100_1.png","Accurate Results, Convenient Midstream Test.",1 Piece,5,112,106,11 MINS,Organic,Godrej 223 L 3 Star Convertible Freezer
Hitech City 500081,21-12-2025,12:38:09 PM,"ARISTO Insulated Chiller Ice Box (2.5L, Color May Vary)","https://instamart-media-assets.swiggy.com/swiggy/image/upload/fl_lossy,f_auto,q_auto,h_544,w_504/NI_CATALOG/IMAGES/CIW/2025/2/18/53ca6efd-8e4f-4226-b4b1-5a644e9cb269_268751_1.png",Portable insulated cooler,1 Piece,39,481,289,11 MINS,Organic,Godrej 223 L 3 Star Convertible Freezer
Hitech City 500081,21-12-2025,12:38:09 PM,Borges Olive Oil for Indian Cooking - 2 L,"https://instamart-media-assets.swiggy.com/swiggy/image/upload/fl_lossy,f_auto,q_auto,h_544,w_504/NI_CATALOG/IMAGES/CIW/2025/5/28/a49addb3-a734-43f9-bcb5-60ac462eda81_6155_1.png","Light & Versatile, Pure Olive Oil.",2 ltr,56,4200,1848,11 MINS,Organic,Godrej 223 L 3 Star Convertible Freezer
Hitech City 500081,21-12-2025,12:38:09 PM,"Nestle KitKat 3 Fingers, Choco Coated Wafer Bar","https://instamart-media-assets.swiggy.com/swiggy/image/upload/fl_lossy,f_auto,q_auto,h_544,w_504/NI_CATALOG/IMAGES/CIW/2024/11/13/c8f6299b-32ff-499a-b9b8-1b3b9cacfc1d_1794_1.png",Classic 3-finger crispy chocolate wafer,28.5 g,12,25,22,11 MINS,Organic,Godrej 223 L 3 Star Convertible Freezer
Hitech City 500081,21-12-2025,12:38:09 PM,"Jockey 1406 Women Cotton Hipsters (Pack of 3, Dark Assorted) - S","https://instamart-media-assets.swiggy.com/swiggy/image/upload/fl_lossy,f_auto,q_auto,h_544,w_504/NI_CATALOG/IMAGES/CIW/2025/6/5/1b24bcd6-2104-4581-a547-4ef18229b148_40003_14.png",Soft hipsters with all-day comfort,1 Small,,,,11 MINS,Organic,Godrej 223 L 3 Star Convertible Freezer
Hitech City 500081,21-12-2025,12:38:09 PM,"Jockey 8037 Men Cotton Solid Briefs (Pack of 2, Black) - S","https://instamart-media-assets.swiggy.com/swiggy/image/upload/fl_lossy,f_auto,q_auto,h_544,w_504/NI_CATALOG/IMAGES/CIW/2025/6/5/18435a33-d734-49bb-a454-ee9f88339a32_53546_1.png",Classic cotton briefs with snug fit,1 S,,,,11 MINS,Organic,Godrej 223 L 3 Star Convertible Freezer
Hitech City 500081,21-12-2025,12:38:09 PM,Godrej Aer Room Freshener Spray for Home & Office - Jasmine Delight,"https://instamart-media-assets.swiggy.com/swiggy/image/upload/fl_lossy,f_auto,q_auto,h_544,w_504/NI_CATALOG/IMAGES/CIW/2025/12/11/6022509c-b650-424f-b652-c9faa00b5390_9335_1.png",Room freshener spray with a refreshing jasmine scent,200 ml,,,,11 MINS,Organic,Godrej 223 L 3 Star Convertible Freezer
Hitech City 500081,21-12-2025,12:38:09 PM,Godrej Aer Power Pocket Bathroom Freshener Assorted Pack,"https://instamart-media-assets.swiggy.com/swiggy/image/upload/fl_lossy,f_auto,q_auto,h_544,w_504/886f6ad443c59004134ed435384de5a2","Long-lasting Freshness, Portable Fragrance.",1 Piece,13,195,168,11 MINS,Organic,Godrej 223 L 3 Star Convertible Freezer
Hitech City 500081,21-12-2025,12:38:09 PM,Hit Godrej Hit Anti Roach Gel Cockroach Killer 20 G,"https://instamart-media-assets.swiggy.com/swiggy/image/upload/fl_lossy,f_auto,q_auto,h_544,w_504/NI_CATALOG/IMAGES/CIW/2024/3/28/091a3890-9eca-4f6f-9696-2246c0ffa264_repellentsinsecticides_SHPJBSAKM8_MN.png",Targeted gel solution for cockroach control,20 g,10,220,198,11 MINS,Organic,Godrej 223 L 3 Star Convertible Freezer
Hitech City 500081,21-12-2025,12:38:09 PM,Godrej Jersey Cow Ghee Pouch,"https://instamart-media-assets.swiggy.com/swiggy/image/upload/fl_lossy,f_auto,q_auto,h_544,w_504/NI_CATALOG/IMAGES/CIW/2025/9/20/1154be75-7c74-4e1b-adfd-b1d024cc1eee_3114_1.png",High-quality cow ghee from the house of Godrej Jersey,1 ltr,22,749,579,11 MINS,Organic,Godrej 223 L 3 Star Convertible Freezer
Hitech City 500081,21-12-2025,12:38:09 PM,"XYXX Grey & Black Men Trunk (Solid, Pack of 2) - M","https://instamart-media-assets.swiggy.com/swiggy/image/upload/fl_lossy,f_auto,q_auto,h_544,w_504/NI_CATALOG/IMAGES/ciw/2025/11/20/6b971543-9029-4c2a-b988-d7b059a660bc_MY67NGFX2D_MN_20112025.jpg","Ultra-soft trunks, modern fit",1 Medium,7,538,499,11 MINS,Organic,Godrej 223 L 3 Star Convertible Freezer
Hitech City 500081,21-12-2025,12:38:09 PM,GIVA Anushka Sharma Golden Star Constellation Necklace,"https://instamart-media-assets.swiggy.com/swiggy/image/upload/fl_lossy,f_auto,q_auto,h_544,w_504/NI_CATALOG/IMAGES/CIW/2025/3/17/7b63682c-e5aa-4647-b983-2e71f45a8795_93001_1.png",Celestial chic,1 Piece,44,3399,1899,11 MINS,Organic,Godrej 223 L 3 Star Convertible Freezer
Hitech City 500081,21-12-2025,12:38:09 PM,Stag Iconic 4 Star Advanced Table Tennis Racket for Competitive Play,"https://instamart-media-assets.swiggy.com/swiggy/image/upload/fl_lossy,f_auto,q_auto,h_544,w_504/NI_CATALOG/IMAGES/CIW/2025/4/9/73cea123-0ef7-4103-b63c-0708aa6d2b47_958035_1.png",Elite Spin Master Paddle,1 Piece,3,700,679,18 MINS,Organic,Godrej 223 L 3 Star Convertible Freezer
Hitech City 500081,21-12-2025,12:38:09 PM,Godrej Nupur Henna Powder,"https://instamart-media-assets.swiggy.com/swiggy/image/upload/fl_lossy,f_auto,q_auto,h_544,w_504/c8a156d4f6b983029d215f78c1cc8edc",100% natural henna for hair coloring and conditioning,120 g,,,,11 MINS,Organic,Godrej 223 L 3 Star Convertible Freezer
Hitech City 500081,21-12-2025,12:38:09 PM,Stag Iconic 4 Star Complete Table Tennis Set for Advanced Players (White),"https://instamart-media-assets.swiggy.com/swiggy/image/upload/fl_lossy,f_auto,q_auto,h_544,w_504/NI_CATALOG/IMAGES/CIW/2025/4/9/7d3f725d-2c3c-47f8-9554-64253d5fa542_425121_1.png",Pro Pong Performance Pack,1 pack,3,1500,1455,18 MINS,Organic,Godrej 223 L 3 Star Convertible Freezer
Hitech City 500081,21-12-2025,12:38:09 PM,"Jockey Women Cotton Hipsters (Pack of 3, Dark Prints) - M","https://instamart-media-assets.swiggy.com/swiggy/image/upload/fl_lossy,f_auto,q_auto,h_544,w_504/NI_CATALOG/IMAGES/CIW/2025/7/9/63563ee2-b2a1-458c-a86e-8cf4a93d648f_47422_1.png",,3 Medium,,,,11 MINS,Organic,Godrej 223 L 3 Star Convertible Freezer
Hitech City 500081,21-12-2025,12:38:09 PM,Godrej Jersey Soft Paneer,"https://instamart-media-assets.swiggy.com/swiggy/image/upload/fl_lossy,f_auto,q_auto,h_544,w_504/NI_CATALOG/IMAGES/ciw/2025/12/17/d875ade5-c744-41e6-9976-54ecaf598ea3_HIHN3AP71O_MN_16122025.png",Soft paneer cubes for all your favorite dishes,200 g,19,119,96,11 MINS,Organic,Godrej 223 L 3 Star Convertible Freezer
Hitech City 500081,21-12-2025,12:38:09 PM,Godrej Aer Room Freshener Spray for Home & Office - Cool Aqua,"https://instamart-media-assets.swiggy.com/swiggy/image/upload/fl_lossy,f_auto,q_auto,h_544,w_504/NI_CATALOG/IMAGES/CIW/2025/12/11/91676d8c-0f58-4857-928d-48080c37428a_10835_1.png",Air freshener spray with marine fragrance,200 ml,,,,11 MINS,Organic,Godrej 223 L 3 Star Convertible Freezer
Hitech City 500081,21-12-2025,12:38:09 PM,"Jockey 8015 Men Cotton Rib Solid Trunks (Pack of 2, Deep Navy) - M","https://instamart-media-assets.swiggy.com/swiggy/image/upload/fl_lossy,f_auto,q_auto,h_544,w_504/NI_CATALOG/IMAGES/CIW/2025/6/5/1ab5dff5-bbb0-4843-9ea7-dbd789976aea_69265_1.png",Soft ribbed trunks for all-day comfort,2 Medium,,,,11 MINS,Organic,Godrej 223 L 3 Star Convertible Freezer
Hitech City 500081,21-12-2025,12:38:09 PM,Godrej Jersey Thick & Tasty Curd 1KG Tub,"https://instamart-media-assets.swiggy.com/swiggy/image/upload/fl_lossy,f_auto,q_auto,h_544,w_504/NI_CATALOG/IMAGES/ciw/2025/12/17/f0698680-4aaa-48a9-ad3d-2980c86e755e_QH22VZ7K0Z_MN_16122025.png",Everyday Thick & Tasty Curd,1 kg,29,120,85,11 MINS,Organic,Godrej 223 L 3 Star Convertible Freezer
Hitech City 500081,21-12-2025,12:38:09 PM,"Godrej Locks Alloy Steel 6 Levers Square Padlock for Home with 4 Keys (50mm, Silver)","https://instamart-media-assets.swiggy.com/swiggy/image/upload/fl_lossy,f_auto,q_auto,h_544,w_504/NI_CATALOG/IMAGES/CIW/2024/8/22/8f936001-3d77-4c3a-993f-2cae27112f78_371783_1.png",Home Haven Hexa-Shield,1 Piece,10,390,350,11 MINS,Organic,Godrej 223 L 3 Star Convertible Freezer
Hitech City 500081,21-12-2025,12:38:09 PM,Godrej Aer Pocket Lavender Bloom Air Freshener,"https://instamart-media-assets.swiggy.com/swiggy/image/upload/fl_lossy,f_auto,q_auto,h_544,w_504/s1gteodcqs6ytifxma6r",Pocket-sized air freshener with soothing lavender scent,10 g,,,,11 MINS,Organic,Godrej 223 L 3 Star Convertible Freezer
Hitech City 500081,21-12-2025,12:38:09 PM,Godrej Aer Power Pocket Bathroom Freshener Assorted Pack,"https://instamart-media-assets.swiggy.com/swiggy/image/upload/fl_lossy,f_auto,q_auto,h_544,w_504/NI_CATALOG/IMAGES/CIW/2024/3/28/78e96188-54b5-4b45-85db-95611992663b_freshenerfragrance_K2NLGH7U61_MN.png",Compact gel freshener in assorted fragrances for bathroom,50 g,15,325,276,11 MINS,Organic,Godrej 223 L 3 Star Convertible Freezer
Hitech City 500081,21-12-2025,12:38:09 PM,Godrej Jersey Homogenised Toned Milk,"https://instamart-media-assets.swiggy.com/swiggy/image/upload/fl_lossy,f_auto,q_auto,h_544,w_504/NI_CATALOG/IMAGES/ciw/2025/12/17/390ae95b-2eff-4d56-9042-2bdeb2fd752f_Y73B1ZAAUM_MN_16122025.png",Homogenised and toned milk,500 ml,3,32,31,11 MINS,Organic,Godrej 223 L 3 Star Convertible Freezer
Hitech City 500081,21-12-2025,12:38:09 PM,Godrej Jersey Thick & Tasty Curd,"https://instamart-media-assets.swiggy.com/swiggy/image/upload/fl_lossy,f_auto,q_auto,h_544,w_504/NI_CATALOG/IMAGES/ciw/2025/12/17/d05da469-5b25-4986-93c1-935145344ad3_WOW2GAXBAK_MN_16122025.png",Thick creamy curd from Godrej,425 g,10,50,45,11 MINS,Organic,Godrej 223 L 3 Star Convertible Freezer
Hitech City 500081,21-12-2025,12:38:09 PM,Bodycare Assorted Women Brief - L,"https://instamart-media-assets.swiggy.com/swiggy/image/upload/fl_lossy,f_auto,q_auto,h_544,w_504/NI_CATALOG/IMAGES/CIW/2024/5/22/2a959876-0b33-48c4-9339-4d85767ced93_FashionClothing_VA5T1C5CYA_MN.png",,1 L,14,330,283,18 MINS,Organic,Godrej 223 L 3 Star Convertible Freezer
Hitech City 500081,21-12-2025,12:38:09 PM,Cadbury 5 Star Chocolate Bar,"https://instamart-media-assets.swiggy.com/swiggy/image/upload/fl_lossy,f_auto,q_auto,h_544,w_504/NI_CATALOG/IMAGES/CIW/2025/10/28/eae2ffc5-5c6e-4964-b97e-b7de19edf42b_893_1.png",Classic gooey caramel and nougat chocolate bar,35.2 g,,,,11 MINS,Organic,Godrej 223 L 3 Star Convertible Freezer
Hitech City 500081,21-12-2025,12:38:09 PM,Aptamil Gold Stage 3 Follow Up Formula Milk Powder For Babies (12 Months Onwards),"https://instamart-media-assets.swiggy.com/swiggy/image/upload/fl_lossy,f_auto,q_auto,h_544,w_504/9ebb130b0d0870e77187d0d40fd5e790",Premium formula for babies aged 12 months and above,400 g,,,,11 MINS,Organic,Godrej 223 L 3 Star Convertible Freezer
Hitech City 500081,21-12-2025,12:38:42 PM,Britannia Marie Gold Biscuits,"https://instamart-media-assets.swiggy.com/swiggy/image/upload/fl_lossy,f_auto,q_auto,h_544,w_504/NI_CATALOG/IMAGES/ciw/2025/12/18/c2e6ec0d-75bf-4985-af79-7a6ce190fd18_OVGDUAIX92_MN_17122025.png",Light and crisp tea-time digestive biscuits,250 g,7,40,37,11 MINS,Organic,Britannia Marie Gold Biscuits
Hitech City 500081,21-12-2025,12:38:42 PM,Britannia Marie Gold,"https://instamart-media-assets.swiggy.com/swiggy/image/upload/fl_lossy,f_auto,q_auto,h_544,w_504/NI_CATALOG/IMAGES/ciw/2025/12/18/1b2a4420-a22c-4494-aca3-617715393b85_DJA0PRHIUP_MN_17122025.png",Classic & Light Marie Biscuits,1.05 kg,12,145,127,11 MINS,Organic,Britannia Marie Gold Biscuits
Hitech City 500081,21-12-2025,12:38:42 PM,Britannia Biscuits Vita Marie Gold,"https://instamart-media-assets.swiggy.com/swiggy/image/upload/fl_lossy,f_auto,q_auto,h_544,w_504/NI_CATALOG/IMAGES/CIW/2025/1/24/871507da-2c70-42c0-a693-4713070b3126_21264_1.png",Light digestive biscuits with vitamins,248 g,4,45,43,11 MINS,Organic,Britannia Marie Gold Biscuits
Hitech City 500081,21-12-2025,12:38:42 PM,Sunfeast Marie Light Rich Taste,"https://instamart-media-assets.swiggy.com/swiggy/image/upload/fl_lossy,f_auto,q_auto,h_544,w_504/NI_CATALOG/IMAGES/ciw/2025/12/18/51127af3-044a-474f-b348-62c9ef2f7195_MOL5Y37VD5_MN_17122025.png",Sweetness Straight from Nature,956 g,28,150,107,,Ad,Britannia Marie Gold Biscuits
Hitech City 500081,21-12-2025,12:38:42 PM,Unibic Danish Coconut Cookies,"https://instamart-media-assets.swiggy.com/swiggy/image/upload/fl_lossy,f_auto,q_auto,h_544,w_504/NI_CATALOG/IMAGES/ciw/2025/12/18/b5bb4818-5ead-430b-a260-a1db69aab3b1_1KRI9GY5RR_MN_17122025.png",Buttery cookies infused with coconut flavor,270 g,44,149,82,,Ad,Britannia Marie Gold Biscuits
Hitech City 500081,21-12-2025,12:38:42 PM,Britannia Vita Marie Gold Chai Time,"https://instamart-media-assets.swiggy.com/swiggy/image/upload/fl_lossy,f_auto,q_auto,h_544,w_504/NI_CATALOG/IMAGES/ciw/2025/12/18/0343ac91-6af9-4bdb-8e53-ea230dc45b86_B8KAQQV7F6_MN_17122025.png",Classic chai-time biscuit with added nutrition.,1000 g,7,144,133,11 MINS,Organic,Britannia Marie Gold Biscuits
Hitech City 500081,21-12-2025,12:38:42 PM,Sunfeast Marie Light Rich Taste Biscuits,"https://instamart-media-assets.swiggy.com/swiggy/image/upload/fl_lossy,f_auto,q_auto,h_544,w_504/NI_CATALOG/IMAGES/ciw/2025/12/18/e8128086-0da0-466d-864f-790ab806122f_2MI8NMUGJQ_MN_17122025.png",,243 g,26,45,33,11 MINS,Organic,Britannia Marie Gold Biscuits
Hitech City 500081,21-12-2025,12:38:42 PM,Britannia Nutrichoice Hi-Fibre Digestive Biscuits,"https://instamart-media-assets.swiggy.com/swiggy/image/upload/fl_lossy,f_auto,q_auto,h_544,w_504/NI_CATALOG/IMAGES/ciw/2025/12/18/085b1d93-8b9e-4f7a-b256-e5b6afb234b6_93NDEHIXC9_MN_17122025.png",High-fibre biscuits for healthy snacking,125 g,12,25,22,11 MINS,Organic,Britannia Marie Gold Biscuits
Hitech City 500081,21-12-2025,12:38:42 PM,Britannia Nutrichoice Digestive High-Fibre Biscuits,"https://instamart-media-assets.swiggy.com/swiggy/image/upload/fl_lossy,f_auto,q_auto,h_544,w_504/NI_CATALOG/IMAGES/ciw/2025/12/18/de8d199d-200b-40e3-bf7f-a51ca8cbcee8_QJO9COCRG9_MN_17122025.png",High-fibre digestive biscuits,960 g,29,198,139,11 MINS,Organic,Britannia Marie Gold Biscuits
Hitech City 500081,21-12-2025,12:38:42 PM,Britannia 5050 Maska Chaska Biscuits,"https://instamart-media-assets.swiggy.com/swiggy/image/upload/fl_lossy,f_auto,q_auto,h_544,w_504/NI_CATALOG/IMAGES/CIW/2025/12/19/758489b2-05e3-4e4d-bec8-6c563bec8891_89_1.png",Sweet & salty butter-flavored snack,114.1 g,11,27,24,11 MINS,Organic,Britannia Marie Gold Biscuits
Hitech City 500081,21-12-2025,12:38:42 PM,Parle Hide & Seek Cafe Mocha Cookies,"https://instamart-media-assets.swiggy.com/swiggy/image/upload/fl_lossy,f_auto,q_auto,h_544,w_504/NI_CATALOG/IMAGES/ciw/2025/12/18/13738371-e21c-423c-bcbd-ca9822b6dfef_BKUKX4DMDN_MN_17122025.png",Chocolate chip cookies with a café mocha twist,100 g,30,26,18,11 MINS,Organic,Britannia Marie Gold Biscuits
Hitech City 500081,21-12-2025,12:38:42 PM,Parle G Glucose,"https://instamart-media-assets.swiggy.com/swiggy/image/upload/fl_lossy,f_auto,q_auto,h_544,w_504/NI_CATALOG/IMAGES/ciw/2025/12/18/f7221a27-c8dd-4281-8046-a8f746a4a337_P7K39U3YI8_MN_17122025.png",Classic energy biscuits,250 g,,,,11 MINS,Organic,Britannia Marie Gold Biscuits
Hitech City 500081,21-12-2025,12:38:42 PM,Britannia Good Day Cashew Cookies,"https://instamart-media-assets.swiggy.com/swiggy/image/upload/fl_lossy,f_auto,q_auto,h_544,w_504/NI_CATALOG/IMAGES/CIW/2025/12/20/f4b9c7bd-a8a2-4379-8049-436945a7e948_908_1.png",Crunchy butter cookies with roasted cashew pieces,82.7 g,,,,11 MINS,Organic,Britannia Marie Gold Biscuits
Hitech City 500081,21-12-2025,12:38:42 PM,Parle Marie Biscuits,"https://instamart-media-assets.swiggy.com/swiggy/image/upload/fl_lossy,f_auto,q_auto,h_544,w_504/NI_CATALOG/IMAGES/ciw/2025/12/18/f48904ee-ed85-48bc-8700-99408122a857_TBK6M2YT2X_MN_17122025.png",Light teatime classic,239.7 g,11,35,31,11 MINS,Organic,Britannia Marie Gold Biscuits
Hitech City 500081,21-12-2025,12:38:42 PM,Britannia Little Hearts Classic Crunch,"https://instamart-media-assets.swiggy.com/swiggy/image/upload/fl_lossy,f_auto,q_auto,h_544,w_504/NI_CATALOG/IMAGES/CIW/2025/12/20/5e23b21d-d98d-4f62-85e3-c27b45ad81c2_90_1.png",Classic sugar-dusted crunchy biscuits,79 g,16,30,25,11 MINS,Organic,Britannia Marie Gold Biscuits
Hitech City 500081,21-12-2025,12:38:42 PM,Mcvitie's Digestive High Fibre Biscuits With Goodness Of Wholewheat,"https://instamart-media-assets.swiggy.com/swiggy/image/upload/fl_lossy,f_auto,q_auto,h_544,w_504/NI_CATALOG/IMAGES/ciw/2025/12/18/a2e3fd16-cea8-475e-8895-4e66ae8592f8_JD3BU3QLZR_MN_17122025.png",Wholewheat high-fibre healthy biscuits,959.1 g,37,199,124,11 MINS,Organic,Britannia Marie Gold Biscuits
Hitech City 500081,21-12-2025,12:38:42 PM,Britannia Nice Time Sugar Showered Coconut Biscuits,"https://instamart-media-assets.swiggy.com/swiggy/image/upload/fl_lossy,f_auto,q_auto,h_544,w_504/NI_CATALOG/IMAGES/ciw/2025/12/18/7c0d955f-9b3f-4a8d-9d88-9ebe39d85926_IEMCM5P3YK_MN_17122025.png",Sugar-dusted coconut biscuits with a crunch,152 g,4,22,21,11 MINS,Organic,Britannia Marie Gold Biscuits
Hitech City 500081,21-12-2025,12:38:42 PM,Parle Krack Jack Sweet & Salty Crackers,"https://instamart-media-assets.swiggy.com/swiggy/image/upload/fl_lossy,f_auto,q_auto,h_544,w_504/NI_CATALOG/IMAGES/ciw/2025/12/18/23dd359d-f715-4b8e-b04e-005c920ce118_5B2P55K9EZ_MN_17122025.png",Classic sweet and salty tea biscuits,176.4 g,,,,11 MINS,Organic,Britannia Marie Gold Biscuits
Hitech City 500081,21-12-2025,12:38:42 PM,Britannia NutriChoice Oats Orange & Almond Biscuits | 0% Maida,"https://instamart-media-assets.swiggy.com/swiggy/image/upload/fl_lossy,f_auto,q_auto,h_544,w_504/NI_CATALOG/IMAGES/CIW/2025/12/20/c660b244-d9da-465f-987a-e08f2d2d16f7_6677_1.png",,66.6 g,9,22,20,11 MINS,Organic,Britannia Marie Gold Biscuits
Hitech City 500081,21-12-2025,12:38:42 PM,Britannia NutriChoice 5 Grain Digestive Biscuit | 0% Maida & High Fibre,"https://instamart-media-assets.swiggy.com/swiggy/image/upload/fl_lossy,f_auto,q_auto,h_544,w_504/NI_CATALOG/IMAGES/ciw/2025/12/18/d2277cc7-de0b-4e8f-be1b-930e13a6320a_FWZXWGPP8I_MN_17122025.png",Hearty fiber crunch,200 g,12,65,57,11 MINS,Organic,Britannia Marie Gold Biscuits
Hitech City 500081,21-12-2025,12:38:42 PM,Britannia Milk Bikis Biscuits | 100% Atta,"https://instamart-media-assets.swiggy.com/swiggy/image/upload/fl_lossy,f_auto,q_auto,h_544,w_504/NI_CATALOG/IMAGES/ciw/2025/12/18/b6aa4980-764f-4a46-8dd3-dc35d43db7fb_730AM6ZNMK_MN_17122025.png",Nutritious biscuits for kids,190.5 g,6,30,28,11 MINS,Organic,Britannia Marie Gold Biscuits
Hitech City 500081,21-12-2025,12:38:42 PM,Parle Parle-G Original Glucose Biscuits,"https://instamart-media-assets.swiggy.com/swiggy/image/upload/fl_lossy,f_auto,q_auto,h_544,w_504/NI_CATALOG/IMAGES/ciw/2025/12/18/3524c9af-12c6-4b25-82be-9031402197e4_TPNU4B4XLM_MN_17122025.png",Trusted glucose treat,800 g,6,90,84,11 MINS,Organic,Britannia Marie Gold Biscuits
Hitech City 500081,21-12-2025,12:38:42 PM,Britannia Nutri Choice Hi-Fibre Digestive Biscuits,"https://instamart-media-assets.swiggy.com/swiggy/image/upload/fl_lossy,f_auto,q_auto,h_544,w_504/NI_CATALOG/IMAGES/ciw/2025/12/18/b9390a4f-422a-4ed7-8b80-55be1a46dddf_XGTO9C20BI_MN_17122025.png",,250 g,6,60,56,11 MINS,Organic,Britannia Marie Gold Biscuits
Hitech City 500081,21-12-2025,12:38:42 PM,Parle Marie,"https://instamart-media-assets.swiggy.com/swiggy/image/upload/fl_lossy,f_auto,q_auto,h_544,w_504/NI_CATALOG/IMAGES/ciw/2025/12/18/99d50da1-d23d-4fe4-be98-63e4b9fd5632_UJ41V98Z5Q_MN_17122025.png","Classic Biscuit, Buttery Goodness.",800 g,48,204,105,11 MINS,Organic,Britannia Marie Gold Biscuits
Hitech City 500081,21-12-2025,12:38:42 PM,Parle Nutricrunch Digestive Cookies Pouch,"https://instamart-media-assets.swiggy.com/swiggy/image/upload/fl_lossy,f_auto,q_auto,h_544,w_504/NI_CATALOG/IMAGES/ciw/2025/12/18/18a70119-65c7-4f82-a532-b4415f16fcab_AOOBCHI0NH_MN_17122025.png",,1 kg,49,285,145,11 MINS,Organic,Britannia Marie Gold Biscuits
Hitech City 500081,21-12-2025,12:38:42 PM,Sunfeast Dark Fantasy Bourbon Classic Biscuit Made With Real Chocolate,"https://instamart-media-assets.swiggy.com/swiggy/image/upload/fl_lossy,f_auto,q_auto,h_544,w_504/NI_CATALOG/IMAGES/ciw/2025/12/18/2f0c3c24-c964-4e72-bd05-1ded926045c5_2ZLN7LQX4O_MN_17122025.png",Chocolate cream-filled sandwich biscuits,108 g,53,30,14,11 MINS,Organic,Britannia Marie Gold Biscuits
Hitech City 500081,21-12-2025,12:38:42 PM,Parle Parle G Gold Biscuits Pouch,"https://instamart-media-assets.swiggy.com/swiggy/image/upload/fl_lossy,f_auto,q_auto,h_544,w_504/NI_CATALOG/IMAGES/ciw/2025/12/18/2277be58-0a41-4cf5-86ae-13a38639263c_VLM5FL917H_MN_17122025.png",Classic high-energy biscuits in pouch pack,1 kg,14,142,122,11 MINS,Organic,Britannia Marie Gold Biscuits
Hitech City 500081,21-12-2025,12:38:42 PM,Britannia NutriChoice Seeds Biscuits | 0% Maida & High Fibre,"https://instamart-media-assets.swiggy.com/swiggy/image/upload/fl_lossy,f_auto,q_auto,h_544,w_504/NI_CATALOG/IMAGES/CIW/2025/12/20/4c0ba6bb-1d42-4cc7-89f5-f4b327a4513f_17006_1.png","High-fibre, maida-free seed biscuits",83.3 g,8,25,23,11 MINS,Organic,Britannia Marie Gold Biscuits
Hitech City 500081,21-12-2025,12:38:42 PM,Parle Monaco Crispy Light Salty Snack,"https://instamart-media-assets.swiggy.com/swiggy/image/upload/fl_lossy,f_auto,q_auto,h_544,w_504/NI_CATALOG/IMAGES/ciw/2025/12/18/006e6414-ba52-4345-ba83-441b2086a887_7ERPJ1RHWT_MN_17122025.png","Crispy, salty biscuit for everyday snacking",185.6 g,,,,11 MINS,Organic,Britannia Marie Gold Biscuits
Hitech City 500081,21-12-2025,12:38:42 PM,Britannia NutriChoice Digestive Zero High Fibre Biscuits | With 0% Added Sugar & Maida,"https://instamart-media-assets.swiggy.com/swiggy/image/upload/fl_lossy,f_auto,q_auto,h_544,w_504/NI_CATALOG/IMAGES/CIW/2025/12/20/8d7bc5f3-dd6a-4dcc-9265-993a7a718206_13994_1.png","No sugar, high fiber",100 g,11,27,24,11 MINS,Organic,Britannia Marie Gold Biscuits
Hitech City 500081,21-12-2025,12:38:42 PM,"Britannia NutriChoice Oats Cookies | Diabetic Friendly, Zero Added Sugar & 0% Maida","https://instamart-media-assets.swiggy.com/swiggy/image/upload/fl_lossy,f_auto,q_auto,h_544,w_504/NI_CATALOG/IMAGES/ciw/2025/12/18/cfb97a2c-ef32-4870-bfda-1be3d40b0da8_IFWA1W0CU1_MN_17122025.png",Diabetic-friendly oats cookies with no maida,150 g,12,65,57,11 MINS,Organic,Britannia Marie Gold Biscuits
Hitech City 500081,21-12-2025,12:38:42 PM,Britannia Milk Bikis Sandwich Biscuits,"https://instamart-media-assets.swiggy.com/swiggy/image/upload/fl_lossy,f_auto,q_auto,h_544,w_504/NI_CATALOG/IMAGES/ciw/2025/12/18/7d5c602a-36ee-4480-a75c-870945e64676_7Z66YMCLXN_MN_17122025.png",,188 g,8,50,46,11 MINS,Organic,Britannia Marie Gold Biscuits
Hitech City 500081,21-12-2025,12:39:19 PM,"Harpic Original Toilet Cleaner, 5 Min Action, 10X Advanced, Disinfectant","https://instamart-media-assets.swiggy.com/swiggy/image/upload/fl_lossy,f_auto,q_auto,h_544,w_504/NI_CATALOG/IMAGES/CIW/2025/5/27/6a54bc45-68ef-4bbc-a8b2-2a49427f9e80_3418_1.png","Powerful Clean, Stain Removal Formula.",1 ltr x 2,15,470,395,12 MINS,Organic,Harpic Power Plus Clean Disinfectant Toilet Cleaner
Hitech City 500081,21-12-2025,12:39:19 PM,Harpic White And Shine Bleach Disinfectant Liquid Toilet Cleaner,"https://instamart-media-assets.swiggy.com/swiggy/image/upload/fl_lossy,f_auto,q_auto,h_544,w_504/NI_CATALOG/IMAGES/CIW/2025/1/7/cd214ffe-cdb7-4e47-875e-283d7a88d6f0_45579_1.png",,500 ml x 2,2,230,224,12 MINS,Organic,Harpic Power Plus Clean Disinfectant Toilet Cleaner
Hitech City 500081,21-12-2025,12:39:19 PM,Harpic Power Plus Toilet Cleaner Original & Bathroom Cleaner Lemon Combo,"https://instamart-media-assets.swiggy.com/swiggy/image/upload/fl_lossy,f_auto,q_auto,h_544,w_504/9ae616a72d8de29d6ada733505152702","Powerful Clean, Lemon Freshness.",1 combo,13,454,392,12 MINS,Organic,Harpic Power Plus Clean Disinfectant Toilet Cleaner
Hitech City 500081,21-12-2025,12:39:19 PM,"Harpic Original Toilet Cleaner, 5 Min Action, 10X Advanced, Disinfectant","https://instamart-media-assets.swiggy.com/swiggy/image/upload/fl_lossy,f_auto,q_auto,h_544,w_504/NI_CATALOG/IMAGES/ciw/2025/12/18/b2abf21d-1612-4234-be13-e092e2bdcd62_HPZI64Y587_MN_18122025.png","Powerful Clean, Hygienic Formula.",2 ltr,12,450,396,12 MINS,Organic,Harpic Power Plus Clean Disinfectant Toilet Cleaner
Hitech City 500081,21-12-2025,12:39:19 PM,Harpic White And Shine Disinfectant Toilet Cleaner Bleach Liquid,"https://instamart-media-assets.swiggy.com/swiggy/image/upload/fl_lossy,f_auto,q_auto,h_544,w_504/NI_CATALOG/IMAGES/CIW/2025/9/23/bc9803e2-9c09-4caf-8659-5188a01e3878_86679_1.png",Sparkling white clean,1 ltr x 2,12,490,430,12 MINS,Organic,Harpic Power Plus Clean Disinfectant Toilet Cleaner
Hitech City 500081,21-12-2025,12:39:19 PM,"Harpic Lemon Bathroom Cleaner, 10X Better Cleaning, Disinfectant","https://instamart-media-assets.swiggy.com/swiggy/image/upload/fl_lossy,f_auto,q_auto,h_544,w_504/NI_CATALOG/IMAGES/ciw/2025/12/18/4a73a8fa-08ee-4f83-a60b-1bf8e1d653e6_V5WU5ALI08_MN_18122025.png",Powerful lemon cleaner for a fresh bathroom.,500 ml,,,,12 MINS,Organic,Harpic Power Plus Clean Disinfectant Toilet Cleaner
Hitech City 500081,21-12-2025,12:39:19 PM,Harpic Power Plus Toilet Cleaner Original & Lizol Disinfectant Floor Cleaner Citrus Combo,"https://instamart-media-assets.swiggy.com/swiggy/image/upload/fl_lossy,f_auto,q_auto,h_544,w_504/010ec41128db8e189dce942588c093c8","Citrus Freshness, Powerful Clean.",1 combo,13,495,429,17 MINS,Organic,Harpic Power Plus Clean Disinfectant Toilet Cleaner
Hitech City 500081,21-12-2025,12:39:19 PM,"Harpic Power Plus Toilet Cleaner Original, & Lizol Disinfectant Floor Cleaner Floral Combo","https://instamart-media-assets.swiggy.com/swiggy/image/upload/fl_lossy,f_auto,q_auto,h_544,w_504/43992f8db0b0554cce45cdb4cfeca64a","Powerful Clean, Floral Freshness.",1 combo,15,495,417,17 MINS,Organic,Harpic Power Plus Clean Disinfectant Toilet Cleaner
Hitech City 500081,21-12-2025,12:39:19 PM,Harpic Disinfectant Toilet Cleaner Liquid Refreshing Marine,"https://instamart-media-assets.swiggy.com/swiggy/image/upload/fl_lossy,f_auto,q_auto,h_544,w_504/NI_CATALOG/IMAGES/CIW/2024/8/2/67896ccc-4493-46f6-8075-994cb23b74bb_28281_1.png",Marine fresh hygiene,1 ltr x 2,11,490,435,12 MINS,Organic,Harpic Power Plus Clean Disinfectant Toilet Cleaner
Hitech City 500081,21-12-2025,12:39:19 PM,"Harpic Black Stain Blaster Toilet Cleaner, Citrus","https://instamart-media-assets.swiggy.com/swiggy/image/upload/fl_lossy,f_auto,q_auto,h_544,w_504/NI_CATALOG/IMAGES/ciw/2025/12/18/28db94f6-63b8-41ba-86fb-442fe47216ee_UAISMS3SLC_MN_18122025.png",Powerful germ & stain remover with citrus fragrance,750 ml,24,199,150,12 MINS,Organic,Harpic Power Plus Clean Disinfectant Toilet Cleaner
Hitech City 500081,21-12-2025,12:39:19 PM,"Harpic Jasmine Toilet Cleaner, 5 Min Action, 10X Advanced, Disinfectant","https://instamart-media-assets.swiggy.com/swiggy/image/upload/fl_lossy,f_auto,q_auto,h_544,w_504/NI_CATALOG/IMAGES/ciw/2025/12/18/2dd174d7-7a13-49bf-b7b2-50d76d72c9a4_ZVKVZAI3LW_MN_18122025.png",Jasmine fresh toilet,1 ltr,10,245,220,12 MINS,Organic,Harpic Power Plus Clean Disinfectant Toilet Cleaner
Hitech City 500081,21-12-2025,12:39:19 PM,"Harpic Power Plusl & Toilet Cleaner, Citrus Combo","https://instamart-media-assets.swiggy.com/swiggy/image/upload/fl_lossy,f_auto,q_auto,h_544,w_504/c39d1386687391137df48c0d5d177adb","Citrus Freshness, Powerful Clean.",1 combo,19,434,350,12 MINS,Organic,Harpic Power Plus Clean Disinfectant Toilet Cleaner
Hitech City 500081,21-12-2025,12:39:19 PM,Harpic Power Plus Toilet Cleaner Liquid Original & Bathroom Cleaner Liquid Floral Combo,"https://instamart-media-assets.swiggy.com/swiggy/image/upload/fl_lossy,f_auto,q_auto,h_544,w_504/c4e245e3a63b65dd9a1f0855dc216772","Powerful Clean, Floral Freshness.",1 combo,13,454,391,12 MINS,Organic,Harpic Power Plus Clean Disinfectant Toilet Cleaner
Hitech City 500081,21-12-2025,12:39:19 PM,Harpic Floral Disinfectant Bathroom Cleaner,"https://instamart-media-assets.swiggy.com/swiggy/image/upload/fl_lossy,f_auto,q_auto,h_544,w_504/NI_CATALOG/IMAGES/ciw/2025/12/18/01811606-8965-4f7e-b758-300636148111_5CR6HH1L9B_MN_18122025.png",Floral deep cleanse,1 ltr,10,219,195,12 MINS,Organic,Harpic Power Plus Clean Disinfectant Toilet Cleaner
Hitech City 500081,21-12-2025,12:39:19 PM,Lizol Citrus Disinfectant Surface Cleaner & Harpic Toilet Suface Cleaner - Combo,"https://instamart-media-assets.swiggy.com/swiggy/image/upload/fl_lossy,f_auto,q_auto,h_544,w_504/qi6kleneou5hndj7jdyn","Citrus & Floral Freshness, Powerful Clean.",1 combo,13,495,429,17 MINS,Organic,Harpic Power Plus Clean Disinfectant Toilet Cleaner
Hitech City 500081,21-12-2025,12:39:19 PM,Harpic Toilet Cleaner Original & Lizol Floor Cleaner Citrus & Dis-Infectant Bathroom Cleaner Combo,"https://instamart-media-assets.swiggy.com/swiggy/image/upload/fl_lossy,f_auto,q_auto,h_544,w_504/6d147ef7fd3246a3a5cd6b87aa89c071","Complete Bathroom Clean, Citrus & Lemon Freshness.",1 combo,12,714,628,12 MINS,Organic,Harpic Power Plus Clean Disinfectant Toilet Cleaner
Hitech City 500081,21-12-2025,12:39:19 PM,"Harpic Lemon Bathroom Cleaner, 10X Better Cleaning, Disinfectant","https://instamart-media-assets.swiggy.com/swiggy/image/upload/fl_lossy,f_auto,q_auto,h_544,w_504/ppcs6rcqwnvabtznwq5f","Citrus Clean, Sparkling Bathroom.",1 ltr x 2,13,438,378,12 MINS,Organic,Harpic Power Plus Clean Disinfectant Toilet Cleaner
Hitech City 500081,21-12-2025,12:39:19 PM,"Harpic Power Plus Toilet Cleaner Original & Flushmatic In Cistern Toilet Cleaner, Marine Combo","https://instamart-media-assets.swiggy.com/swiggy/image/upload/fl_lossy,f_auto,q_auto,h_544,w_504/407f4106e9c4c58b16ac6902fa3e7c4c","Powerful Clean, Marine Freshness.",1 combo,13,425,368,12 MINS,Organic,Harpic Power Plus Clean Disinfectant Toilet Cleaner
Hitech City 500081,21-12-2025,12:39:19 PM,Harpic Power Plus Toilet Cleaner Original & Fresh Power 6 Marine Splash Toilet Rim Block Combo,"https://instamart-media-assets.swiggy.com/swiggy/image/upload/fl_lossy,f_auto,q_auto,h_544,w_504/114c07c5f01ea78dd09ae377c78927a1","Powerful Clean, Marine Freshness.",1 combo,11,445,392,12 MINS,Organic,Harpic Power Plus Clean Disinfectant Toilet Cleaner
Hitech City 500081,21-12-2025,12:39:19 PM,Clean Champ Disinfectant Toilet Cleaner,"https://instamart-media-assets.swiggy.com/swiggy/image/upload/fl_lossy,f_auto,q_auto,h_544,w_504/3cddc18118f1b37d6aafa0a1b7cd994b",Disinfectant for toilet hygiene,500 ml,39,99,60,12 MINS,Organic,Harpic Power Plus Clean Disinfectant Toilet Cleaner
Hitech City 500081,21-12-2025,12:39:19 PM,Domex Disinfectant Expert Toilet Cleaner,"https://instamart-media-assets.swiggy.com/swiggy/image/upload/fl_lossy,f_auto,q_auto,h_544,w_504/NI_CATALOG/IMAGES/ciw/2025/12/18/6df394d2-e08a-488e-b5f3-abaaf08610b1_2YFJGY1CPG_MN_18122025.png",Powerful toilet disinfectant,1 ltr,20,245,195,12 MINS,Organic,Harpic Power Plus Clean Disinfectant Toilet Cleaner
Hitech City 500081,21-12-2025,12:39:19 PM,Domex Toilet Cleaner Lime Fresh,"https://instamart-media-assets.swiggy.com/swiggy/image/upload/fl_lossy,f_auto,q_auto,h_544,w_504/NI_CATALOG/IMAGES/ciw/2025/12/18/23b09366-2d5e-4e5a-a60e-9c2289cf8254_1Q615G0U4M_MN_18122025.png",Limescale fighter clean,1 ltr,20,245,195,12 MINS,Organic,Harpic Power Plus Clean Disinfectant Toilet Cleaner
Hitech City 500081,21-12-2025,12:39:19 PM,Lizol Floor Citrus & Harpic Toilet Blocks Marine Cleaner Combo,"https://instamart-media-assets.swiggy.com/swiggy/image/upload/fl_lossy,f_auto,q_auto,h_544,w_504/9c35004683862417e03104cae5191332","Citrus & Marine, Complete Bathroom Clean.",1 combo,11,752,663,17 MINS,Organic,Harpic Power Plus Clean Disinfectant Toilet Cleaner
Hitech City 500081,21-12-2025,12:39:19 PM,Lizol Citrus Floor Cleaner Liquid Disinfectant Surface Cleaner,"https://instamart-media-assets.swiggy.com/swiggy/image/upload/fl_lossy,f_auto,q_auto,h_544,w_504/NI_CATALOG/IMAGES/ciw/2025/12/18/d7266cf1-178d-4e07-a884-26608ecd5b96_BIOCW5BXS6_MN_18122025.png","Powerful Clean, Citrus Freshness.",1 ltr,11,260,229,12 MINS,Organic,Harpic Power Plus Clean Disinfectant Toilet Cleaner
Hitech City 500081,21-12-2025,12:39:19 PM,Harpic Hygienic Toilet Cleaner Rim Block (Lavender),"https://instamart-media-assets.swiggy.com/swiggy/image/upload/fl_lossy,f_auto,q_auto,h_544,w_504/NI_CATALOG/IMAGES/CIW/2024/10/25/6b0674d9-5b58-4433-b417-6bc455915af1_48290_1.png",,26 g x 2,10,190,170,12 MINS,Organic,Harpic Power Plus Clean Disinfectant Toilet Cleaner
Hitech City 500081,21-12-2025,12:39:19 PM,Comfort After Wash Morning Fresh Fabric Conditioner,"https://instamart-media-assets.swiggy.com/swiggy/image/upload/fl_lossy,f_auto,q_auto,h_544,w_504/NI_CATALOG/IMAGES/ciw/2025/12/18/156493e9-e3f3-459d-84d0-be6d779c80f0_QQQR20RYJP_MN_18122025.png","Fresh, soft finish",430 ml,,,,12 MINS,Organic,Harpic Power Plus Clean Disinfectant Toilet Cleaner
Hitech City 500081,21-12-2025,12:39:19 PM,Lizol Lavedner Floor Cleaner Liquid Disinfectant Surface Cleaner,"https://instamart-media-assets.swiggy.com/swiggy/image/upload/fl_lossy,f_auto,q_auto,h_544,w_504/NI_CATALOG/IMAGES/ciw/2025/12/18/eda942eb-bd99-474f-84ba-77a4a7a242be_AZO419LGM3_MN_18122025.png",Antibacterial floor cleaner with lavender scent,1 ltr,11,246,217,12 MINS,Organic,Harpic Power Plus Clean Disinfectant Toilet Cleaner
Hitech City 500081,21-12-2025,12:39:19 PM,Harpic Lavedner Flushmatic In-Cistern Block Toilet Cleaner,"https://instamart-media-assets.swiggy.com/swiggy/image/upload/fl_lossy,f_auto,q_auto,h_544,w_504/NI_CATALOG/IMAGES/ciw/2025/12/18/9d239996-bf13-45ce-b01d-d790ac738830_27R7FQKF42_MN_18122025.png",Easy-to-Use Lavender Toilet Cleaner Block for Fresh Flushes,100 g,8,180,164,12 MINS,Organic,Harpic Power Plus Clean Disinfectant Toilet Cleaner
Hitech City 500081,21-12-2025,12:39:19 PM,Clean Champ Toilet Cleaner,"https://instamart-media-assets.swiggy.com/swiggy/image/upload/fl_lossy,f_auto,q_auto,h_544,w_504/c4bf76514063baa41811ae0640ddb791",,1 ltr x 2,52,398,190,12 MINS,Organic,Harpic Power Plus Clean Disinfectant Toilet Cleaner
Hitech City 500081,21-12-2025,12:39:19 PM,Colin Glass & Household Cleaner,"https://instamart-media-assets.swiggy.com/swiggy/image/upload/fl_lossy,f_auto,q_auto,h_544,w_504/NI_CATALOG/IMAGES/ciw/2025/12/18/fedb5d46-5c75-471c-8649-1a909cc25ea3_UYLFCWNRE9_MN_18122025.png",Effective glass and household surface cleaner,500 ml,2,115,112,12 MINS,Organic,Harpic Power Plus Clean Disinfectant Toilet Cleaner
Hitech City 500081,21-12-2025,12:39:19 PM,Clean Champ Disinfectant Floor Cleaner Citrus,"https://instamart-media-assets.swiggy.com/swiggy/image/upload/fl_lossy,f_auto,q_auto,h_544,w_504/NI_CATALOG/IMAGES/CIW/2024/6/20/5f2a3bb1-b576-480c-9b21-03bee77e4596_surfacechemicalagents_ZMHH8R0R4T_MN.png",,1 ltr,48,205,105,12 MINS,Organic,Harpic Power Plus Clean Disinfectant Toilet Cleaner
Hitech City 500081,21-12-2025,12:39:19 PM,Vim Dishwash Bar Tub (Lemon),"https://instamart-media-assets.swiggy.com/swiggy/image/upload/fl_lossy,f_auto,q_auto,h_544,w_504/NI_CATALOG/IMAGES/CIW/2025/6/26/5de70896-b1d9-40fe-934b-ba02c286536c_89079_1.png",,500 g x 2,,,,12 MINS,Organic,Harpic Power Plus Clean Disinfectant Toilet Cleaner
Hitech City 500081,21-12-2025,12:39:19 PM,Vim Dishwash Bar multipack x 4units,"https://instamart-media-assets.swiggy.com/swiggy/image/upload/fl_lossy,f_auto,q_auto,h_544,w_504/NI_CATALOG/IMAGES/ciw/2025/12/18/4c639554-2951-4fae-9623-7213310b1847_1AC4QB6HDI_MN_18122025.png",Multi-pack grease cutter,200 g,,,,12 MINS,Organic,Harpic Power Plus Clean Disinfectant Toilet Cleaner
Hitech City 500081,21-12-2025,12:39:49 PM,"boAt Airdopes 141 In Ear Truly Wireless Earbuds with Mic, 42 hours Playtime, ENC, IPX4, Bluetooth v5.2 (Bold Black)","https://instamart-media-assets.swiggy.com/swiggy/image/upload/fl_lossy,f_auto,q_auto,h_544,w_504/NI_CATALOG/IMAGES/CIW/2025/7/31/9a06a3b7-339c-49ac-9bcf-2d8b3cb8ce60_0IJZB5KNRY.png",Long playtime earbuds with mic,1 unit,77,4490,999,12 MINS,Organic,boAt Airdopes Prime Wireless Earbuds
Hitech City 500081,21-12-2025,12:39:49 PM,"boAt Airdopes 313, 13mm Drivers, Glide Shell, 75H Battery, TWS Ear Buds Wireless Earphones with mic (Carbon Black)","https://instamart-media-assets.swiggy.com/swiggy/image/upload/fl_lossy,f_auto,q_auto,h_544,w_504/NI_CATALOG/IMAGES/CIW/2025/12/4/02e4939c-276b-49df-91e9-64d2fbf36664_777237_1.png","Endless battery, punchy beats",1 Piece,72,3990,1099,12 MINS,Organic,boAt Airdopes Prime Wireless Earbuds
Hitech City 500081,21-12-2025,12:39:49 PM,"boAt Airdopes 141 Gen 2 w/48 Hours Playback, 4 mics ENx Tech,ASAP Charge TWS Earbuds (Grey)","https://instamart-media-assets.swiggy.com/swiggy/image/upload/fl_lossy,f_auto,q_auto,h_544,w_504/NI_CATALOG/IMAGES/ciw/2025/8/27/6ace58a7-0199-473b-aca2-19ab9dc4fc5a_NPI-026343_1_20250827_102436.png",Extended playtime with clear calls,1 Piece,77,3990,899,12 MINS,Organic,boAt Airdopes Prime Wireless Earbuds
Hitech City 500081,21-12-2025,12:39:49 PM,"boAt Airdopes 311 Pro TWS w/ 50H Battery, Fast Charge, ENx Tech, Transparent LID, Low Latency, IPX4, IWP, v5.3 (Active Black)","https://instamart-media-assets.swiggy.com/swiggy/image/upload/fl_lossy,f_auto,q_auto,h_544,w_504/NI_CATALOG/IMAGES/CIW/2025/8/1/f06e8a2e-4209-4d8c-adb9-c9058b751683_OZK7GGHT8B.png","Fast-charge buds, balanced sound",1 unit,79,4990,999,12 MINS,Organic,boAt Airdopes Prime Wireless Earbuds
Hitech City 500081,21-12-2025,12:39:49 PM,"boAt Airdopes 141 Gen 2 w/48 Hours Playback, 4 mics ENx Tech,ASAP Charge TWS Earbuds (Active White)","https://instamart-media-assets.swiggy.com/swiggy/image/upload/fl_lossy,f_auto,q_auto,h_544,w_504/NI_CATALOG/IMAGES/ciw/2025/8/27/a4da4f70-e038-4a49-b72f-ade51cf41811_NPI-026340_1_20250827_102019.png",Long playtime with crisp sound,1 Piece,77,3990,899,12 MINS,Organic,boAt Airdopes Prime Wireless Earbuds
Hitech City 500081,21-12-2025,12:39:49 PM,"boAt Airdopes 141 Gen 2 w/48 Hours Playback, 4 mics ENx Tech,ASAP Charge TWS Earbuds (Active Black)","https://instamart-media-assets.swiggy.com/swiggy/image/upload/fl_lossy,f_auto,q_auto,h_544,w_504/NI_CATALOG/IMAGES/ciw/2025/8/27/3bffe784-e0d9-4bdf-8307-bef9c6b70ccd_NPI-026339_1_20250827_101853.png",Long playtime with clear calls,1 Piece,77,3990,899,12 MINS,Organic,boAt Airdopes Prime Wireless Earbuds
Hitech City 500081,21-12-2025,12:39:49 PM,"boAt Airdopes 131 Elite ANC TWS Earbuds w/ 32dB ANC, 60H Battery & Ambient Mode (Active Teal)","https://instamart-media-assets.swiggy.com/swiggy/image/upload/fl_lossy,f_auto,q_auto,h_544,w_504/NI_CATALOG/IMAGES/CIW/2025/4/24/7c20c708-1903-42b2-ad57-6391fd3f7e85_946422_1.png",,1 unit,79,6990,1399,17 MINS,Organic,boAt Airdopes Prime Wireless Earbuds
Hitech City 500081,21-12-2025,12:39:49 PM,"boAt Airdopes 163 In Ear TWS Earbuds With Mic, 40H Playtime, Signature Sound, BEAST Mode & ENx Tech (Active Black)","https://instamart-media-assets.swiggy.com/swiggy/image/upload/fl_lossy,f_auto,q_auto,h_544,w_504/NI_CATALOG/IMAGES/CIW/2025/10/28/9d65850a-d45e-4d71-b208-196934daeee8_39755_1.png",Clear sound earbuds with BEAST Mode,1 unit,61,2490,949,12 MINS,Organic,boAt Airdopes Prime Wireless Earbuds
Hitech City 500081,21-12-2025,12:39:49 PM,"boAt Airdopes 131 Elite ANC TWS Earbuds w/ 32dB ANC, 60H Battery & Ambient Mode (Active Black)","https://instamart-media-assets.swiggy.com/swiggy/image/upload/fl_lossy,f_auto,q_auto,h_544,w_504/NI_CATALOG/IMAGES/CIW/2025/4/24/05945f8a-f15e-485e-81d3-162386b0f14b_170685_1.png",,1 pack,79,6990,1399,12 MINS,Organic,boAt Airdopes Prime Wireless Earbuds
Hitech City 500081,21-12-2025,12:39:49 PM,"boAt Airdopes 155 TWS Earbuds w/ 40H Playtime, In-Ear Detection, Quad Mics ENx Tech, ASAP Charge (Hot Rouge)","https://instamart-media-assets.swiggy.com/swiggy/image/upload/fl_lossy,f_auto,q_auto,h_544,w_504/NI_CATALOG/IMAGES/CIW/2025/7/28/f8e9e6e4-062d-44b3-8457-ecf68450202f_WNRKNXJ1WP.png","Everyday buds, quick charge",1 unit,82,5490,949,17 MINS,Organic,boAt Airdopes Prime Wireless Earbuds
Hitech City 500081,21-12-2025,12:39:49 PM,"boAt Airdopes 131 Pro Buds TWS With In Ear Detection, 4 Mics ENx Tech & 40H Playback-Active Black","https://instamart-media-assets.swiggy.com/swiggy/image/upload/fl_lossy,f_auto,q_auto,h_544,w_504/NI_CATALOG/IMAGES/CIW/2025/7/31/b5e7ff33-db11-4ba3-bb98-b3fd90762793_738AU0B51I.png",Clear call earbuds,1 pack,83,5490,899,12 MINS,Organic,boAt Airdopes Prime Wireless Earbuds
Hitech City 500081,21-12-2025,12:39:49 PM,"boAt Airdopes 121 Pro Plus TWS Earbuds w/ 100H Battery, ENx, 50ms Low Latency, Fast Charge, LED Display, IPX5, BTv5.3 (Blue)","https://instamart-media-assets.swiggy.com/swiggy/image/upload/fl_lossy,f_auto,q_auto,h_544,w_504/NI_CATALOG/IMAGES/CIW/2024/8/13/f05f8c3b-2050-453f-9f14-ac02c28a8337_884462_1.png",Compact power earbuds,1 unit,79,4990,1019,12 MINS,Organic,boAt Airdopes Prime Wireless Earbuds
Hitech City 500081,21-12-2025,12:39:49 PM,"boAt Airdopes 111v2 TWS Earbuds w/ Premium Leather Finish,4Mics ENx,50H Battery,Fast Charge,Dual Pair,BTv5.4(Ivory White)","https://instamart-media-assets.swiggy.com/swiggy/image/upload/fl_lossy,f_auto,q_auto,h_544,w_504/NI_CATALOG/IMAGES/CIW/2025/6/10/142ee83b-0478-428e-bf76-9e2c0d53adaf_920401_1.png",,1 unit,77,4990,1099,12 MINS,Organic,boAt Airdopes Prime Wireless Earbuds
Hitech City 500081,21-12-2025,12:39:49 PM,"boAt Airdopes 155 TWS Earbuds w/ 40H Playtime, In-Ear Detection, Quad Mics ENx Tech, ASAP Charge (Active Black)","https://instamart-media-assets.swiggy.com/swiggy/image/upload/fl_lossy,f_auto,q_auto,h_544,w_504/NI_CATALOG/IMAGES/CIW/2025/7/28/4c6d1442-6057-4781-81ea-5ae33d065536_6RJK0RPVJL.png",Compact earbuds with long playtime,1 unit,82,5490,949,17 MINS,Organic,boAt Airdopes Prime Wireless Earbuds
Hitech City 500081,21-12-2025,12:39:49 PM,"boAt Airdopes 300 TWS Earbuds w/ Cinematic Spatial Audio, 50H Battery, 4Mic AI ENx, Fast Charge, IPX4 v5.3 (Chrome White)","https://instamart-media-assets.swiggy.com/swiggy/image/upload/fl_lossy,f_auto,q_auto,h_544,w_504/NI_CATALOG/IMAGES/CIW/2025/8/1/228a2fb0-323d-4693-bae4-edfa1466c4ed_ZON57KZJ60.png",Spatial cinematic buds,1 unit,83,6490,1099,12 MINS,Organic,boAt Airdopes Prime Wireless Earbuds
Hitech City 500081,21-12-2025,12:39:49 PM,"boAt Airdopes 121 Pro Plus TWS Earbuds w/ 100H Battery, ENx, 50ms Low Latency, Fast Charge, LED Display, IPX5, BTv5.3 (Black)","https://instamart-media-assets.swiggy.com/swiggy/image/upload/fl_lossy,f_auto,q_auto,h_544,w_504/NI_CATALOG/IMAGES/CIW/2025/8/1/17bad3e0-39f7-4546-8f52-7b0930deb338_SWGIW3GMBJ.png","Marathon play, low latency",1 unit,77,4990,1099,12 MINS,Organic,boAt Airdopes Prime Wireless Earbuds
Hitech City 500081,21-12-2025,12:39:49 PM,"boAt Airdopes 219 w/40 Hours playback,4 mics ENx tech, 13mm Drivers (Carbon Black )","https://instamart-media-assets.swiggy.com/swiggy/image/upload/fl_lossy,f_auto,q_auto,h_544,w_504/NI_CATALOG/IMAGES/ciw/2025/8/7/aa0e289d-4ad8-45cf-98e2-a41ebe818a0a_NPI-016827_1_20250807_062406.png","Balanced sound, lasting play",1 Piece,74,3990,999,12 MINS,Organic,boAt Airdopes Prime Wireless Earbuds
Hitech City 500081,21-12-2025,12:39:49 PM,"boAt Airdopes 111v2 TWS Earbuds w/ Premium Leather Finish,4Mics ENx,50H Battery,Fast Charge,Dual Pair,BTv5.4(Classic Black)","https://instamart-media-assets.swiggy.com/swiggy/image/upload/fl_lossy,f_auto,q_auto,h_544,w_504/NI_CATALOG/IMAGES/CIW/2025/6/10/e6a2ae92-edcd-4f52-bb80-2beeb7f94734_538462_1.png",,1 unit,77,4990,1118,12 MINS,Organic,boAt Airdopes Prime Wireless Earbuds
Hitech City 500081,21-12-2025,12:39:49 PM,"boAt Airdopes 300 TWS Earbuds w/ Cinematic Spatial Audio, 50H Battery, 4Mic AI ENx, Fast Charge, IPX4 v5.3 (Gunmetal Black)","https://instamart-media-assets.swiggy.com/swiggy/image/upload/fl_lossy,f_auto,q_auto,h_544,w_504/NI_CATALOG/IMAGES/CIW/2025/7/28/f1fe5475-4176-4722-9aff-0487f09215c4_Z9GO2T8T3D.png",Spatial audio effect,1 unit,79,6490,1299,12 MINS,Organic,boAt Airdopes Prime Wireless Earbuds
Hitech City 500081,21-12-2025,12:39:49 PM,"boAt Airdopes 313 w/75 hours battery,13mm drivers with boAt signature sound(Jade Green)","https://instamart-media-assets.swiggy.com/swiggy/image/upload/fl_lossy,f_auto,q_auto,h_544,w_504/NI_CATALOG/IMAGES/CIW/2025/12/4/c66d0e58-b377-4db8-8d3b-a0e536776ef5_459337_1.png",,1 Piece,72,3990,1099,12 MINS,Organic,boAt Airdopes Prime Wireless Earbuds
Hitech City 500081,21-12-2025,12:39:49 PM,"boAt Airdopes 141 Elite ANC w/42 Hrs battery,35db ANC,ASAP Charge(White)","https://instamart-media-assets.swiggy.com/swiggy/image/upload/fl_lossy,f_auto,q_auto,h_544,w_504/NI_CATALOG/IMAGES/ciw/2025/8/27/cfcd5632-587a-4c07-bdcc-caad1f3cb422_NPI-026346_1_20250827_103156.png",,1 Piece,76,5990,1399,17 MINS,Organic,boAt Airdopes Prime Wireless Earbuds
Hitech City 500081,21-12-2025,12:39:49 PM,"boAt Airdopes 91 Prime TWS w/ 45H Battery, Metallic Finish, Low Latency, ENx Tech, Fast Charge, BT v5.3 (Midnight Black)","https://instamart-media-assets.swiggy.com/swiggy/image/upload/fl_lossy,f_auto,q_auto,h_544,w_504/NI_CATALOG/IMAGES/CIW/2025/3/29/c7496137-7c47-4d5e-909c-f1eb798e6542_378777_1.png","Low-latency tunes, long play",1 pack,79,3990,799,17 MINS,Organic,boAt Airdopes Prime Wireless Earbuds
Hitech City 500081,21-12-2025,12:39:49 PM,"boAt Airdopes 141 Elite ANC w/42 Hrs battery,35db ANC,ASAP Charge(Green)","https://instamart-media-assets.swiggy.com/swiggy/image/upload/fl_lossy,f_auto,q_auto,h_544,w_504/NI_CATALOG/IMAGES/ciw/2025/8/27/b2aaaaa7-3751-4776-a847-005464aead89_NPI-026345_1_20250827_103029.png",,1 Piece,76,5990,1399,17 MINS,Organic,boAt Airdopes Prime Wireless Earbuds
Hitech City 500081,21-12-2025,12:39:49 PM,"boAt Airdopes 141 Elite ANC w/42 Hrs battery,35db ANC,ASAP Charge(Black)","https://instamart-media-assets.swiggy.com/swiggy/image/upload/fl_lossy,f_auto,q_auto,h_544,w_504/NI_CATALOG/IMAGES/ciw/2025/8/27/b6ceb33e-0c86-4714-a691-f170049bdb06_NPI-026344_1_20250827_102909.png",,1 Piece,76,5990,1399,17 MINS,Organic,boAt Airdopes Prime Wireless Earbuds
Hitech City 500081,21-12-2025,12:39:49 PM,"boAt Airdopes 313 w/75 hours battery,13mm drivers with boAt signature sound (Gold Mist)","https://instamart-media-assets.swiggy.com/swiggy/image/upload/fl_lossy,f_auto,q_auto,h_544,w_504/NI_CATALOG/IMAGES/ciw/2025/11/20/b03103c1-1708-4dee-bca8-43781289acbd_5I01NSPTEK_MN_20112025.png","Extended battery, lively sound",1 Piece,72,3990,1099,17 MINS,Organic,boAt Airdopes Prime Wireless Earbuds
Hitech City 500081,21-12-2025,12:39:49 PM,"boAt Nirvana Ion w/ ENx Tech, 120H battery, ASAP Charge (Ivory White)","https://instamart-media-assets.swiggy.com/swiggy/image/upload/fl_lossy,f_auto,q_auto,h_544,w_504/NI_CATALOG/IMAGES/CIW/2024/8/14/3640e276-160a-4945-a3ba-950a2d4e4ab9_61785_1.png",Stamina-packed buds,1 unit,81,7990,1499,12 MINS,Organic,boAt Airdopes Prime Wireless Earbuds
Hitech City 500081,21-12-2025,12:39:49 PM,"boAt Nirvana Ion w/ ENx Tech,120H battery, ASAP Charge (Charcoal Black)","https://instamart-media-assets.swiggy.com/swiggy/image/upload/fl_lossy,f_auto,q_auto,h_544,w_504/NI_CATALOG/IMAGES/CIW/2025/7/28/934ac752-d77b-4765-85c6-cab0c3f29eea_VO8YWAFROG.png",Endless playtime buds,1 unit,78,7990,1699,12 MINS,Organic,boAt Airdopes Prime Wireless Earbuds
Hitech City 500081,21-12-2025,12:39:49 PM,"Hammer Drop Bluetooth Speaker With Mic, 5W, 32 Hrs Playtime (Green)","https://instamart-media-assets.swiggy.com/swiggy/image/upload/fl_lossy,f_auto,q_auto,h_544,w_504/NI_CATALOG/IMAGES/CIW/2025/7/31/f6b223e5-d3ce-4272-9fef-0d9241b1689b_UK3Z6K1ZCI.png",Long-play speaker with rich sound,1 unit,88,3499,399,12 MINS,Organic,boAt Airdopes Prime Wireless Earbuds
Hitech City 500081,21-12-2025,12:39:49 PM,"Hammer Airflow Plus In-Ear Truly Wireless Earbuds With Mic, 23 Hours Playtime, Sound Isolation, IPX4, Bluetooth v5.1 (Green)","https://instamart-media-assets.swiggy.com/swiggy/image/upload/fl_lossy,f_auto,q_auto,h_544,w_504/NI_CATALOG/IMAGES/CIW/2025/7/25/1abd8cd0-d5b0-434f-9f85-5b59b1f9fbe9_53UAG2RD0A.png","Long play, clear sound",1 unit,91,4999,429,12 MINS,Organic,boAt Airdopes Prime Wireless Earbuds
Hitech City 500081,21-12-2025,12:39:49 PM,"Hammer Drop Bluetooth Speaker With Mic, 5W, 32 Hrs Playtime (Beige)","https://instamart-media-assets.swiggy.com/swiggy/image/upload/fl_lossy,f_auto,q_auto,h_544,w_504/NI_CATALOG/IMAGES/CIW/2025/7/28/f6bf2c17-d8ef-4406-939f-bb26c6378fc8_JDOR0ZX557.png",Long-play portable speaker,1 unit,88,3499,399,12 MINS,Organic,boAt Airdopes Prime Wireless Earbuds
Hitech City 500081,21-12-2025,12:39:49 PM,Dubstep Buzz X9 With 56 Hrs Playtime Enc Tws Earbuds (Black),"https://instamart-media-assets.swiggy.com/swiggy/image/upload/fl_lossy,f_auto,q_auto,h_544,w_504/NI_CATALOG/IMAGES/CIW/2025/6/12/442267da-bd06-4b30-bfc6-628434033fdc_279239_1.png","56H play, clear calls",1 pack,86,2999,399,12 MINS,Organic,boAt Airdopes Prime Wireless Earbuds
Hitech City 500081,21-12-2025,12:39:49 PM,"Nu Republic Soundbar 20 (20W, 12 Hrs Playtime), Wireless Bluetooth Soundbar with Mic v5.3 (Black)","https://instamart-media-assets.swiggy.com/swiggy/image/upload/fl_lossy,f_auto,q_auto,h_544,w_504/NI_CATALOG/IMAGES/CIW/2025/4/22/2324630c-6912-4ae4-a0a2-3ed52c3a256d_814508_1.png",Compact Bluetooth soundbar,1 unit,85,4499,659,12 MINS,Organic,boAt Airdopes Prime Wireless Earbuds
Hitech City 500081,21-12-2025,12:39:49 PM,"boAt Stone 190 Pro Bluetooth Speaker, 5W, 12H Playtime, Bluetooth v5.3 (Raging Black)","https://instamart-media-assets.swiggy.com/swiggy/image/upload/fl_lossy,f_auto,q_auto,h_544,w_504/NI_CATALOG/IMAGES/CIW/2024/8/13/632fbf69-da64-49a4-b225-048938858915_223115_1.png",Compact speaker with loud sound,1 unit,76,2990,699,12 MINS,Organic,boAt Airdopes Prime Wireless Earbuds
Hitech City 500081,21-12-2025,12:40:22 PM,Himalaya Purifying Neem Face Wash,"https://instamart-media-assets.swiggy.com/swiggy/image/upload/fl_lossy,f_auto,q_auto,h_544,w_504/NI_CATALOG/IMAGES/CIW/2025/7/21/bc908fc2-ec2a-4a6a-bc67-57db82b3e763_1319_01.png",Applied for Anti-acne & Pimples,100 ml,12,189,166,5 MINS,Organic,Himalaya Neem Purifying Face Wash
Hitech City 500081,21-12-2025,12:40:22 PM,Himalaya Purifying Neem Face Wash,"https://instamart-media-assets.swiggy.com/swiggy/image/upload/fl_lossy,f_auto,q_auto,h_544,w_504/NI_CATALOG/IMAGES/CIW/2025/7/21/df1c3b57-6d59-4cf2-b5aa-ba6f93154af7_1320_01.png","Purifying Cleanse, Neem Power.",200 ml,18,449,368,17 MINS,Organic,Himalaya Neem Purifying Face Wash
Hitech City 500081,21-12-2025,12:40:22 PM,Himalaya Purifying Neem Face Wash,"https://instamart-media-assets.swiggy.com/swiggy/image/upload/fl_lossy,f_auto,q_auto,h_544,w_504/NI_CATALOG/IMAGES/CIW/2025/7/21/59c22e93-d9c4-4778-828d-264bff4c28be_45133_01.png","Purifying Cleanse, Neem Power.",400 ml,25,599,449,5 MINS,Organic,Himalaya Neem Purifying Face Wash
Hitech City 500081,21-12-2025,12:40:22 PM,Himalaya Purifying Neem Foaming Face Wash,"https://instamart-media-assets.swiggy.com/swiggy/image/upload/fl_lossy,f_auto,q_auto,h_544,w_504/NI_CATALOG/IMAGES/CIW/2025/3/21/3d0afdf5-a858-4f6a-8f77-e0cca792e82f_3801_1.png",Purifying face wash with neem & turmeric,150 ml,14,299,257,17 MINS,Organic,Himalaya Neem Purifying Face Wash
Hitech City 500081,21-12-2025,12:40:22 PM,Himalaya Natural Glow Kesar Face Wash,"https://instamart-media-assets.swiggy.com/swiggy/image/upload/fl_lossy,f_auto,q_auto,h_544,w_504/NI_CATALOG/IMAGES/CIW/2025/2/26/a6c2196b-b0a9-4883-9b06-43b07d25d1b9_62028_1.png",Brightening face wash with saffron for glowing skin,150 ml,17,279,229,5 MINS,Organic,Himalaya Neem Purifying Face Wash
Hitech City 500081,21-12-2025,12:40:22 PM,Everyuth Purifying Neem Facewash,"https://instamart-media-assets.swiggy.com/swiggy/image/upload/fl_lossy,f_auto,q_auto,h_544,w_504/NI_CATALOG/IMAGES/CIW/2025/9/20/d7ca30f5-f448-44d2-b2e3-19e63b508bbe_26967_1.png",Neem-based cleanser for clear skin,150 g,39,225,137,5 MINS,Organic,Himalaya Neem Purifying Face Wash
Hitech City 500081,21-12-2025,12:40:22 PM,Himalaya Purifying Neem Face Wash,"https://instamart-media-assets.swiggy.com/swiggy/image/upload/fl_lossy,f_auto,q_auto,h_544,w_504/NI_CATALOG/IMAGES/CIW/2025/7/21/115c41b1-7116-4470-afcc-81c4e040446e_95149_01.png",,300 ml x 2,19,690,558,SOLD OUT,Organic,Himalaya Neem Purifying Face Wash
Hitech City 500081,21-12-2025,12:40:22 PM,Pure Sense Guava Groove Face Wash with 2% Salicylic Acid Fights acne and Controls excess oil,"https://instamart-media-assets.swiggy.com/swiggy/image/upload/fl_lossy,f_auto,q_auto,h_544,w_504/NI_CATALOG/IMAGES/CIW/2024/5/25/90b3c69b-6499-443e-bae1-f8af45f46f20_facewash_6KVUJHDVSZ_MN.png",Fights acne and controls oil with salicylic acid.,100 ml,22,295,230,17 MINS,Organic,Himalaya Neem Purifying Face Wash
Hitech City 500081,21-12-2025,12:40:22 PM,Clean & Clear Foaming Face Wash,"https://instamart-media-assets.swiggy.com/swiggy/image/upload/fl_lossy,f_auto,q_auto,h_544,w_504/ixavngmca1fvckii5b38","Deep Cleanse, Foaming Formula.",100 ml,8,199,183,5 MINS,Organic,Himalaya Neem Purifying Face Wash
Hitech City 500081,21-12-2025,12:40:22 PM,Everyuth Walnut Scrub and Purifying Neem Facewash Combo,"https://instamart-media-assets.swiggy.com/swiggy/image/upload/fl_lossy,f_auto,q_auto,h_544,w_504/a71c4638f779e18bff1f327a1d91625e",Deep-cleansing skincare duo,1 combo,24,435,328,5 MINS,Organic,Himalaya Neem Purifying Face Wash
Hitech City 500081,21-12-2025,12:40:22 PM,Clean & Clear Foaming Face Wash,"https://instamart-media-assets.swiggy.com/swiggy/image/upload/fl_lossy,f_auto,q_auto,h_544,w_504/NI_CATALOG/IMAGES/CIW/2025/9/23/617c7f30-2b3c-475c-8fbf-6c9b7497c7ea_8908_1.png",Oil-free daily face wash for clean and clear skin,150 ml,4,285,271,5 MINS,Organic,Himalaya Neem Purifying Face Wash
Hitech City 500081,21-12-2025,12:40:22 PM,Garnier Acno Fight Anti-Pimple Face Wash for Men,"https://instamart-media-assets.swiggy.com/swiggy/image/upload/fl_lossy,f_auto,q_auto,h_544,w_504/NI_CATALOG/IMAGES/CIW/2025/7/3/c519707c-50a3-4771-a841-147414c5389b_176_1.png",Applied for Anti-acne & Pimples,100 g,35,299,194,5 MINS,Organic,Himalaya Neem Purifying Face Wash
Hitech City 500081,21-12-2025,12:40:22 PM,Biotique Fresh Neem Pimple Control Face Wash,"https://instamart-media-assets.swiggy.com/swiggy/image/upload/fl_lossy,f_auto,q_auto,h_544,w_504/b7d98b6bce1f23bde8aa4df228b3fbf9",Ayurvedic neem cleanser for acne-prone skin,200 ml,22,299,233,17 MINS,Organic,Himalaya Neem Purifying Face Wash
Hitech City 500081,21-12-2025,12:40:22 PM,Everyuth Purifying Neem Facewash and Tan Removal Choco Cherry Combo,"https://instamart-media-assets.swiggy.com/swiggy/image/upload/fl_lossy,f_auto,q_auto,h_544,w_504/589d6b7bdc0c4f18f66933faae82350b",Skincare combo for cleansing and glow,1 combo,25,365,272,5 MINS,Organic,Himalaya Neem Purifying Face Wash
Hitech City 500081,21-12-2025,12:40:22 PM,Pond's Bright Beauty Spot-less Glow Face Wash,"https://instamart-media-assets.swiggy.com/swiggy/image/upload/fl_lossy,f_auto,q_auto,h_544,w_504/NI_CATALOG/IMAGES/CIW/2024/5/15/2feb12ce-fc27-4d38-8d3b-35a2dfbf010b_facewash_2DWIH9264C_MN.png",Spotless glow facewash with vitamins,50 g,,,,5 MINS,Organic,Himalaya Neem Purifying Face Wash
Hitech City 500081,21-12-2025,12:40:22 PM,Clean & Clear Foaming Face Wash,"https://instamart-media-assets.swiggy.com/swiggy/image/upload/fl_lossy,f_auto,q_auto,h_544,w_504/1023e23c74f36b93d97a4733eb50ba48",Oil-free foaming face wash for clean and clear skin.,240 ml,20,539,431,5 MINS,Organic,Himalaya Neem Purifying Face Wash
Hitech City 500081,21-12-2025,12:40:22 PM,Dr. Sheth's Neem & Salicylic Acid Face Wash,"https://instamart-media-assets.swiggy.com/swiggy/image/upload/fl_lossy,f_auto,q_auto,h_544,w_504/NI_CATALOG/IMAGES/CIW/2024/7/8/77e5b4d9-df2e-4dae-b82b-721e77c3d490_facewash_Z4N15HW6T5_MN.png",Acne-fighting face wash with neem and salicylic acid.,100 g,10,349,311,5 MINS,Organic,Himalaya Neem Purifying Face Wash
Hitech City 500081,21-12-2025,12:40:22 PM,Biotique Fruit Brightening Face Wash,"https://instamart-media-assets.swiggy.com/swiggy/image/upload/fl_lossy,f_auto,q_auto,h_544,w_504/NI_CATALOG/IMAGES/CIW/2024/5/25/c5338cec-faf7-4b88-b007-6fe8e55227e4_facewash_K360L8T2CA_MN.png",Brightening face wash with fruit extracts,200 ml,26,320,234,5 MINS,Organic,Himalaya Neem Purifying Face Wash
Hitech City 500081,21-12-2025,12:40:22 PM,Everyuth Naturals Moisturizing Fruit Face Wash,"https://instamart-media-assets.swiggy.com/swiggy/image/upload/fl_lossy,f_auto,q_auto,h_544,w_504/x4l6ragurcoiij7ksjzb",Refreshing fruit-based cleanser for soft and hydrated skin,150 g,39,225,137,5 MINS,Organic,Himalaya Neem Purifying Face Wash
Hitech City 500081,21-12-2025,12:40:22 PM,Biotique Fruit Brightening Face Wash,"https://instamart-media-assets.swiggy.com/swiggy/image/upload/fl_lossy,f_auto,q_auto,h_544,w_504/3c2208591ca1299a9bf813d2c9ea0e06",Ayurvedic blend for radiant skin with fruit extracts,150 ml,10,250,225,5 MINS,Organic,Himalaya Neem Purifying Face Wash
Hitech City 500081,21-12-2025,12:40:22 PM,Pond's Pure White Activated Charcoal Face Wash,"https://instamart-media-assets.swiggy.com/swiggy/image/upload/fl_lossy,f_auto,q_auto,h_544,w_504/NI_CATALOG/IMAGES/CIW/2024/5/15/cc6be098-821d-4b21-b1cb-3908d5ef8818_facewash_23486OTWJV_MN.png",Deep cleansing face wash with charcoal,100 g,10,240,216,5 MINS,Organic,Himalaya Neem Purifying Face Wash
Hitech City 500081,21-12-2025,12:40:22 PM,Dot & Key Barrier Repair + Hydrating Gentle Face Wash,"https://instamart-media-assets.swiggy.com/swiggy/image/upload/fl_lossy,f_auto,q_auto,h_544,w_504/NI_CATALOG/IMAGES/CIW/2025/8/31/8b318655-b301-4caf-80b1-3a49b1f12ba1_42717_1.png","Repair & Hydrate, Gentle Cleanse.",100 g,14,249,214,5 MINS,Organic,Himalaya Neem Purifying Face Wash
Hitech City 500081,21-12-2025,12:40:22 PM,Biotique Papaya Deep Cleanse Face Wash,"https://instamart-media-assets.swiggy.com/swiggy/image/upload/fl_lossy,f_auto,q_auto,h_544,w_504/34771bc604706dd93a933d8581827d62",Deep cleansing face wash with papaya enzymes,150 ml,22,275,214,5 MINS,Organic,Himalaya Neem Purifying Face Wash
Hitech City 500081,21-12-2025,12:40:22 PM,Clean & Clear Aloe Vera Face Wash,"https://instamart-media-assets.swiggy.com/swiggy/image/upload/fl_lossy,f_auto,q_auto,h_544,w_504/NI_CATALOG/IMAGES/CIW/2024/11/8/a2bab8a4-237d-42c9-8add-2c0bb4d8ba5e_794311_1.png",Oil-free gentle cleanser with aloe vera,150 ml,4,275,264,17 MINS,Organic,Himalaya Neem Purifying Face Wash
Hitech City 500081,21-12-2025,12:40:22 PM,Minimalist Salicylic Acid Face Wash For Acne & Oil Control,"https://instamart-media-assets.swiggy.com/swiggy/image/upload/fl_lossy,f_auto,q_auto,h_544,w_504/NI_CATALOG/IMAGES/CIW/2025/9/9/bc90786f-f699-4d09-8a45-a7cf3294cfdc_18467_1.png",2% Salicylic Acid Face Wash For Acne & Oil Control,100 ml,5,299,284,5 MINS,Organic,Himalaya Neem Purifying Face Wash
Hitech City 500081,21-12-2025,12:40:22 PM,Everyuth Naturals Brightening Lemon & Cherry Face Wash,"https://instamart-media-assets.swiggy.com/swiggy/image/upload/fl_lossy,f_auto,q_auto,h_544,w_504/NI_CATALOG/IMAGES/CIW/2024/5/17/3d292b0a-be81-4ad9-9341-5b0e91b86acf_facewash_XS16HPWM7D_MN.png",Brightening face wash with citrus extracts,150 g,39,225,137,5 MINS,Organic,Himalaya Neem Purifying Face Wash
Hitech City 500081,21-12-2025,12:40:22 PM,Biotique Honey Gel Soothe & Nourish Foaming Face Wash,"https://instamart-media-assets.swiggy.com/swiggy/image/upload/fl_lossy,f_auto,q_auto,h_544,w_504/4d988aec28bc746000ce92962f9331b4",Gentle foaming cleanser with honey,150 ml,10,275,247,17 MINS,Organic,Himalaya Neem Purifying Face Wash
Hitech City 500081,21-12-2025,12:40:22 PM,Clean & Clear Aloe Vera Face Wash,"https://instamart-media-assets.swiggy.com/swiggy/image/upload/fl_lossy,f_auto,q_auto,h_544,w_504/NI_CATALOG/IMAGES/CIW/2024/11/8/8e17d6ee-9224-422d-8d0b-6d8de47a9af6_326947_1.png",Oil-free cleanser with soothing aloe vera,240 ml,15,470,399,17 MINS,Organic,Himalaya Neem Purifying Face Wash
Hitech City 500081,21-12-2025,12:40:22 PM,Mamaearth Vitamin C & Turmeric Foaming Face Wash,"https://instamart-media-assets.swiggy.com/swiggy/image/upload/fl_lossy,f_auto,q_auto,h_544,w_504/NI_CATALOG/IMAGES/CIW/2024/7/13/e8a7e8b8-eb6e-4dd4-9978-f80c671493d5_facewash_U94GM3R0TK_AL2.png",Brightens skin with gentle foaming action.,150 ml,20,399,319,17 MINS,Organic,Himalaya Neem Purifying Face Wash
Hitech City 500081,21-12-2025,12:40:22 PM,Mamaearth Vitamin C Face Wash,"https://instamart-media-assets.swiggy.com/swiggy/image/upload/fl_lossy,f_auto,q_auto,h_544,w_504/NI_CATALOG/IMAGES/CIW/2025/6/24/3a7bc44d-30b6-4045-961b-337b35fbd67d_18097_1.png","Daily face wash for radiant, glowing skin",100 ml,10,269,242,17 MINS,Organic,Himalaya Neem Purifying Face Wash
Hitech City 500081,21-12-2025,12:40:22 PM,Lacto Calamine Face Wash With Kaolin Clay For Oily Skin,"https://instamart-media-assets.swiggy.com/swiggy/image/upload/fl_lossy,f_auto,q_auto,h_544,w_504/NI_CATALOG/IMAGES/CIW/2025/6/30/19e614f5-e825-4501-ba34-98005ec92d58_77156_1.png","Deep Cleansing & Oil Control for Clear, Fresh Skin",100 ml,,,,5 MINS,Organic,Himalaya Neem Purifying Face Wash
Hitech City 500081,21-12-2025,12:40:22 PM,"Garnier Skin Naturals, Facewash, Cleansing And Brightening, Bright Complete","https://instamart-media-assets.swiggy.com/swiggy/image/upload/fl_lossy,f_auto,q_auto,h_544,w_504/NI_CATALOG/IMAGES/CIW/2025/7/3/388dfa93-1f32-4ee4-80be-029d3b0fb767_58023_1.png",Brightening facewash with lemon (non-food),100 g,25,219,164,5 MINS,Organic,Himalaya Neem Purifying Face Wash
Hitech City 500081,21-12-2025,12:40:51 PM,Bombay Shaving Company Sensi Smart 3 Razor,"https://instamart-media-assets.swiggy.com/swiggy/image/upload/fl_lossy,f_auto,q_auto,h_544,w_504/NI_CATALOG/IMAGES/CIW/2025/8/7/d5b0bd6a-2d8e-425c-b000-0000a2d1b0d6_73824_1.png",Triple blade razor for sensitive skin,1 pack,33,149,99,5 MINS,Organic,Bombay Shaving Company Classic Safety Razor
Hitech City 500081,21-12-2025,12:40:51 PM,Bombay Shaving Company Sensi Smart 3 Value Pack Razor with Shaving Foam,"https://instamart-media-assets.swiggy.com/swiggy/image/upload/fl_lossy,f_auto,q_auto,h_544,w_504/NI_CATALOG/IMAGES/CIW/2025/8/7/620036e9-2c63-4ffb-a429-d5ac677a00c4_884357_1.png","Precise Shave, Sensitive Skin Care.",150 g,47,244,129,5 MINS,Organic,Bombay Shaving Company Classic Safety Razor
Hitech City 500081,21-12-2025,12:40:51 PM,Bombay Shaving Company Flexi Stud Razor (Pack of 5),"https://instamart-media-assets.swiggy.com/swiggy/image/upload/fl_lossy,f_auto,q_auto,h_544,w_504/NI_CATALOG/IMAGES/CIW/2025/8/7/8652da86-46c7-4fac-9fee-610d81c4a647_648038_1.png",Premium men’s shaving razor,8 g,28,125,90,5 MINS,Organic,Bombay Shaving Company Classic Safety Razor
Hitech City 500081,21-12-2025,12:40:51 PM,Bombay Shaving Company Sensi Smart 3 Razor Cartridge,"https://instamart-media-assets.swiggy.com/swiggy/image/upload/fl_lossy,f_auto,q_auto,h_544,w_504/NI_CATALOG/IMAGES/CIW/2025/5/19/fbc186d0-8d68-46fa-aaa0-5ffc6cdf73f8_52536_1.png",3-blade refill cartridges for smooth shave,2 pieces,33,149,99,5 MINS,Organic,Bombay Shaving Company Classic Safety Razor
Hitech City 500081,21-12-2025,12:40:51 PM,Bombay Shaving Company Sensi Smart 3 Razor + Cartidges,"https://instamart-media-assets.swiggy.com/swiggy/image/upload/fl_lossy,f_auto,q_auto,h_544,w_504/NI_CATALOG/IMAGES/CIW/2025/5/27/5e682e26-6150-4bc3-811e-ba231479aec8_72567_1.png",,1 combo,33,298,198,5 MINS,Organic,Bombay Shaving Company Classic Safety Razor
Hitech City 500081,21-12-2025,12:40:51 PM,Bombay Shaving Company Sensi Smart 3 Razor + Charcoal Foam 425G,"https://instamart-media-assets.swiggy.com/swiggy/image/upload/fl_lossy,f_auto,q_auto,h_544,w_504/NI_CATALOG/IMAGES/CIW/2024/3/29/82716f63-bb95-498c-82f2-d4f877b37b7c_shavingrazor_WL79MCM3FI_MN.png",,1 combo,30,448,311,5 MINS,Organic,Bombay Shaving Company Classic Safety Razor
Hitech City 500081,21-12-2025,12:40:51 PM,Bombay Shaving Company Sensi Flo6 Razor + Cartidges,"https://instamart-media-assets.swiggy.com/swiggy/image/upload/fl_lossy,f_auto,q_auto,h_544,w_504/NI_CATALOG/IMAGES/CIW/2024/3/29/724d6670-2723-4f3a-9738-b9c3f8a969b7_shavingrazor_M31XJM8V1S_MN.png",,1 combo,8,1398,1278,SOLD OUT,Organic,Bombay Shaving Company Classic Safety Razor
Hitech City 500081,21-12-2025,12:40:51 PM,Bombay Shaving Company Sensi Smart 3 Razor + Shaving Brush,"https://instamart-media-assets.swiggy.com/swiggy/image/upload/fl_lossy,f_auto,q_auto,h_544,w_504/NI_CATALOG/IMAGES/CIW/2024/3/29/ef42a5a2-b51c-44fa-b7af-96a3b7e710e3_shavingrazor_VWYAI9Q5X1_MN.png",,1 combo,19,344,278,SOLD OUT,Organic,Bombay Shaving Company Classic Safety Razor
Hitech City 500081,21-12-2025,12:40:51 PM,"Bombay Shaving Company Premium Shaving Kit for Men (5-in-1 Grooming Combo, 400 g)","https://instamart-media-assets.swiggy.com/swiggy/image/upload/fl_lossy,f_auto,q_auto,h_544,w_504/NI_CATALOG/IMAGES/CIW/2025/8/7/3a17c1b9-dd2e-4298-ad1f-82520554628f_22328_1.png",Elevate your daily ritual into a moment of luxury and self-care.,400 g,43,799,449,5 MINS,Organic,Bombay Shaving Company Classic Safety Razor
Hitech City 500081,21-12-2025,12:40:51 PM,Gillette Mach3 Shaving Blades Cartridges (Pack of 6),"https://instamart-media-assets.swiggy.com/swiggy/image/upload/fl_lossy,f_auto,q_auto,h_544,w_504/NI_CATALOG/IMAGES/CIW/2025/11/11/fb41fb67-61d0-4a4c-952c-863c44588968_14714_1.png",Replacement blades for a smooth Mach 3 shave,6 pieces,5,890,845,5 MINS,Organic,Bombay Shaving Company Classic Safety Razor
Hitech City 500081,21-12-2025,12:40:51 PM,Gillette Presto Ready Shaver 5 Cartridges,"https://instamart-media-assets.swiggy.com/swiggy/image/upload/fl_lossy,f_auto,q_auto,h_544,w_504/NI_CATALOG/IMAGES/CIW/2024/12/9/1d9a93f4-f070-4018-8418-92819433a26b_510_1.png","Disposable razors for quick, clean shaving",5 pieces,,,,5 MINS,Organic,Bombay Shaving Company Classic Safety Razor
Hitech City 500081,21-12-2025,12:40:51 PM,Bombay Shaving Company Charcoal Shaving Cream,"https://instamart-media-assets.swiggy.com/swiggy/image/upload/fl_lossy,f_auto,q_auto,h_544,w_504/NI_CATALOG/IMAGES/CIW/2025/12/20/76483e9a-a314-4bd1-8ccc-dc843676962d_59437_1.png",Smooth lathering shaving cream with charcoal,78 g,16,84,70,5 MINS,Organic,Bombay Shaving Company Classic Safety Razor
Hitech City 500081,21-12-2025,12:40:51 PM,Gillette Venus Simply - Hair Removal Razor For Women 3 Blades,"https://instamart-media-assets.swiggy.com/swiggy/image/upload/fl_lossy,f_auto,q_auto,h_544,w_504/ed914cf97c69aadb8ee4ca159c36ee3f",3-blade disposable razor for smooth shaving,1 Piece,,,,5 MINS,Organic,Bombay Shaving Company Classic Safety Razor
Hitech City 500081,21-12-2025,12:40:51 PM,Gillette Mach3 Razor Light Shaving Razor for Men,"https://instamart-media-assets.swiggy.com/swiggy/image/upload/fl_lossy,f_auto,q_auto,h_544,w_504/NI_CATALOG/IMAGES/CIW/2025/6/6/f69de37b-8385-42da-8146-cf772d0dc035_276334_1.png","Smooth Shave, Precision Engineering.",1 Piece,,,,5 MINS,Organic,Bombay Shaving Company Classic Safety Razor
Hitech City 500081,21-12-2025,12:40:51 PM,Gillette Regular Shaving Foam,"https://instamart-media-assets.swiggy.com/swiggy/image/upload/fl_lossy,f_auto,q_auto,h_544,w_504/b4dac81d4649ef5d2f5a3514fc92bcc0",Rich lather shaving foam for a smooth shave,50 g,,,,5 MINS,Organic,Bombay Shaving Company Classic Safety Razor
Hitech City 500081,21-12-2025,12:40:51 PM,Bombay Shaving Company Charcoal Shaving Foam,"https://instamart-media-assets.swiggy.com/swiggy/image/upload/fl_lossy,f_auto,q_auto,h_544,w_504/f81f4037d2080ed454aa4bc0ca8be474","Smooth Shave, Charcoal-Infused Foam.",428 ml,29,299,212,5 MINS,Organic,Bombay Shaving Company Classic Safety Razor
Hitech City 500081,21-12-2025,12:40:51 PM,Bombae Bombay Shaving Company Rollplay Body Razor For Women,"https://instamart-media-assets.swiggy.com/swiggy/image/upload/fl_lossy,f_auto,q_auto,h_544,w_504/875187039ea12cce0bfb398361277376",Ergonomic razor for smooth and easy body hair removal,1 Piece,,,,17 MINS,Organic,Bombay Shaving Company Classic Safety Razor
Hitech City 500081,21-12-2025,12:40:51 PM,Gillette Guard 3 Razor - With 2 Catridges,"https://instamart-media-assets.swiggy.com/swiggy/image/upload/fl_lossy,f_auto,q_auto,h_544,w_504/af9daa4636ce37953b98a54e66032ca4",Triple blade razor with 2 cartridges,2 pieces,,,,5 MINS,Organic,Bombay Shaving Company Classic Safety Razor
Hitech City 500081,21-12-2025,12:40:51 PM,Gillette Fusion Manual Razor for Men with styling back blade,"https://instamart-media-assets.swiggy.com/swiggy/image/upload/fl_lossy,f_auto,q_auto,h_544,w_504/NI_CATALOG/IMAGES/CIW/2025/9/20/6a102d4c-3ad5-40ec-93f3-048d3d00807f_32286_1.png",Precision manual razor with back styling blade,1 pack,10,425,382,5 MINS,Organic,Bombay Shaving Company Classic Safety Razor
Hitech City 500081,21-12-2025,12:40:51 PM,Bombay Shaving Company Beard Styling Pen,"https://instamart-media-assets.swiggy.com/swiggy/image/upload/fl_lossy,f_auto,q_auto,h_544,w_504/NI_CATALOG/IMAGES/CIW/2025/8/7/5376b8f8-eeb1-42de-bd76-4eddfeac0f4f_428580_1.png","Effortless Styling, Precise Application.",3 pieces,33,299,199,17 MINS,Organic,Bombay Shaving Company Classic Safety Razor
Hitech City 500081,21-12-2025,12:40:51 PM,Bombay Shaving Company 7-in-1 Shaving Kit for Men (Grooming Kit),"https://instamart-media-assets.swiggy.com/swiggy/image/upload/fl_lossy,f_auto,q_auto,h_544,w_504/NI_CATALOG/IMAGES/CIW/2025/8/7/08590a66-329b-4a9e-81eb-7b1fc71c2ec9_212867_1.png",The essential foundation for daily confidence and flawless refinement.,1 pack,47,569,298,17 MINS,Organic,Bombay Shaving Company Classic Safety Razor
Hitech City 500081,21-12-2025,12:40:51 PM,Gillette Mach 3 Manual Shaving Razor,"https://instamart-media-assets.swiggy.com/swiggy/image/upload/fl_lossy,f_auto,q_auto,h_544,w_504/NI_CATALOG/IMAGES/CIW/2025/2/23/141edffd-a4a9-492f-ad98-53b9ae82aa13_14711_1.png",Classic manual razor for smooth shave,1 Piece,5,275,261,5 MINS,Organic,Bombay Shaving Company Classic Safety Razor
Hitech City 500081,21-12-2025,12:40:51 PM,Gillette Series Sensitive Skin With Aloe Shave Gel Pack,"https://instamart-media-assets.swiggy.com/swiggy/image/upload/fl_lossy,f_auto,q_auto,h_544,w_504/NI_CATALOG/IMAGES/CIW/2024/12/9/768af981-bf43-4961-8ca3-c0ebac745e41_22383_1.png","Sensitive Skin, Aloe Vera Soothe.",60 g,,,,5 MINS,Organic,Bombay Shaving Company Classic Safety Razor
Hitech City 500081,21-12-2025,12:40:51 PM,Gillette Classic Foam Shave Regular Lathers Quickly & Hydrates,"https://instamart-media-assets.swiggy.com/swiggy/image/upload/fl_lossy,f_auto,q_auto,h_544,w_504/NI_CATALOG/IMAGES/CIW/2024/12/4/cdc230c5-08c4-45e1-b465-0dcfc9b9b115_9779_1.png","Quick lather, classic clean shave",418 g,,,,5 MINS,Organic,Bombay Shaving Company Classic Safety Razor
Hitech City 500081,21-12-2025,12:40:51 PM,Bombay Shaving Company Natural Antiseptic & Astringent Alum or Fitkari Bar,"https://instamart-media-assets.swiggy.com/swiggy/image/upload/fl_lossy,f_auto,q_auto,h_544,w_504/NI_CATALOG/IMAGES/CIW/2025/11/17/529f36c6-460c-478b-91e2-7d4f8d9c6584_473786_1.png","Natural Shaving, Alum Block.",100 g,50,199,99,5 MINS,Organic,Bombay Shaving Company Classic Safety Razor
Hitech City 500081,21-12-2025,12:40:51 PM,Bombay Shaving Company Charcoal Hair Removal Spray,"https://instamart-media-assets.swiggy.com/swiggy/image/upload/fl_lossy,f_auto,q_auto,h_544,w_504/NI_CATALOG/IMAGES/CIW/2025/5/28/f453e0b6-984e-4a0d-8360-6e3a395d1522_35178_1.png","Effortless Hair Removal, Charcoal Power.",200 g,30,499,349,17 MINS,Organic,Bombay Shaving Company Classic Safety Razor
Hitech City 500081,21-12-2025,12:40:51 PM,Gillette Fusion Shaving 5-Bladed Cartridges (Pack of 6),"https://instamart-media-assets.swiggy.com/swiggy/image/upload/fl_lossy,f_auto,q_auto,h_544,w_504/NI_CATALOG/IMAGES/CIW/2025/11/11/0720545f-a45b-472b-92eb-8f28884bca6f_21459_1.png",Precision shave with 5-blade cartridges,6 pack,4,1722,1636,5 MINS,Organic,Bombay Shaving Company Classic Safety Razor
Hitech City 500081,21-12-2025,12:40:51 PM,Gillette Venus Smooth Hair Removal Razor For Women With Aloe Vera,"https://instamart-media-assets.swiggy.com/swiggy/image/upload/fl_lossy,f_auto,q_auto,h_544,w_504/NI_CATALOG/IMAGES/CIW/2025/4/7/a15e77e6-c726-447f-a460-e00d8ff20fe8_18101_1.png","Aloe-infused razor for a close, smooth shave",1 Piece,,,,5 MINS,Organic,Bombay Shaving Company Classic Safety Razor
Hitech City 500081,21-12-2025,12:40:51 PM,Gillette Mach3 Cartridge Blade,"https://instamart-media-assets.swiggy.com/swiggy/image/upload/fl_lossy,f_auto,q_auto,h_544,w_504/NI_CATALOG/IMAGES/CIW/2025/1/22/722fbb46-7352-4d48-a8e5-6699e425200d_1609_1.png",Precision 3-blade cartridge for smooth shave,1 Piece,,,,5 MINS,Organic,Bombay Shaving Company Classic Safety Razor
Hitech City 500081,21-12-2025,12:40:51 PM,"Bombay Shaving Company 9-in-1 Grooming Kit for Men (Perfect Gift Set, 250 g)","https://instamart-media-assets.swiggy.com/swiggy/image/upload/fl_lossy,f_auto,q_auto,h_544,w_504/NI_CATALOG/IMAGES/CIW/2025/8/7/b922f54a-c916-453b-8f19-7010d32af1cb_699755_1.png",The ultimate collection for a refined daily ritual.,250 g,52,949,449,5 MINS,Organic,Bombay Shaving Company Classic Safety Razor
Hitech City 500081,21-12-2025,12:40:51 PM,LetsShave Pro 2 Plus Disposable Twin Blade Shaving Men's Razor - Set of 5,"https://instamart-media-assets.swiggy.com/swiggy/image/upload/fl_lossy,f_auto,q_auto,h_544,w_504/NI_CATALOG/IMAGES/CIW/2025/6/27/dda0a6de-5ced-4197-b7fb-5c3a5f6f1fb6_58073_1.png","Premium twin-blade disposable razor for a close, smooth shave",5 pieces,,,,5 MINS,Organic,Bombay Shaving Company Classic Safety Razor
Hitech City 500081,21-12-2025,12:40:51 PM,Gillette Mach 3 Shaving Blades And Pre Shave Foam Classic Sensitive Skin,"https://instamart-media-assets.swiggy.com/swiggy/image/upload/fl_lossy,f_auto,q_auto,h_544,w_504/b8fef394304022f200980dbd25538b9b",Smooth shave with sensitive care formula,1 combo,3,1180,1135,5 MINS,Organic,Bombay Shaving Company Classic Safety Razor
Hitech City 500081,21-12-2025,12:41:20 PM,Himalaya Natural Glow Kesar Face Wash,"https://instamart-media-assets.swiggy.com/swiggy/image/upload/fl_lossy,f_auto,q_auto,h_544,w_504/NI_CATALOG/IMAGES/CIW/2025/2/26/a6c2196b-b0a9-4883-9b06-43b07d25d1b9_62028_1.png",Brightening face wash with saffron for glowing skin,150 ml,17,279,229,5 MINS,Organic,Himalaya Brightening Blueberry Face Wash
Hitech City 500081,21-12-2025,12:41:20 PM,Pure Sense Guava Groove Face Wash with 2% Salicylic Acid Fights acne and Controls excess oil,"https://instamart-media-assets.swiggy.com/swiggy/image/upload/fl_lossy,f_auto,q_auto,h_544,w_504/NI_CATALOG/IMAGES/CIW/2024/5/25/90b3c69b-6499-443e-bae1-f8af45f46f20_facewash_6KVUJHDVSZ_MN.png",Fights acne and controls oil with salicylic acid.,100 ml,22,295,230,17 MINS,Organic,Himalaya Brightening Blueberry Face Wash
Hitech City 500081,21-12-2025,12:41:20 PM,Parachute Pure Coconut Oil,"https://instamart-media-assets.swiggy.com/swiggy/image/upload/fl_lossy,f_auto,q_auto,h_544,w_504/NI_CATALOG/IMAGES/CIW/2024/4/2/6e299a16-3ee1-4ce3-b590-57f78135d7c0_hairandbodyoils_K8167JQB2X_MN.png",Pure and natural coconut oil,200 ml,5,155,147,5 MINS,Organic,Himalaya Brightening Blueberry Face Wash
Hitech City 500081,21-12-2025,12:41:20 PM,Himalaya Purifying Neem Face Wash,"https://instamart-media-assets.swiggy.com/swiggy/image/upload/fl_lossy,f_auto,q_auto,h_544,w_504/NI_CATALOG/IMAGES/CIW/2025/7/21/bc908fc2-ec2a-4a6a-bc67-57db82b3e763_1319_01.png",Applied for Anti-acne & Pimples,100 ml,12,189,166,5 MINS,Organic,Himalaya Brightening Blueberry Face Wash
Hitech City 500081,21-12-2025,12:41:20 PM,Lux Shower Gel Black Orchid Fragrance & Juniper Oil Bodywash,"https://instamart-media-assets.swiggy.com/swiggy/image/upload/fl_lossy,f_auto,q_auto,h_544,w_504/NI_CATALOG/IMAGES/CIW/2025/3/17/ee26a6c2-9b67-431f-90e4-be91859f8da1_17782_1.png",Luxurious bodywash with orchid and juniper,245 ml,,,,5 MINS,Organic,Himalaya Brightening Blueberry Face Wash
Hitech City 500081,21-12-2025,12:41:20 PM,Plum 2% Niacinamide Face Wash for bright skin,"https://instamart-media-assets.swiggy.com/swiggy/image/upload/fl_lossy,f_auto,q_auto,h_544,w_504/NI_CATALOG/IMAGES/ciw/2025/8/22/82aecd3f-7f8c-467c-9312-7a7de47d21d1_NPI-025458_1_20250822_070040.png",,50 ml,35,199,129,5 MINS,Organic,Himalaya Brightening Blueberry Face Wash
Hitech City 500081,21-12-2025,12:41:20 PM,O3+ Brightening & Whitening Face Wash,"https://instamart-media-assets.swiggy.com/swiggy/image/upload/fl_lossy,f_auto,q_auto,h_544,w_504/NI_CATALOG/IMAGES/CIW/2025/5/27/e3f1bf4c-43d6-454e-8326-b42628eee88e_815636_1.png",,100 ml,7,485,451,17 MINS,Organic,Himalaya Brightening Blueberry Face Wash
Hitech City 500081,21-12-2025,12:41:20 PM,Dot & Key Barrier Repair + Hydrating Gentle Face Wash,"https://instamart-media-assets.swiggy.com/swiggy/image/upload/fl_lossy,f_auto,q_auto,h_544,w_504/NI_CATALOG/IMAGES/CIW/2025/8/31/8b318655-b301-4caf-80b1-3a49b1f12ba1_42717_1.png","Repair & Hydrate, Gentle Cleanse.",100 g,14,249,214,5 MINS,Organic,Himalaya Brightening Blueberry Face Wash
Hitech City 500081,21-12-2025,12:41:20 PM,Pond's Bright Beauty Spot-less Glow Face Wash,"https://instamart-media-assets.swiggy.com/swiggy/image/upload/fl_lossy,f_auto,q_auto,h_544,w_504/NI_CATALOG/IMAGES/CIW/2024/5/15/2feb12ce-fc27-4d38-8d3b-35a2dfbf010b_facewash_2DWIH9264C_MN.png",Spotless glow facewash with vitamins,50 g,,,,5 MINS,Organic,Himalaya Brightening Blueberry Face Wash
Hitech City 500081,21-12-2025,12:41:20 PM,Biotique Fruit Brightening Face Wash,"https://instamart-media-assets.swiggy.com/swiggy/image/upload/fl_lossy,f_auto,q_auto,h_544,w_504/NI_CATALOG/IMAGES/CIW/2024/5/25/c5338cec-faf7-4b88-b007-6fe8e55227e4_facewash_K360L8T2CA_MN.png",Brightening face wash with fruit extracts,200 ml,26,320,234,5 MINS,Organic,Himalaya Brightening Blueberry Face Wash
Hitech City 500081,21-12-2025,12:41:20 PM,Everyuth Naturals Brightening Lemon & Cherry Face Wash,"https://instamart-media-assets.swiggy.com/swiggy/image/upload/fl_lossy,f_auto,q_auto,h_544,w_504/NI_CATALOG/IMAGES/CIW/2024/5/17/3d292b0a-be81-4ad9-9341-5b0e91b86acf_facewash_XS16HPWM7D_MN.png",Brightening face wash with citrus extracts,150 g,39,225,137,5 MINS,Organic,Himalaya Brightening Blueberry Face Wash
Hitech City 500081,21-12-2025,12:41:20 PM,Biotique Fruit Brightening Face Wash,"https://instamart-media-assets.swiggy.com/swiggy/image/upload/fl_lossy,f_auto,q_auto,h_544,w_504/3c2208591ca1299a9bf813d2c9ea0e06",Ayurvedic blend for radiant skin with fruit extracts,150 ml,10,250,225,5 MINS,Organic,Himalaya Brightening Blueberry Face Wash
Hitech City 500081,21-12-2025,12:41:20 PM,Lakme Blush & Glow Strawberry Face Wash,"https://instamart-media-assets.swiggy.com/swiggy/image/upload/fl_lossy,f_auto,q_auto,h_544,w_504/NI_CATALOG/IMAGES/CIW/2024/7/12/73a39484-4efd-4111-9c23-6c138b3fce11_facewash_0WBHZOZLFW_MN.png",Gentle glow face wash with strawberry,100 g,24,269,202,5 MINS,Organic,Himalaya Brightening Blueberry Face Wash
Hitech City 500081,21-12-2025,12:41:20 PM,Minimalist Salicylic Acid Face Wash For Acne & Oil Control,"https://instamart-media-assets.swiggy.com/swiggy/image/upload/fl_lossy,f_auto,q_auto,h_544,w_504/NI_CATALOG/IMAGES/CIW/2025/9/9/bc90786f-f699-4d09-8a45-a7cf3294cfdc_18467_1.png",2% Salicylic Acid Face Wash For Acne & Oil Control,100 ml,5,299,284,5 MINS,Organic,Himalaya Brightening Blueberry Face Wash
Hitech City 500081,21-12-2025,12:41:20 PM,Himalaya Purifying Neem Face Wash,"https://instamart-media-assets.swiggy.com/swiggy/image/upload/fl_lossy,f_auto,q_auto,h_544,w_504/NI_CATALOG/IMAGES/CIW/2025/7/21/59c22e93-d9c4-4778-828d-264bff4c28be_45133_01.png","Purifying Cleanse, Neem Power.",400 ml,25,599,449,5 MINS,Organic,Himalaya Brightening Blueberry Face Wash
Hitech City 500081,21-12-2025,12:41:20 PM,Pond's Super Light Gel Oil-Free Moisturize with Hyaluronic Acid & Vitamin E,"https://instamart-media-assets.swiggy.com/swiggy/image/upload/fl_lossy,f_auto,q_auto,h_544,w_504/NI_CATALOG/IMAGES/CIW/2025/9/4/38420ffb-ebac-460c-8d0b-5fa39b583c11_747425_1.png",Oil-free gel with hyaluronic acid & vitamin E,100 ml,22,310,239,5 MINS,Organic,Himalaya Brightening Blueberry Face Wash
Hitech City 500081,21-12-2025,12:41:20 PM,Simple Kind To Skin Refreshing Facial Wash,"https://instamart-media-assets.swiggy.com/swiggy/image/upload/fl_lossy,f_auto,q_auto,h_544,w_504/NI_CATALOG/IMAGES/CIW/2025/6/6/a23d88a8-ee26-4692-aabb-93bc6edbf4db_941485_1.png",,100 ml,10,275,247,5 MINS,Organic,Himalaya Brightening Blueberry Face Wash
Hitech City 500081,21-12-2025,12:41:20 PM,Himalaya Purifying Neem Face Wash,"https://instamart-media-assets.swiggy.com/swiggy/image/upload/fl_lossy,f_auto,q_auto,h_544,w_504/NI_CATALOG/IMAGES/CIW/2025/7/21/df1c3b57-6d59-4cf2-b5aa-ba6f93154af7_1320_01.png","Purifying Cleanse, Neem Power.",200 ml,18,449,368,17 MINS,Organic,Himalaya Brightening Blueberry Face Wash
Hitech City 500081,21-12-2025,12:41:20 PM,mCaffeine Brightening Raspberry Rush Body Wash,"https://instamart-media-assets.swiggy.com/swiggy/image/upload/fl_lossy,f_auto,q_auto,h_544,w_504/NI_CATALOG/IMAGES/CIW/2025/7/4/76557edd-5743-41c1-8f68-91da77eaf32c_647030_1.png",Fragrant body wash for glowing skin,300 ml,15,399,339,5 MINS,Organic,Himalaya Brightening Blueberry Face Wash
Hitech City 500081,21-12-2025,12:41:20 PM,Garnier Acno Fight Anti-Pimple Face Wash for Men,"https://instamart-media-assets.swiggy.com/swiggy/image/upload/fl_lossy,f_auto,q_auto,h_544,w_504/NI_CATALOG/IMAGES/CIW/2025/7/3/c519707c-50a3-4771-a841-147414c5389b_176_1.png",Applied for Anti-acne & Pimples,100 g,35,299,194,5 MINS,Organic,Himalaya Brightening Blueberry Face Wash
Hitech City 500081,21-12-2025,12:41:20 PM,"Garnier Men, Face Wash, Brightening & Anti-Pollution, Turbobright Double Action","https://instamart-media-assets.swiggy.com/swiggy/image/upload/fl_lossy,f_auto,q_auto,h_544,w_504/NI_CATALOG/IMAGES/CIW/2025/7/21/f624b259-53a0-4f29-8848-a1b0483c57a7_9353_1.png","Deep Cleanse, Oil Control.",100 g,35,319,207,5 MINS,Organic,Himalaya Brightening Blueberry Face Wash
Hitech City 500081,21-12-2025,12:41:20 PM,Glow & Lovely Advanced Multi Vitamin Face Cream (Packaging Might Vary),"https://instamart-media-assets.swiggy.com/swiggy/image/upload/fl_lossy,f_auto,q_auto,h_544,w_504/NI_CATALOG/IMAGES/CIW/2025/6/11/d9f2b720-0c95-4317-9b28-a9ddfb7ad5df_8215_1.png",Daily face cream enriched with multivitamins,50 g,,,,5 MINS,Organic,Himalaya Brightening Blueberry Face Wash
Hitech City 500081,21-12-2025,12:41:20 PM,Clean & Clear Foaming Face Wash,"https://instamart-media-assets.swiggy.com/swiggy/image/upload/fl_lossy,f_auto,q_auto,h_544,w_504/ixavngmca1fvckii5b38","Deep Cleanse, Foaming Formula.",100 ml,8,199,183,5 MINS,Organic,Himalaya Brightening Blueberry Face Wash
Hitech City 500081,21-12-2025,12:41:20 PM,"Garnier Skin Naturals, Facewash, Cleansing And Brightening, Bright Complete","https://instamart-media-assets.swiggy.com/swiggy/image/upload/fl_lossy,f_auto,q_auto,h_544,w_504/NI_CATALOG/IMAGES/CIW/2025/7/3/388dfa93-1f32-4ee4-80be-029d3b0fb767_58023_1.png",Brightening facewash with lemon (non-food),100 g,25,219,164,5 MINS,Organic,Himalaya Brightening Blueberry Face Wash
Hitech City 500081,21-12-2025,12:41:20 PM,Wow Skin Science Brightening Vitamin C Foaming Face Wash,"https://instamart-media-assets.swiggy.com/swiggy/image/upload/fl_lossy,f_auto,q_auto,h_544,w_504/NI_CATALOG/IMAGES/CIW/2024/8/12/821f9d2c-c339-4a68-97e0-ca194dac1fa2_8296_1.png",Foaming Face Cleanser with Built-In Brush | Brightens & Tones Skin,150 ml,17,399,331,17 MINS,Organic,Himalaya Brightening Blueberry Face Wash
Hitech City 500081,21-12-2025,12:41:20 PM,Himalaya Purifying Neem Foaming Face Wash,"https://instamart-media-assets.swiggy.com/swiggy/image/upload/fl_lossy,f_auto,q_auto,h_544,w_504/NI_CATALOG/IMAGES/CIW/2025/3/21/3d0afdf5-a858-4f6a-8f77-e0cca792e82f_3801_1.png",Purifying face wash with neem & turmeric,150 ml,14,299,257,17 MINS,Organic,Himalaya Brightening Blueberry Face Wash
Hitech City 500081,21-12-2025,12:41:20 PM,Pears Pure & Gentle Body Wash,"https://instamart-media-assets.swiggy.com/swiggy/image/upload/fl_lossy,f_auto,q_auto,h_544,w_504/NI_CATALOG/IMAGES/CIW/2025/10/24/2a39f084-a42f-4788-bfa9-b7adc9d11a26_4063_1.png",Gentle body wash with glycerin,250 ml,12,140,122,5 MINS,Organic,Himalaya Brightening Blueberry Face Wash
Hitech City 500081,21-12-2025,12:41:20 PM,Mamaearth Rice Face Wash With Rice Water Niacinamide for Glass Skin,"https://instamart-media-assets.swiggy.com/swiggy/image/upload/fl_lossy,f_auto,q_auto,h_544,w_504/NI_CATALOG/IMAGES/CIW/2024/7/10/d8ff2ddb-c797-4dcf-971e-a2b085c9b87a_facewash_D9O627T47T_MN.png",,100 ml x 2,20,538,430,5 MINS,Organic,Himalaya Brightening Blueberry Face Wash
Hitech City 500081,21-12-2025,12:41:20 PM,Pond's Bright Beauty Facewash,"https://instamart-media-assets.swiggy.com/swiggy/image/upload/fl_lossy,f_auto,q_auto,h_544,w_504/NI_CATALOG/IMAGES/CIW/2024/5/7/b157847e-ad93-4646-ae17-ed8276ea570e_facewash_7XVVHTGGCL_MN.png",Brightening facewash for radiant skin,150 g,32,359,244,5 MINS,Organic,Himalaya Brightening Blueberry Face Wash
Hitech City 500081,21-12-2025,12:41:20 PM,Vaseline Gluta Hya Dewy Radiance,"https://instamart-media-assets.swiggy.com/swiggy/image/upload/fl_lossy,f_auto,q_auto,h_544,w_504/b02873b6bb918e0df92b05ee93cf0947",Body lotion with gluta and hyaluronic acid,200 ml,33,380,253,5 MINS,Organic,Himalaya Brightening Blueberry Face Wash
Hitech City 500081,21-12-2025,12:41:20 PM,ENN Beauty Litt Up Skin Brightening Face Wash - Tan Removal,"https://instamart-media-assets.swiggy.com/swiggy/image/upload/fl_lossy,f_auto,q_auto,h_544,w_504/NI_CATALOG/IMAGES/CIW/2024/7/1/56ad1db7-576b-4114-8671-c5bf3d11d4a3_facewash_I9XLTPLAXB_MN.png",Skin Brightening Face Wash | Tan Removal & Glow Boost,100 ml,17,350,290,17 MINS,Organic,Himalaya Brightening Blueberry Face Wash
Hitech City 500081,21-12-2025,12:41:20 PM,mCaffeine Brightening Raspberry Rush Body Scrub,"https://instamart-media-assets.swiggy.com/swiggy/image/upload/fl_lossy,f_auto,q_auto,h_544,w_504/NI_CATALOG/IMAGES/CIW/2025/3/8/d47c25a1-2fd1-4e89-a880-73a7c11444ec_694212_1.png",Exfoliating scrub with raspberry fragrance,175 g,14,449,382,5 MINS,Organic,Himalaya Brightening Blueberry Face Wash
LB Nagar 500074,21-12-2025,12:42:18 PM,Mangaldeep 3 in 1 Agarbatti Premium quality charcoal free Long lasting fragrances,"https://instamart-media-assets.swiggy.com/swiggy/image/upload/fl_lossy,f_auto,q_auto,h_544,w_504/NI_CATALOG/IMAGES/CIW/2024/4/24/96f66387-ed8d-40f8-80f4-1805e12200ba_poojaneeds_QP2ADLFNUI_MN.png",Charcoal-free agarbatti with long-lasting fragrance,106 g,15,65,55,6 MINS,Organic,Mangaldeep 3 in 1 Premium Incense
LB Nagar 500074,21-12-2025,12:42:18 PM,Mangaldeep Scent 3 in1 Incense Pack,"https://instamart-media-assets.swiggy.com/swiggy/image/upload/fl_lossy,f_auto,q_auto,h_544,w_504/NI_CATALOG/IMAGES/CIW/2025/4/4/c13cac9b-03c1-4413-9f07-692a41b48226_80710_1.png",Invigorate Your Senses with Long-Lasting Aroma,213 g,12,125,110,6 MINS,Organic,Mangaldeep 3 in 1 Premium Incense
LB Nagar 500074,21-12-2025,12:42:18 PM,"Mangaldeep Chandan 3 In1 Agarbatti Classic Chandan, Rose Chandan & Jasmine Chandan","https://instamart-media-assets.swiggy.com/swiggy/image/upload/fl_lossy,f_auto,q_auto,h_544,w_504/NI_CATALOG/IMAGES/CIW/2024/4/24/c870f1f0-625e-4379-a3b9-7b46761ee005_poojaneeds_28BKHOZNVI_MN.png","Fragrant Trio of Classic Chandan, Rose & Jasmine Incense",226 g,12,125,110,6 MINS,Organic,Mangaldeep 3 in 1 Premium Incense
LB Nagar 500074,21-12-2025,12:42:18 PM,Mangaldeep Scent Radiance Burst - Luxury Incense Sticks,"https://instamart-media-assets.swiggy.com/swiggy/image/upload/fl_lossy,f_auto,q_auto,h_544,w_504/NI_CATALOG/IMAGES/CIW/2025/11/20/647d086a-e040-4a27-bc55-465a473154f6_462812_1.png",,40 Sticks,12,225,198,SOLD OUT,Organic,Mangaldeep 3 in 1 Premium Incense
LB Nagar 500074,21-12-2025,12:42:18 PM,"Homelites Matchbox (5 Pieces, Small)","https://instamart-media-assets.swiggy.com/swiggy/image/upload/fl_lossy,f_auto,q_auto,h_544,w_504/ec26dc129444d099b9c38c63bd56223e",Reliable matchsticks for everyday or pooja use,1 box,10,10,9,6 MINS,Organic,Mangaldeep 3 in 1 Premium Incense
LB Nagar 500074,21-12-2025,12:42:18 PM,Shubhkart Darshana Camphor Puja Oil,"https://instamart-media-assets.swiggy.com/swiggy/image/upload/fl_lossy,f_auto,q_auto,h_544,w_504/NI_CATALOG/IMAGES/CIW/2024/11/18/344b3dc3-0ed4-4f53-85f5-bae3402d374e_25939_1.png",Pure Camphor Oil for Spiritual Rituals,450 ml,15,108,91,6 MINS,Organic,Mangaldeep 3 in 1 Premium Incense
LB Nagar 500074,21-12-2025,12:42:18 PM,Mangaldeep Temple Sandalwood and Oud - Premium Incense Cups,"https://instamart-media-assets.swiggy.com/swiggy/image/upload/fl_lossy,f_auto,q_auto,h_544,w_504/NI_CATALOG/IMAGES/CIW/2025/2/13/dcaef1bb-d37e-4c7d-b927-3bee6b588157_458562_1.png",Premium incense cups with temple-grade sandalwood and oud,15 pieces,10,300,270,6 MINS,Organic,Mangaldeep 3 in 1 Premium Incense
LB Nagar 500074,21-12-2025,12:42:18 PM,Mangaldeep Sandal Agarbatti,"https://instamart-media-assets.swiggy.com/swiggy/image/upload/fl_lossy,f_auto,q_auto,h_544,w_504/f158c3690db13ceecc5a2ae86b8bd0ca",Sandalwood-scented incense sticks,1 pack,10,65,58,6 MINS,Organic,Mangaldeep 3 in 1 Premium Incense
LB Nagar 500074,21-12-2025,12:42:18 PM,Gold Winner Kaleesuwari deepam oil bottle,"https://instamart-media-assets.swiggy.com/swiggy/image/upload/fl_lossy,f_auto,q_auto,h_544,w_504/kbjoltw6gdq5olcxfwvd",Light Your Tradition with Pure Deepam Oil,500 ml,6,111,104,6 MINS,Organic,Mangaldeep 3 in 1 Premium Incense
LB Nagar 500074,21-12-2025,12:42:18 PM,Shubhkart Nirmal 3 In 1 Premium Agarbatti,"https://instamart-media-assets.swiggy.com/swiggy/image/upload/fl_lossy,f_auto,q_auto,h_544,w_504/NI_CATALOG/IMAGES/CIW/2024/11/27/b97f755b-81e0-4169-bfd1-fd1665893c73_927663_1.png",Premium agarbatti combo with 3 divine fragrances,110 g,27,65,47,6 MINS,Organic,Mangaldeep 3 in 1 Premium Incense
LB Nagar 500074,21-12-2025,12:42:18 PM,Cycle Pure Naivedya Cup Sambrani,"https://instamart-media-assets.swiggy.com/swiggy/image/upload/fl_lossy,f_auto,q_auto,h_544,w_504/NI_CATALOG/IMAGES/CIW/2025/8/13/742db789-4b8c-4406-93bc-3de641674471_589212_1.png",Sambrani incense in cup form for pure and divine ambiance,15 pieces,5,90,85,6 MINS,Organic,Mangaldeep 3 in 1 Premium Incense
LB Nagar 500074,21-12-2025,12:42:18 PM,OM BHAKTI Camphor (Small),"https://instamart-media-assets.swiggy.com/swiggy/image/upload/fl_lossy,f_auto,q_auto,h_544,w_504/NI_CATALOG/IMAGES/CIW/2025/7/28/eab80570-5f4b-46fa-bc98-b9165b5a1fb8_51604_1.png",Small-size pure camphor tablets for puja,1 pack,5,59,56,6 MINS,Organic,Mangaldeep 3 in 1 Premium Incense
LB Nagar 500074,21-12-2025,12:42:18 PM,Campure Camphor Cone Freshener Sandalwood,"https://instamart-media-assets.swiggy.com/swiggy/image/upload/fl_lossy,f_auto,q_auto,h_544,w_504/NI_CATALOG/IMAGES/CIW/2024/11/18/d1189db6-1723-40fe-a782-379c7e35c967_15367_1.png",Long-lasting natural camphor cone for air purification,60 g,8,199,183,6 MINS,Organic,Mangaldeep 3 in 1 Premium Incense
LB Nagar 500074,21-12-2025,12:42:18 PM,OM BHAKTI - Pancha Deepa Oil Bottle,"https://instamart-media-assets.swiggy.com/swiggy/image/upload/fl_lossy,f_auto,q_auto,h_544,w_504/NI_CATALOG/IMAGES/CIW/2025/10/14/c42f0766-cd97-40be-9ce1-b7bd6a156a2f_65009_1.png",Pure pooja lighting,1 ltr x 2,4,498,474,6 MINS,Organic,Mangaldeep 3 in 1 Premium Incense
LB Nagar 500074,21-12-2025,12:42:18 PM,Mangaldeep Scent Cool Splash - Luxury Incense Sticks,"https://instamart-media-assets.swiggy.com/swiggy/image/upload/fl_lossy,f_auto,q_auto,h_544,w_504/NI_CATALOG/IMAGES/CIW/2025/11/20/38f1f64a-d407-4b30-bac8-a21f408c689c_288542_1.png",,40 Sticks,12,225,198,6 MINS,Organic,Mangaldeep 3 in 1 Premium Incense
LB Nagar 500074,21-12-2025,12:42:18 PM,Mangaldeep Bambooless Dhoop Stick 4 in 1 Jar,"https://instamart-media-assets.swiggy.com/swiggy/image/upload/fl_lossy,f_auto,q_auto,h_544,w_504/NI_CATALOG/IMAGES/CIW/2024/10/10/255b9381-f097-460b-aee8-2696c2f1dcaf_902961_1.png",Multipurpose dhoop with four divine fragrances,200 g,16,150,126,6 MINS,Organic,Mangaldeep 3 in 1 Premium Incense
LB Nagar 500074,21-12-2025,12:42:18 PM,Mangaldeep Treya Cup Sambrani,"https://instamart-media-assets.swiggy.com/swiggy/image/upload/fl_lossy,f_auto,q_auto,h_544,w_504/NI_CATALOG/IMAGES/CIW/2024/10/4/c3f7b699-0b83-4391-bcf3-210f49039d37_29014_1.png",Cup-shaped sambrani incense,9 pieces,8,75,69,6 MINS,Organic,Mangaldeep 3 in 1 Premium Incense
LB Nagar 500074,21-12-2025,12:42:18 PM,Mangaldeep Treya Sambrani Sticks - Fragrances Sambrani Sticks,"https://instamart-media-assets.swiggy.com/swiggy/image/upload/fl_lossy,f_auto,q_auto,h_544,w_504/a3a5c0ada1e3d95c08eb2b7b1218a6fa",Fragrant traditional Sambrani sticks,140 g,10,60,54,6 MINS,Organic,Mangaldeep 3 in 1 Premium Incense
LB Nagar 500074,21-12-2025,12:42:18 PM,Mangaldeep Sugriha Mosquito Repellant Incense - Lemongrass,"https://instamart-media-assets.swiggy.com/swiggy/image/upload/fl_lossy,f_auto,q_auto,h_544,w_504/NI_CATALOG/IMAGES/CIW/2025/7/23/a562c588-3a0d-45d9-a622-aaad8fcbe3bc_866954_01.png",,40 Sticks,4,165,157,6 MINS,Organic,Mangaldeep 3 in 1 Premium Incense
LB Nagar 500074,21-12-2025,12:42:18 PM,Mangaldeep Scent Premium Bambooless Dhoop Sticks with Black Oudh fragrance,"https://instamart-media-assets.swiggy.com/swiggy/image/upload/fl_lossy,f_auto,q_auto,h_544,w_504/NI_CATALOG/IMAGES/CIW/2024/10/20/0b410f83-204f-4d69-a600-9964887b4184_854918_1.png",Luxury dhoop sticks with black oudh scent,1 pack,10,250,225,6 MINS,Organic,Mangaldeep 3 in 1 Premium Incense
LB Nagar 500074,21-12-2025,12:42:18 PM,Mangaldeep Scent Premium Dhoop Cones - with Lavender & Amber fragrances (40 cones),"https://instamart-media-assets.swiggy.com/swiggy/image/upload/fl_lossy,f_auto,q_auto,h_544,w_504/NI_CATALOG/IMAGES/CIW/2024/10/21/dd2424ea-bcb5-44b6-bdcc-bcb68960e700_143034_1.png",Premium dhoop cones with calming fragrances,40 pieces,10,150,135,6 MINS,Organic,Mangaldeep 3 in 1 Premium Incense
LB Nagar 500074,21-12-2025,12:42:18 PM,Cycle Pure Four Seasons Premium Bambooless Incense,"https://instamart-media-assets.swiggy.com/swiggy/image/upload/fl_lossy,f_auto,q_auto,h_544,w_504/NI_CATALOG/IMAGES/CIW/2024/7/21/8e0470f3-30dc-49d2-b775-f135eae5527d_poojaneeds_H7US8DPGU7_MN.png",Premium bambooless incense with four unique fragrances,240 g,,,,6 MINS,Organic,Mangaldeep 3 in 1 Premium Incense
LB Nagar 500074,21-12-2025,12:42:18 PM,Mangaldeep Temple Bambooless Premium Dhoop Sticks - with fragrance of Javadhu,"https://instamart-media-assets.swiggy.com/swiggy/image/upload/fl_lossy,f_auto,q_auto,h_544,w_504/NI_CATALOG/IMAGES/CIW/2024/10/20/b88cf83a-3dae-4aae-9c8b-2ab60d8cc75a_749928_1.png",Premium temple dhoop sticks with Javadhu fragrance,30 Sticks,10,250,225,6 MINS,Organic,Mangaldeep 3 in 1 Premium Incense
LB Nagar 500074,21-12-2025,12:42:18 PM,Mangaldeep Sandalwood & Patchouli Temple Premium Dhoop Cones (40 cones),"https://instamart-media-assets.swiggy.com/swiggy/image/upload/fl_lossy,f_auto,q_auto,h_544,w_504/NI_CATALOG/IMAGES/CIW/2024/10/20/421ace95-78bb-4229-af7f-6c1f081f2747_726389_1.png",Premium temple dhoop cones with rich aroma,40 pieces,10,150,135,6 MINS,Organic,Mangaldeep 3 in 1 Premium Incense
LB Nagar 500074,21-12-2025,12:42:18 PM,Goodknight Flash Liquid Vaporiser - Mosquito Repellent - Machine + 3 Refills (Packaging Might Vary),"https://instamart-media-assets.swiggy.com/swiggy/image/upload/fl_lossy,f_auto,q_auto,h_544,w_504/NI_CATALOG/IMAGES/CIW/2025/8/13/aef7f787-4306-4679-9255-81d2fc46bbfc_9983_1.png",Mosquito machine + 3 refills for instant protection,1 pack,2,275,267,6 MINS,Organic,Mangaldeep 3 in 1 Premium Incense
LB Nagar 500074,21-12-2025,12:42:18 PM,Mangaldeep Sankalp Pooja Camphor - Infused With Bhimseni,"https://instamart-media-assets.swiggy.com/swiggy/image/upload/fl_lossy,f_auto,q_auto,h_544,w_504/NI_CATALOG/IMAGES/CIW/2025/7/28/778bae92-ccc5-4cd9-8070-1615ba850177_712301_1.png",Camphor infused with Bhimseni for pooja use,50 g,12,100,88,6 MINS,Organic,Mangaldeep 3 in 1 Premium Incense
LB Nagar 500074,21-12-2025,12:42:18 PM,Shubhkart Nirmal Chandan Dry Cone Dhoop,"https://instamart-media-assets.swiggy.com/swiggy/image/upload/fl_lossy,f_auto,q_auto,h_544,w_504/NI_CATALOG/IMAGES/CIW/2024/7/13/e26493ee-f092-4ac3-a9cf-78c0a5d9b065_poojaneeds_J9M9SGQL3X_MN.png",Dry chandan-scented dhoop cones for daily rituals,10 pieces,8,12,11,6 MINS,Organic,Mangaldeep 3 in 1 Premium Incense
LB Nagar 500074,21-12-2025,12:42:18 PM,Campure air freshener and car freshner insta sandalwood,"https://instamart-media-assets.swiggy.com/swiggy/image/upload/fl_lossy,f_auto,q_auto,h_544,w_504/NI_CATALOG/IMAGES/CIW/2025/1/4/37e72916-26ec-4c73-bb40-d5f89093df76_868494_1.png",Instant Sandalwood Freshness for Home & Car,1 pack,10,120,108,6 MINS,Organic,Mangaldeep 3 in 1 Premium Incense
LB Nagar 500074,21-12-2025,12:42:18 PM,"Mangaldeep 3 In1 Wet Dhoop: Made With Desi Ghee, Resins & Herbs","https://instamart-media-assets.swiggy.com/swiggy/image/upload/fl_lossy,f_auto,q_auto,h_544,w_504/9aaf1eb70d2f093e4d67317f449a2826",Aromatic dhoop with ghee and natural herbs,140 g,10,60,54,6 MINS,Organic,Mangaldeep 3 in 1 Premium Incense
LB Nagar 500074,21-12-2025,12:42:18 PM,Mangaldeep Scent Luxe Collections Gift Box,"https://instamart-media-assets.swiggy.com/swiggy/image/upload/fl_lossy,f_auto,q_auto,h_544,w_504/NI_CATALOG/IMAGES/CIW/2025/10/17/19601f8b-757e-41cf-9ff3-eb42fbec260c_557944_1.png",,1 pack,50,999,499,6 MINS,Organic,Mangaldeep 3 in 1 Premium Incense
LB Nagar 500074,21-12-2025,12:42:18 PM,Mangaldeep Temple Sanctum Camphor & Amber Agarbatti,"https://instamart-media-assets.swiggy.com/swiggy/image/upload/fl_lossy,f_auto,q_auto,h_544,w_504/NI_CATALOG/IMAGES/CIW/2024/9/17/43755a43-5b87-4312-8b2f-36a9a3a8aff8_766741_1.png",Traditional Religious Essentials,20 Sticks,26,100,74,6 MINS,Organic,Mangaldeep 3 in 1 Premium Incense
LB Nagar 500074,21-12-2025,12:42:18 PM,Shubhkart Nirmal 5 in 1 Agarbatti Zipper,"https://instamart-media-assets.swiggy.com/swiggy/image/upload/fl_lossy,f_auto,q_auto,h_544,w_504/NI_CATALOG/IMAGES/CIW/2024/11/27/5809e141-bca9-4fda-a0b9-01f6452e85a0_9511_1.png",Fragrant agarbatti combo with 5 spiritual scents,150 g,15,70,59,6 MINS,Organic,Mangaldeep 3 in 1 Premium Incense
LB Nagar 500074,21-12-2025,12:42:48 PM,Dabur Honitus Syrup,"https://instamart-media-assets.swiggy.com/swiggy/image/upload/fl_lossy,f_auto,q_auto,h_544,w_504/lac6khf2ydojrbcapfkg",Natural relief for cough and sore throat.,100 ml,9,121,109,6 MINS,Organic,Dabur Honitus Cough Syrup
LB Nagar 500074,21-12-2025,12:42:48 PM,Honitus Hot Sip Ayurvedic Kaadha Sachets,"https://instamart-media-assets.swiggy.com/swiggy/image/upload/fl_lossy,f_auto,q_auto,h_544,w_504/NI_CATALOG/IMAGES/ciw/2025/12/18/f2eafc97-4f92-4f2c-a1cb-41db525c2ec1_MVY0D100U7_MN_18122025.png",Herbal kaadha sachets to support throat and immunity.,7 pieces,11,84,74,6 MINS,Organic,Dabur Honitus Cough Syrup
LB Nagar 500074,21-12-2025,12:42:48 PM,Dabur Honitus Hot Sip 30Nx4G Sachets,"https://instamart-media-assets.swiggy.com/swiggy/image/upload/fl_lossy,f_auto,q_auto,h_544,w_504/b941e25e418fdcdd271f3ffaac3338b2",Ayurvedic kadha for cold & throat comfort,120 g,15,330,280,6 MINS,Organic,Dabur Honitus Cough Syrup
LB Nagar 500074,21-12-2025,12:42:48 PM,Hansaplast Antiseptic Waterproof Bandage for Wound Protection 20's Strips,"https://instamart-media-assets.swiggy.com/swiggy/image/upload/fl_lossy,f_auto,q_auto,h_544,w_504/NI_CATALOG/IMAGES/CIW/2025/11/13/5a942529-852c-4df2-82af-7ea52d6b0e51_594948_1.png",Waterproof antiseptic bandages for wound care,20 pieces,8,60,55,,Ad,Dabur Honitus Cough Syrup
LB Nagar 500074,21-12-2025,12:42:48 PM,Vicks Vaporub Balm,"https://instamart-media-assets.swiggy.com/swiggy/image/upload/fl_lossy,f_auto,q_auto,h_544,w_504/NI_CATALOG/IMAGES/CIW/2025/9/6/cc724593-c0cb-4619-acb7-fb229057fef0_31216_1.png","Soothing balm for cold, cough, and body ache",50 ml,10,199,179,,Ad,Dabur Honitus Cough Syrup
LB Nagar 500074,21-12-2025,12:42:48 PM,Dabur Tulsi Drops Immunity Booster - 50% Extra,"https://instamart-media-assets.swiggy.com/swiggy/image/upload/fl_lossy,f_auto,q_auto,h_544,w_504/NI_CATALOG/IMAGES/ciw/2025/12/18/20502f15-95bc-40f4-9bab-c0b82535e571_RMJF32FH9G_MN_18122025.png","Immunity Support, Tulsi Power.",30 ml,34,182,119,6 MINS,Organic,Dabur Honitus Cough Syrup
LB Nagar 500074,21-12-2025,12:42:48 PM,Vicks Cough Syrup 100ml -Fast Relief for Dry & Chesty Coughs with Tulsi & Ginger,"https://instamart-media-assets.swiggy.com/swiggy/image/upload/fl_lossy,f_auto,q_auto,h_544,w_504/NI_CATALOG/IMAGES/CIW/2024/11/30/496ec211-4021-4d38-8e65-40ca1c8b5b8f_230833_1.png",Fast relief from dry and chesty coughs with Tulsi & Ginger,100 ml,19,121,97,6 MINS,Organic,Dabur Honitus Cough Syrup
LB Nagar 500074,21-12-2025,12:42:48 PM,Zandu Ayurvedic Cough Syrup,"https://instamart-media-assets.swiggy.com/swiggy/image/upload/fl_lossy,f_auto,q_auto,h_544,w_504/e2b3423de46f30b3a2ae8db5c8393ded",Herbal cough syrup with ayurvedic formulation,100 ml,20,125,99,6 MINS,Organic,Dabur Honitus Cough Syrup
LB Nagar 500074,21-12-2025,12:42:48 PM,Dabur Chyawanprash 3X Immunity Booster,"https://instamart-media-assets.swiggy.com/swiggy/image/upload/fl_lossy,f_auto,q_auto,h_544,w_504/NI_CATALOG/IMAGES/ciw/2025/12/18/23a5d810-1967-41c4-856e-0781a62563b6_G76IG6RK84_MN_18122025.png",Herbal blend with triple immunity,950 g,10,450,401,6 MINS,Organic,Dabur Honitus Cough Syrup
LB Nagar 500074,21-12-2025,12:42:48 PM,Dabur Chyawanprakash Sugarfree,"https://instamart-media-assets.swiggy.com/swiggy/image/upload/fl_lossy,f_auto,q_auto,h_544,w_504/NI_CATALOG/IMAGES/ciw/2025/12/18/abc315ca-f5be-4c7d-8a6e-98ee8868a994_ZO4TQRMW2I_MN_18122025.png",Sugar-free herbal supplement for immunity support.,900 g,17,440,361,6 MINS,Organic,Dabur Honitus Cough Syrup
LB Nagar 500074,21-12-2025,12:42:48 PM,Dabur Chyawanprash 2X Immunity Booster,"https://instamart-media-assets.swiggy.com/swiggy/image/upload/fl_lossy,f_auto,q_auto,h_544,w_504/NI_CATALOG/IMAGES/ciw/2025/12/18/e226c5ad-2afd-46f1-b13e-f2769fd4d5e5_Q14GR0ZE8B_MN_18122025.png",,250 g,,,,6 MINS,Organic,Dabur Honitus Cough Syrup
LB Nagar 500074,21-12-2025,12:42:48 PM,Dabur Sat Isabgol Psyllium Husk) Relieves Constipation & Improves Digestion,"https://instamart-media-assets.swiggy.com/swiggy/image/upload/fl_lossy,f_auto,q_auto,h_544,w_504/NI_CATALOG/IMAGES/CIW/2024/10/2/ca0529a7-c9d9-42df-81b6-a67a95f1e6c4_52962_1.png",Natural fibre supplement for digestion,90 g,9,175,158,6 MINS,Organic,Dabur Honitus Cough Syrup
LB Nagar 500074,21-12-2025,12:42:48 PM,Dabur Chyawanprash Awaleha Bottle,"https://instamart-media-assets.swiggy.com/swiggy/image/upload/fl_lossy,f_auto,q_auto,h_544,w_504/ba692fb06f144ec9998dd43c383c1afe",Ayurvedic immunity paste with Amla.,2 kg,20,820,656,6 MINS,Organic,Dabur Honitus Cough Syrup
LB Nagar 500074,21-12-2025,12:42:48 PM,Dabur Jamun Neem Karela Juice - Promotes Healthy Glucose Levels,"https://instamart-media-assets.swiggy.com/swiggy/image/upload/fl_lossy,f_auto,q_auto,h_544,w_504/NI_CATALOG/IMAGES/ciw/2025/12/18/5c450c9f-0041-4c71-b0c9-4863405cee19_K41HKG0CT5_MN_18122025.png",Herbal juice to support healthy glucose levels,1 L,24,335,252,6 MINS,Organic,Dabur Honitus Cough Syrup
LB Nagar 500074,21-12-2025,12:42:48 PM,Dabur Chyawanprash 3X Immunity Action,"https://instamart-media-assets.swiggy.com/swiggy/image/upload/fl_lossy,f_auto,q_auto,h_544,w_504/NI_CATALOG/IMAGES/CIW/2025/12/4/bbd25100-2720-495a-b531-6a17ff40850f_3233_1.png",Immunity booster with Ayurvedic herbs,450 g,8,235,216,6 MINS,Organic,Dabur Honitus Cough Syrup
LB Nagar 500074,21-12-2025,12:42:48 PM,Dabur Khajurprash |Supports Healthy Haemoglobin Level|Helps Fight Iron Deficiency,"https://instamart-media-assets.swiggy.com/swiggy/image/upload/fl_lossy,f_auto,q_auto,h_544,w_504/NI_CATALOG/IMAGES/ciw/2025/12/18/7348ab41-0755-4f95-9d2e-bbfac6583d4e_16GPQZ9K4Q_MN_18122025.png",Ayurvedic blend supporting haemoglobin & iron levels.,900 g,19,450,362,6 MINS,Organic,Dabur Honitus Cough Syrup
LB Nagar 500074,21-12-2025,12:42:48 PM,Dabur Pudin Hara Pearls Pack of 2 Strips 20 Capsules,"https://instamart-media-assets.swiggy.com/swiggy/image/upload/fl_lossy,f_auto,q_auto,h_544,w_504/NI_CATALOG/IMAGES/ciw/2025/12/18/beca84db-7c0a-4c0f-84c4-6d7e62d7650c_6WBCCI9PZT_MN_18122025.png",Herbal capsules for indigestion relief,50 g,17,70,58,6 MINS,Organic,Dabur Honitus Cough Syrup
LB Nagar 500074,21-12-2025,12:42:48 PM,Dabur Amla Juice,"https://instamart-media-assets.swiggy.com/swiggy/image/upload/fl_lossy,f_auto,q_auto,h_544,w_504/NI_CATALOG/IMAGES/ciw/2025/12/18/ec9a860f-9cde-4aaf-92b9-8f2c195ea58b_RK4QRQ8ADI_MN_18122025.png",Natural juice for hair and immunity,1 L,19,242,194,6 MINS,Organic,Dabur Honitus Cough Syrup
LB Nagar 500074,21-12-2025,12:42:48 PM,Dabur Sat Isabgol Psyllium Husk,"https://instamart-media-assets.swiggy.com/swiggy/image/upload/fl_lossy,f_auto,q_auto,h_544,w_504/NI_CATALOG/IMAGES/ciw/2025/12/18/73c792f5-c733-4e46-a2dd-2fccf6356425_JZW4G13ZCR_MN_18122025.png",Natural digestive fiber supplement,180 g,8,345,316,6 MINS,Organic,Dabur Honitus Cough Syrup
LB Nagar 500074,21-12-2025,12:42:48 PM,Vicks Vaporub Balm,"https://instamart-media-assets.swiggy.com/swiggy/image/upload/fl_lossy,f_auto,q_auto,h_544,w_504/NI_CATALOG/IMAGES/CIW/2025/9/6/35f590a6-0d61-4942-b386-df8594d32131_31215_1.png",Soothing vapour balm for cold relief and clear breathing.,25 ml,,,,6 MINS,Organic,Dabur Honitus Cough Syrup
LB Nagar 500074,21-12-2025,12:42:48 PM,Amrutanjan Relief Cough & Cold Nasal Inhaler,"https://instamart-media-assets.swiggy.com/swiggy/image/upload/fl_lossy,f_auto,q_auto,h_544,w_504/f0d2da00267cf4fc348296e56aa96ac2",Relief from cold and nasal congestion,0.75 g,2,47,46,6 MINS,Organic,Dabur Honitus Cough Syrup
LB Nagar 500074,21-12-2025,12:42:48 PM,Vicks Inhaler Key Chain,"https://instamart-media-assets.swiggy.com/swiggy/image/upload/fl_lossy,f_auto,q_auto,h_544,w_504/NI_CATALOG/IMAGES/CIW/2024/12/4/54711085-f9da-4c95-b2e1-3f72cf2bf83f_1354_1.png",Handy decongestant in keychain form,0.5 ml,,,,6 MINS,Organic,Dabur Honitus Cough Syrup
LB Nagar 500074,21-12-2025,12:42:48 PM,Dabur Red Toothpaste,"https://instamart-media-assets.swiggy.com/swiggy/image/upload/fl_lossy,f_auto,q_auto,h_544,w_504/NI_CATALOG/IMAGES/CIW/2025/9/3/bbd41118-e003-4224-857f-bc4910ba4766_1548_1.png",Trusted Oral Care with Strong Cavity Protection,100 g x 2,9,138,125,6 MINS,Organic,Dabur Honitus Cough Syrup
LB Nagar 500074,21-12-2025,12:42:48 PM,Man Matters Pure Himalayan Shilajit Gummies,"https://instamart-media-assets.swiggy.com/swiggy/image/upload/fl_lossy,f_auto,q_auto,h_544,w_504/NI_CATALOG/IMAGES/ciw/2025/12/18/982ec1ea-4a15-4d2a-a33e-ea7c0df1b86a_HNNPN7TSUR_MN_18122025.png",Wellness gummies with pure Himalayan Shilajit extract,120 g,2,549,535,6 MINS,Organic,Dabur Honitus Cough Syrup
LB Nagar 500074,21-12-2025,12:42:48 PM,"Vicks Vaporub Steampods 4S For Steam Inhalation, Quick Relief From Blocked Nose","https://instamart-media-assets.swiggy.com/swiggy/image/upload/fl_lossy,f_auto,q_auto,h_544,w_504/NI_CATALOG/IMAGES/CIW/2024/12/4/8fc23a35-29d0-4325-83ed-9771d0cabf1a_90375_1.png",Pods for steam relief from nasal congestion,4 pieces,,,,6 MINS,Organic,Dabur Honitus Cough Syrup
LB Nagar 500074,21-12-2025,12:42:48 PM,Vicks VapoRub Xtra Strong,"https://instamart-media-assets.swiggy.com/swiggy/image/upload/fl_lossy,f_auto,q_auto,h_544,w_504/NI_CATALOG/IMAGES/CIW/2024/10/2/13afe28b-8a7a-4644-bcb7-a1e7776b4436_14494_1.png",Extra Strong Chest Rub for Quick Relief,25 ml,,,,6 MINS,Organic,Dabur Honitus Cough Syrup
LB Nagar 500074,21-12-2025,12:42:48 PM,Vicks Vaporub Steam pods For Steam Inhalation,"https://instamart-media-assets.swiggy.com/swiggy/image/upload/fl_lossy,f_auto,q_auto,h_544,w_504/NI_CATALOG/IMAGES/CIW/2024/12/4/b3a5f175-cf23-40df-8f09-00606d342954_55670_1.png",Pods for medicated steam inhalation,10 pieces,10,199,179,6 MINS,Organic,Dabur Honitus Cough Syrup
LB Nagar 500074,21-12-2025,12:42:48 PM,Dabur Meswak Complete Oral Care Toothpaste Contains Pure & Rare Miswak Extract,"https://instamart-media-assets.swiggy.com/swiggy/image/upload/fl_lossy,f_auto,q_auto,h_544,w_504/NI_CATALOG/IMAGES/CIW/2025/9/23/f1ca2cee-02df-482f-8806-b8c10dc36c26_41883_1.png",Herbal toothpaste with pure miswak extract,400 g,14,255,217,6 MINS,Organic,Dabur Honitus Cough Syrup
LB Nagar 500074,21-12-2025,12:42:48 PM,Dabur Red Paste Box,"https://instamart-media-assets.swiggy.com/swiggy/image/upload/fl_lossy,f_auto,q_auto,h_544,w_504/NI_CATALOG/IMAGES/CIW/2025/9/25/83bb53d5-5f1b-4839-aafa-ca72b6dec93d_263710_1.png",Ayurvedic toothpaste for strong teeth,200 g x 3,10,405,364,6 MINS,Organic,Dabur Honitus Cough Syrup
LB Nagar 500074,21-12-2025,12:42:48 PM,Himalaya Septilin Anti-Infective Therapy,"https://instamart-media-assets.swiggy.com/swiggy/image/upload/fl_lossy,f_auto,q_auto,h_544,w_504/gdgkex9u3dbxcf0cedmh",Ayurvedic immunity booster for infection resistance,200 ml,5,200,190,6 MINS,Organic,Dabur Honitus Cough Syrup
LB Nagar 500074,21-12-2025,12:42:48 PM,Vicks Vaporub + Steampods 4S + Inhaler,"https://instamart-media-assets.swiggy.com/swiggy/image/upload/fl_lossy,f_auto,q_auto,h_544,w_504/0f9837ecf44ef574906c20cdc9eab478",,1 combo,,,,6 MINS,Organic,Dabur Honitus Cough Syrup
LB Nagar 500074,21-12-2025,12:42:48 PM,Himalaya Shilajit Capsules 60's,"https://instamart-media-assets.swiggy.com/swiggy/image/upload/fl_lossy,f_auto,q_auto,h_544,w_504/NI_CATALOG/IMAGES/ciw/2025/12/18/9ddcbdfa-bea2-4b92-a8fa-3a0959a5cee3_DOD7716HX1_MN_18122025.png",Natural supplement to boost stamina and strength,60 pieces,12,375,327,6 MINS,Organic,Dabur Honitus Cough Syrup
LB Nagar 500074,21-12-2025,12:43:21 PM,OM BHAKTI Cotton Cloth,"https://instamart-media-assets.swiggy.com/swiggy/image/upload/fl_lossy,f_auto,q_auto,h_544,w_504/NI_CATALOG/IMAGES/CIW/2024/6/12/bfa99024-eca4-4e2f-9d63-c0bae7ba1590_poojaneeds_M9Q41WOWFZ_MN.png",Pure cotton pooja cloth for spiritual rituals,1 Piece,3,29,28,7 MINS,Organic,Lion Brand Yarn 24-7 Cotton Yarn
LB Nagar 500074,21-12-2025,12:43:21 PM,"OM BHAKTI Wick for Diya - Cotton Long Batti 5""","https://instamart-media-assets.swiggy.com/swiggy/image/upload/fl_lossy,f_auto,q_auto,h_544,w_504/NI_CATALOG/IMAGES/CIW/2025/9/8/5d1b3f07-8de9-477f-931f-dd842f3c8d40_79581_1.png",,75 pieces x 2,4,50,48,7 MINS,Organic,Lion Brand Yarn 24-7 Cotton Yarn
LB Nagar 500074,21-12-2025,12:43:21 PM,Shubhkart Tejas Samai Diya bati Large,"https://instamart-media-assets.swiggy.com/swiggy/image/upload/fl_lossy,f_auto,q_auto,h_544,w_504/hd5uiajavrmh7xmm1oxq",Cotton wicks for traditional lamps,4 g,13,15,13,7 MINS,Organic,Lion Brand Yarn 24-7 Cotton Yarn
LB Nagar 500074,21-12-2025,12:43:21 PM,SATVIK Pure Cotton Round Kalawa Thread,"https://instamart-media-assets.swiggy.com/swiggy/image/upload/fl_lossy,f_auto,q_auto,h_544,w_504/NI_CATALOG/IMAGES/CIW/2024/6/13/9f58103f-4df0-4878-87dd-c60c823930cf_poojaneeds_8MKQ771J7H_MN.png",Sacred red thread for religious ceremonies,1 Piece,51,49,24,7 MINS,Organic,Lion Brand Yarn 24-7 Cotton Yarn
LB Nagar 500074,21-12-2025,12:43:21 PM,Shubhkart Tejas Pure Ghee Wicks,"https://instamart-media-assets.swiggy.com/swiggy/image/upload/fl_lossy,f_auto,q_auto,h_544,w_504/NI_CATALOG/IMAGES/CIW/2024/9/6/81235e2c-40bd-4bed-8b21-120e2233824d_10755_1.png",Ghee-infused cotton wicks for diyas,30 pieces,14,89,76,7 MINS,Organic,Lion Brand Yarn 24-7 Cotton Yarn
LB Nagar 500074,21-12-2025,12:43:21 PM,SATVIK Pure Cotton Mauli Thread,"https://instamart-media-assets.swiggy.com/swiggy/image/upload/fl_lossy,f_auto,q_auto,h_544,w_504/NI_CATALOG/IMAGES/CIW/2024/7/4/757ccdb1-e821-4581-96af-17ebd3ec7a39_poojaneeds_72VH6M5MV9_MN.png",Sacred red-yellow cotton thread for religious rituals,1 Piece,51,49,24,7 MINS,Organic,Lion Brand Yarn 24-7 Cotton Yarn
LB Nagar 500074,21-12-2025,12:43:21 PM,OM BHAKTI Wick For Diya Cotton Flower Batti,"https://instamart-media-assets.swiggy.com/swiggy/image/upload/fl_lossy,f_auto,q_auto,h_544,w_504/NI_CATALOG/IMAGES/CIW/2025/9/1/2949b28d-e0ca-4975-b883-94cb2624786a_28358_1.png",,60 pieces x 2,4,50,48,7 MINS,Organic,Lion Brand Yarn 24-7 Cotton Yarn
LB Nagar 500074,21-12-2025,12:43:21 PM,OM BHAKTI wick for diya- cotton long batti 100N,"https://instamart-media-assets.swiggy.com/swiggy/image/upload/fl_lossy,f_auto,q_auto,h_544,w_504/NI_CATALOG/IMAGES/CIW/2025/9/1/9154ced7-d708-4672-828e-85c59994bee7_85693_1.png","Pure cotton, long-lasting wicks.",100 pieces,,,,7 MINS,Organic,Lion Brand Yarn 24-7 Cotton Yarn
LB Nagar 500074,21-12-2025,12:43:21 PM,SATVIK White Cotton Janeu Thread (Safed Janeu),"https://instamart-media-assets.swiggy.com/swiggy/image/upload/fl_lossy,f_auto,q_auto,h_544,w_504/NI_CATALOG/IMAGES/CIW/2024/6/13/ac4e8f1d-5a20-4ce8-971f-d65be190979e_poojaneeds_CAGY1GJ59Q_MN.png",Pure white sacred thread for rituals and ceremonies,1 Piece,66,100,34,7 MINS,Organic,Lion Brand Yarn 24-7 Cotton Yarn
LB Nagar 500074,21-12-2025,12:43:21 PM,Cycle Om Shanthi Long Cotton Wicks Samai Watt | From House of Cycle,"https://instamart-media-assets.swiggy.com/swiggy/image/upload/fl_lossy,f_auto,q_auto,h_544,w_504/NI_CATALOG/IMAGES/CIW/2025/8/13/1f6cbfc8-547d-4a9a-afa7-bfdc80440e17_928659_1.png",,60 pieces,50,50,25,7 MINS,Organic,Lion Brand Yarn 24-7 Cotton Yarn
LB Nagar 500074,21-12-2025,12:43:21 PM,OM BHAKTI Wick For Diya Ghee Cotton Wicks Small,"https://instamart-media-assets.swiggy.com/swiggy/image/upload/fl_lossy,f_auto,q_auto,h_544,w_504/NI_CATALOG/IMAGES/CIW/2025/9/2/dde6dfa1-c5eb-4388-9938-aa7cf6db6ff6_28359_1.png",Pure cotton wicks for diya lighting,30 pieces,5,159,151,7 MINS,Organic,Lion Brand Yarn 24-7 Cotton Yarn
LB Nagar 500074,21-12-2025,12:43:21 PM,Happy Tyohaar White Cotton Janeu Thread (Safed Janeu),"https://instamart-media-assets.swiggy.com/swiggy/image/upload/fl_lossy,f_auto,q_auto,h_544,w_504/NI_CATALOG/IMAGES/CIW/2025/5/7/cab59282-5b66-4d8f-989b-2abed7eb7d97_237381_1.png",Sacred thread for rituals and puja,1 Piece,53,49,23,7 MINS,Organic,Lion Brand Yarn 24-7 Cotton Yarn
LB Nagar 500074,21-12-2025,12:43:21 PM,Shubhkart Janau,"https://instamart-media-assets.swiggy.com/swiggy/image/upload/fl_lossy,f_auto,q_auto,h_544,w_504/7b88c18f65e7229adde329bc1110ebab",Sacred thread for religious ceremonies,4 pieces,15,20,17,7 MINS,Organic,Lion Brand Yarn 24-7 Cotton Yarn
LB Nagar 500074,21-12-2025,12:43:21 PM,SATVIK Divine Drapery: Red Cotton Gamcha for Worship,"https://instamart-media-assets.swiggy.com/swiggy/image/upload/fl_lossy,f_auto,q_auto,h_544,w_504/NI_CATALOG/IMAGES/CIW/2024/6/13/660db923-ddf7-45f8-b719-e6fcc9a97dd1_poojaneeds_ID6V01IUXW_MN.png",Sacred drapery for ritual worship,1 Piece,34,149,98,7 MINS,Organic,Lion Brand Yarn 24-7 Cotton Yarn
LB Nagar 500074,21-12-2025,12:43:21 PM,Shri Samriddhi Enterprises Phool Diya Baati,"https://instamart-media-assets.swiggy.com/swiggy/image/upload/fl_lossy,f_auto,q_auto,h_544,w_504/NI_CATALOG/IMAGES/CIW/2024/7/24/0016893f-7f77-48a1-9a49-b915e302828e_poojaneeds_2W7KM02NO3_MN.png",Cotton baatis for diyas shaped like a flower,200 pieces,36,60,38,7 MINS,Organic,Lion Brand Yarn 24-7 Cotton Yarn
LB Nagar 500074,21-12-2025,12:43:21 PM,Happy Tyohaar White Puja Cloth-1.25 mtr,"https://instamart-media-assets.swiggy.com/swiggy/image/upload/fl_lossy,f_auto,q_auto,h_544,w_504/NI_CATALOG/IMAGES/CIW/2025/3/22/52516f08-5123-44cf-8b37-660892c9d345_453526_1.png",Pure white pooja cloth for sacred ceremonies,1 Piece,45,99,54,7 MINS,Organic,Lion Brand Yarn 24-7 Cotton Yarn
LB Nagar 500074,21-12-2025,12:43:21 PM,SATVIK White Puja Cloth-1.25 mtr,"https://instamart-media-assets.swiggy.com/swiggy/image/upload/fl_lossy,f_auto,q_auto,h_544,w_504/NI_CATALOG/IMAGES/CIW/2024/6/13/fe161f83-19ff-4da2-b9b8-a90f14e1ec52_poojaneeds_9YVL1FNZ38_MN.png",Traditional white cloth for pooja rituals,1 Piece,50,99,49,7 MINS,Organic,Lion Brand Yarn 24-7 Cotton Yarn
LB Nagar 500074,21-12-2025,12:43:21 PM,SHUBHKART TEJAS PURE GHEE WICKS 60N,"https://instamart-media-assets.swiggy.com/swiggy/image/upload/fl_lossy,f_auto,q_auto,h_544,w_504/NI_CATALOG/IMAGES/ciw/2025/8/19/eb904c32-f3b4-4b35-a851-61f1146144dc_NPI-021388_1_20250819_151539.png",,60 pieces,14,174,148,7 MINS,Organic,Lion Brand Yarn 24-7 Cotton Yarn
LB Nagar 500074,21-12-2025,12:43:21 PM,Happy Tyohaar Divine Drapery: Red Cotton Gamcha for Worship,"https://instamart-media-assets.swiggy.com/swiggy/image/upload/fl_lossy,f_auto,q_auto,h_544,w_504/NI_CATALOG/IMAGES/CIW/2025/3/25/1e003fc3-efaf-4c82-8449-337ede9e2052_784872_1.png",Soft gamcha for pooja and decor,1 Piece,44,199,111,7 MINS,Organic,Lion Brand Yarn 24-7 Cotton Yarn
LB Nagar 500074,21-12-2025,12:43:21 PM,Cycle Pure Navin Sambrani Dhoop Cups for Pooja,"https://instamart-media-assets.swiggy.com/swiggy/image/upload/fl_lossy,f_auto,q_auto,h_544,w_504/NI_CATALOG/IMAGES/CIW/2025/8/12/11090c98-8e32-420b-9fa3-aba9aed40950_996997_1.png",,15 pieces,5,90,85,7 MINS,Organic,Lion Brand Yarn 24-7 Cotton Yarn
LB Nagar 500074,21-12-2025,12:43:21 PM,SATVIK Yellow Pooja Cloth,"https://instamart-media-assets.swiggy.com/swiggy/image/upload/fl_lossy,f_auto,q_auto,h_544,w_504/NI_CATALOG/IMAGES/CIW/2025/10/14/8c2f88fa-7b56-49f9-a68f-7ee9604adb02_865097_1.png",Traditional cloth for divine rituals,1 Piece,,,,7 MINS,Organic,Lion Brand Yarn 24-7 Cotton Yarn
LB Nagar 500074,21-12-2025,12:43:21 PM,Zed Black Ghee Diyabatti Container of 30 Pcs,"https://instamart-media-assets.swiggy.com/swiggy/image/upload/fl_lossy,f_auto,q_auto,h_544,w_504/NI_CATALOG/IMAGES/CIW/2025/2/5/f3a2a186-46ff-4cd6-a968-2ab4e4a4fca1_518765_1.png",Ghee-based diya wicks for festive use.,30 pieces,22,75,58,7 MINS,Organic,Lion Brand Yarn 24-7 Cotton Yarn
LB Nagar 500074,21-12-2025,12:43:21 PM,OM BHAKTI Vastramala (with Kumkum & Ashtagandha) 2M,"https://instamart-media-assets.swiggy.com/swiggy/image/upload/fl_lossy,f_auto,q_auto,h_544,w_504/NI_CATALOG/IMAGES/CIW/2025/10/14/21a2fa29-86af-47a6-8891-67a659358167_53313_1.png",Sacred garland for holy rituals,1 Piece,3,29,28,7 MINS,Organic,Lion Brand Yarn 24-7 Cotton Yarn
LB Nagar 500074,21-12-2025,12:43:21 PM,"Cycle Pure Heritage Chandanam (Sandalwood) Incense Sticks, 200 gms","https://instamart-media-assets.swiggy.com/swiggy/image/upload/fl_lossy,f_auto,q_auto,h_544,w_504/NI_CATALOG/IMAGES/CIW/2025/3/13/83930473-5238-4ee1-af3c-659adbc7e43c_557281_1.png",Sandalwood-scented incense sticks.,1 pack,10,150,135,7 MINS,Organic,Lion Brand Yarn 24-7 Cotton Yarn
LB Nagar 500074,21-12-2025,12:43:21 PM,Shri Samriddhi Enterprises Pooja Cloth,"https://instamart-media-assets.swiggy.com/swiggy/image/upload/fl_lossy,f_auto,q_auto,h_544,w_504/19dd6cf49a7d7c04fa9f6e44fa60e8c3","Traditional Cloth, Festive Use.",1 Piece,36,50,32,7 MINS,Organic,Lion Brand Yarn 24-7 Cotton Yarn
LB Nagar 500074,21-12-2025,12:43:21 PM,Happy Tyohaar Orange Pooja Cloth (1.25m ),"https://instamart-media-assets.swiggy.com/swiggy/image/upload/fl_lossy,f_auto,q_auto,h_544,w_504/NI_CATALOG/IMAGES/CIW/2025/3/22/2d0abe34-9c8e-4294-b6de-aade45cdbe04_906307_1.png",Orange cotton pooja cloth for rituals,1 Piece,44,99,55,7 MINS,Organic,Lion Brand Yarn 24-7 Cotton Yarn
LB Nagar 500074,21-12-2025,12:43:21 PM,OM BHAKTI Janeu,"https://instamart-media-assets.swiggy.com/swiggy/image/upload/fl_lossy,f_auto,q_auto,h_544,w_504/NI_CATALOG/IMAGES/CIW/2024/7/1/4d4ebee1-eed4-48d7-8912-fc35e4dc9264_poojaneeds_V4YZIV7O29_MN.png",Sacred thread for traditional Hindu ceremonies,2 pieces,,,,7 MINS,Organic,Lion Brand Yarn 24-7 Cotton Yarn
LB Nagar 500074,21-12-2025,12:43:21 PM,Shri Samriddhi Enterprises Mauli Kalawa Thread Moli,"https://instamart-media-assets.swiggy.com/swiggy/image/upload/fl_lossy,f_auto,q_auto,h_544,w_504/86b138dc948f79c47efb6b8d8a125786",Traditional red-yellow thread for pooja,20 g,38,80,49,7 MINS,Organic,Lion Brand Yarn 24-7 Cotton Yarn
LB Nagar 500074,21-12-2025,12:43:21 PM,Happy Tyohaar Wheat,"https://instamart-media-assets.swiggy.com/swiggy/image/upload/fl_lossy,f_auto,q_auto,h_544,w_504/NI_CATALOG/IMAGES/ciw/2025/10/10/b48c73da-2613-4c21-a9f3-e2b16a1a5276_NPI-046515_1_20251010_044158.png",,100 g,,,,7 MINS,Organic,Lion Brand Yarn 24-7 Cotton Yarn
LB Nagar 500074,21-12-2025,12:43:21 PM,Happy Tyohaar White Cap,"https://instamart-media-assets.swiggy.com/swiggy/image/upload/fl_lossy,f_auto,q_auto,h_544,w_504/NI_CATALOG/IMAGES/CIW/2025/3/22/15c9a4cd-d6da-4b8e-b497-1ee7763b6a85_946278_1.png","Festive Style, Traditional Headwear.",1 Piece,20,89,71,7 MINS,Organic,Lion Brand Yarn 24-7 Cotton Yarn
LB Nagar 500074,21-12-2025,12:43:21 PM,Happy Tyohaar Red Puja Cloth-1.25 mtr,"https://instamart-media-assets.swiggy.com/swiggy/image/upload/fl_lossy,f_auto,q_auto,h_544,w_504/NI_CATALOG/IMAGES/CIW/2025/3/25/36548f60-801a-4317-968e-a122291018df_207970_1.png",Sacred red cloth for pooja decor,1 Piece,47,99,52,7 MINS,Organic,Lion Brand Yarn 24-7 Cotton Yarn
LB Nagar 500074,21-12-2025,12:43:21 PM,Cycle Pure Om Shanthi Gokula Gobar Upla,"https://instamart-media-assets.swiggy.com/swiggy/image/upload/fl_lossy,f_auto,q_auto,h_544,w_504/NI_CATALOG/IMAGES/CIW/2025/3/19/14c2fd63-dbba-4f7c-b15c-3cf3222fd1da_761374_1.png",,8 pieces,15,100,85,7 MINS,Organic,Lion Brand Yarn 24-7 Cotton Yarn
LB Nagar 500074,21-12-2025,12:43:54 PM,HASHWOW 3 ft Premium Artificial Christmas Tree with Stand,"https://instamart-media-assets.swiggy.com/swiggy/image/upload/fl_lossy,f_auto,q_auto,h_544,w_504/NI_CATALOG/IMAGES/CIW/2025/12/13/2474e9fd-0ee4-4348-8911-0691aa56a6ce_469204_1.png",Three feet of evergreen enchantment,1 Piece,62,399,150,7 MINS,Organic,Godrej 223 L 3 Star Convertible Freezer
LB Nagar 500074,21-12-2025,12:43:54 PM,Gillette Venus Simply - Hair Removal Razor For Women 3 Blades,"https://instamart-media-assets.swiggy.com/swiggy/image/upload/fl_lossy,f_auto,q_auto,h_544,w_504/ed914cf97c69aadb8ee4ca159c36ee3f",3-blade disposable razor for smooth shaving,1 Piece,,,,7 MINS,Organic,Godrej 223 L 3 Star Convertible Freezer
LB Nagar 500074,21-12-2025,12:43:54 PM,Toyshine 3 x 3 Rubik's Cube,"https://instamart-media-assets.swiggy.com/swiggy/image/upload/fl_lossy,f_auto,q_auto,h_544,w_504/NI_CATALOG/IMAGES/CIW/2024/11/22/313a81d1-71c4-4d71-86e2-75e25bd9fb68_757812_1.png","Smooth, speed turns",1 Piece,90,999,94,7 MINS,Organic,Godrej 223 L 3 Star Convertible Freezer
LB Nagar 500074,21-12-2025,12:43:54 PM,Godrej Fab Liquid Detergent Refill Pouch for Machine & Hand Wash,"https://instamart-media-assets.swiggy.com/swiggy/image/upload/fl_lossy,f_auto,q_auto,h_544,w_504/NI_CATALOG/IMAGES/ciw/2025/12/18/eb1abd9c-daae-4c9e-b4e7-5610c9d3e6ef_193ZFMMCUY_MN_18122025.png","Powerful Clean, Convenient Refill.",950 ml,12,99,87,7 MINS,Organic,Godrej 223 L 3 Star Convertible Freezer
LB Nagar 500074,21-12-2025,12:43:54 PM,"ARISTO Insulated Chiller Ice Box (2.5L, Color May Vary)","https://instamart-media-assets.swiggy.com/swiggy/image/upload/fl_lossy,f_auto,q_auto,h_544,w_504/NI_CATALOG/IMAGES/CIW/2025/2/18/53ca6efd-8e4f-4226-b4b1-5a644e9cb269_268751_1.png",Portable insulated cooler,1 Piece,39,481,289,7 MINS,Organic,Godrej 223 L 3 Star Convertible Freezer
LB Nagar 500074,21-12-2025,12:43:54 PM,Borges Olive Oil for Indian Cooking - 2 L,"https://instamart-media-assets.swiggy.com/swiggy/image/upload/fl_lossy,f_auto,q_auto,h_544,w_504/NI_CATALOG/IMAGES/CIW/2025/5/28/a49addb3-a734-43f9-bcb5-60ac462eda81_6155_1.png","Light & Versatile, Pure Olive Oil.",2 ltr,56,4200,1848,7 MINS,Organic,Godrej 223 L 3 Star Convertible Freezer
LB Nagar 500074,21-12-2025,12:43:54 PM,"Nestle KitKat 3 Fingers, Choco Coated Wafer Bar","https://instamart-media-assets.swiggy.com/swiggy/image/upload/fl_lossy,f_auto,q_auto,h_544,w_504/NI_CATALOG/IMAGES/CIW/2024/11/13/c8f6299b-32ff-499a-b9b8-1b3b9cacfc1d_1794_1.png",Classic 3-finger crispy chocolate wafer,28.5 g,12,25,22,7 MINS,Organic,Godrej 223 L 3 Star Convertible Freezer
LB Nagar 500074,21-12-2025,12:43:54 PM,"Jockey 1406 Women Cotton Hipsters (Pack of 3, Dark Assorted) - S","https://instamart-media-assets.swiggy.com/swiggy/image/upload/fl_lossy,f_auto,q_auto,h_544,w_504/NI_CATALOG/IMAGES/CIW/2025/6/5/1b24bcd6-2104-4581-a547-4ef18229b148_40003_14.png",Soft hipsters with all-day comfort,1 Small,,,,7 MINS,Organic,Godrej 223 L 3 Star Convertible Freezer
LB Nagar 500074,21-12-2025,12:43:54 PM,"Jockey 8037 Men Cotton Solid Briefs (Pack of 2, Black) - S","https://instamart-media-assets.swiggy.com/swiggy/image/upload/fl_lossy,f_auto,q_auto,h_544,w_504/NI_CATALOG/IMAGES/CIW/2025/6/5/18435a33-d734-49bb-a454-ee9f88339a32_53546_1.png",Classic cotton briefs with snug fit,1 S,,,,7 MINS,Organic,Godrej 223 L 3 Star Convertible Freezer
LB Nagar 500074,21-12-2025,12:43:54 PM,Godrej Aer Room Freshener Spray for Home & Office - Jasmine Delight,"https://instamart-media-assets.swiggy.com/swiggy/image/upload/fl_lossy,f_auto,q_auto,h_544,w_504/NI_CATALOG/IMAGES/CIW/2025/12/11/6022509c-b650-424f-b652-c9faa00b5390_9335_1.png",Room freshener spray with a refreshing jasmine scent,200 ml,,,,7 MINS,Organic,Godrej 223 L 3 Star Convertible Freezer
LB Nagar 500074,21-12-2025,12:43:54 PM,Godrej Aer Power Pocket Bathroom Freshener Assorted Pack,"https://instamart-media-assets.swiggy.com/swiggy/image/upload/fl_lossy,f_auto,q_auto,h_544,w_504/886f6ad443c59004134ed435384de5a2","Long-lasting Freshness, Portable Fragrance.",1 Piece,13,195,168,7 MINS,Organic,Godrej 223 L 3 Star Convertible Freezer
LB Nagar 500074,21-12-2025,12:43:54 PM,Hit Godrej Hit Anti Roach Gel Cockroach Killer 20 G,"https://instamart-media-assets.swiggy.com/swiggy/image/upload/fl_lossy,f_auto,q_auto,h_544,w_504/NI_CATALOG/IMAGES/CIW/2024/3/28/091a3890-9eca-4f6f-9696-2246c0ffa264_repellentsinsecticides_SHPJBSAKM8_MN.png",Targeted gel solution for cockroach control,20 g,10,220,198,7 MINS,Organic,Godrej 223 L 3 Star Convertible Freezer
LB Nagar 500074,21-12-2025,12:43:54 PM,Godrej Jersey Cow Ghee Pouch,"https://instamart-media-assets.swiggy.com/swiggy/image/upload/fl_lossy,f_auto,q_auto,h_544,w_504/NI_CATALOG/IMAGES/CIW/2025/9/20/1154be75-7c74-4e1b-adfd-b1d024cc1eee_3114_1.png",High-quality cow ghee from the house of Godrej Jersey,1 ltr,22,749,579,7 MINS,Organic,Godrej 223 L 3 Star Convertible Freezer
LB Nagar 500074,21-12-2025,12:43:54 PM,"XYXX Grey & Black Men Trunk (Solid, Pack of 2) - M","https://instamart-media-assets.swiggy.com/swiggy/image/upload/fl_lossy,f_auto,q_auto,h_544,w_504/NI_CATALOG/IMAGES/ciw/2025/11/20/6b971543-9029-4c2a-b988-d7b059a660bc_MY67NGFX2D_MN_20112025.jpg","Ultra-soft trunks, modern fit",1 Medium,7,538,499,7 MINS,Organic,Godrej 223 L 3 Star Convertible Freezer
LB Nagar 500074,21-12-2025,12:43:54 PM,HUFT Yakies Vegetarian Organic Chew Bone - L,"https://instamart-media-assets.swiggy.com/swiggy/image/upload/fl_lossy,f_auto,q_auto,h_544,w_504/NI_CATALOG/IMAGES/ciw/2025/12/18/041a6370-a8a4-4129-a540-5deb742e2cfa_XQ41N7CL6U_MN_18122025.png","Organic Chew, Long-lasting Treat.",1 L,5,269,253,7 MINS,Organic,Godrej 223 L 3 Star Convertible Freezer
LB Nagar 500074,21-12-2025,12:43:54 PM,Kinder Joy (DC) Pack of 3,"https://instamart-media-assets.swiggy.com/swiggy/image/upload/fl_lossy,f_auto,q_auto,h_544,w_504/NI_CATALOG/IMAGES/CIW/2025/11/6/50e7e14b-e446-4421-bf76-bbe8377ad6e2_19906_1.png",A fun-filled treat with toy surprise and creamy delight,60 g,5,135,128,7 MINS,Organic,Godrej 223 L 3 Star Convertible Freezer
LB Nagar 500074,21-12-2025,12:43:54 PM,GIVA Anushka Sharma Golden Star Constellation Necklace,"https://instamart-media-assets.swiggy.com/swiggy/image/upload/fl_lossy,f_auto,q_auto,h_544,w_504/NI_CATALOG/IMAGES/CIW/2025/3/17/7b63682c-e5aa-4647-b983-2e71f45a8795_93001_1.png",Celestial chic,1 Piece,44,3399,1899,7 MINS,Organic,Godrej 223 L 3 Star Convertible Freezer
LB Nagar 500074,21-12-2025,12:43:54 PM,Godrej Nupur Henna Powder,"https://instamart-media-assets.swiggy.com/swiggy/image/upload/fl_lossy,f_auto,q_auto,h_544,w_504/c8a156d4f6b983029d215f78c1cc8edc",100% natural henna for hair coloring and conditioning,120 g,,,,7 MINS,Organic,Godrej 223 L 3 Star Convertible Freezer
LB Nagar 500074,21-12-2025,12:43:54 PM,"Jockey Women Cotton Hipsters (Pack of 3, Dark Prints) - M","https://instamart-media-assets.swiggy.com/swiggy/image/upload/fl_lossy,f_auto,q_auto,h_544,w_504/NI_CATALOG/IMAGES/CIW/2025/7/9/63563ee2-b2a1-458c-a86e-8cf4a93d648f_47422_1.png",,3 Medium,,,,7 MINS,Organic,Godrej 223 L 3 Star Convertible Freezer
LB Nagar 500074,21-12-2025,12:43:54 PM,Stag Iconic 2 Star Performance Table Tennis Set for Beginners to Intermediate (White),"https://instamart-media-assets.swiggy.com/swiggy/image/upload/fl_lossy,f_auto,q_auto,h_544,w_504/NI_CATALOG/IMAGES/CIW/2025/1/24/ab9d444d-fa37-4447-a9eb-ae30df995749_670681_1.png",Dual-Star Skill Builder Set,1 pack,3,750,727,7 MINS,Organic,Godrej 223 L 3 Star Convertible Freezer
LB Nagar 500074,21-12-2025,12:43:54 PM,"Pigeon By Stovekraft Plastic Large Handy and Compact Chopper with 3 Blades (650ml, Green)","https://instamart-media-assets.swiggy.com/swiggy/image/upload/fl_lossy,f_auto,q_auto,h_544,w_504/NI_CATALOG/IMAGES/CIW/2024/8/2/fd312933-323d-4be6-9eee-24c65783e35b_90708_1.jpg",Spacious 3-blade veggie chopper,1 Piece,70,645,189,7 MINS,Organic,Godrej 223 L 3 Star Convertible Freezer
LB Nagar 500074,21-12-2025,12:43:54 PM,Funskool Star Links Non Toxic (Multicolor),"https://instamart-media-assets.swiggy.com/swiggy/image/upload/fl_lossy,f_auto,q_auto,h_544,w_504/NI_CATALOG/IMAGES/CIW/2024/9/10/7990f7b7-fed5-4924-bb7b-0ddfc2e3a365_35630_1.jpg",,1 pack,24,249,189,7 MINS,Organic,Godrej 223 L 3 Star Convertible Freezer
LB Nagar 500074,21-12-2025,12:43:54 PM,Philips Hair Dryer | Powerful Drying with Less Heat | 1200 Watts | 3 Heat and Speed Settings with Cool Shots | HP8120/00,"https://instamart-media-assets.swiggy.com/swiggy/image/upload/fl_lossy,f_auto,q_auto,h_544,w_504/NI_CATALOG/IMAGES/CIW/2025/2/21/79f9d1aa-dc01-42f4-83b9-858591c44d1b_54501_1.png",Gentle hair dryer with 3 heat settings,1 unit,20,1695,1348,7 MINS,Organic,Godrej 223 L 3 Star Convertible Freezer
LB Nagar 500074,21-12-2025,12:43:54 PM,Godrej Jersey Soft Paneer,"https://instamart-media-assets.swiggy.com/swiggy/image/upload/fl_lossy,f_auto,q_auto,h_544,w_504/NI_CATALOG/IMAGES/CIW/2025/6/3/07372d6a-c727-4fe0-83f5-690f66ab9eef_3113_1.png",,200 g x 2,22,238,184,7 MINS,Organic,Godrej 223 L 3 Star Convertible Freezer
LB Nagar 500074,21-12-2025,12:43:54 PM,"Jockey 8015 Men Cotton Rib Solid Trunks (Pack of 2, Deep Navy) - S","https://instamart-media-assets.swiggy.com/swiggy/image/upload/fl_lossy,f_auto,q_auto,h_544,w_504/NI_CATALOG/IMAGES/CIW/2025/6/5/1ab5dff5-bbb0-4843-9ea7-dbd789976aea_69265_1.png",Soft and breathable everyday wear,1 S,,,,7 MINS,Organic,Godrej 223 L 3 Star Convertible Freezer
LB Nagar 500074,21-12-2025,12:43:54 PM,Godrej Aer Power Pocket Bathroom Fragrance (Sea Breeze),"https://instamart-media-assets.swiggy.com/swiggy/image/upload/fl_lossy,f_auto,q_auto,h_544,w_504/NI_CATALOG/IMAGES/CIW/2024/9/26/e6ba8da8-0fea-472f-8fda-87f045af8dc2_50493_1.png",Refreshing ocean scent for compact bathroom spaces,10 g,,,,7 MINS,Organic,Godrej 223 L 3 Star Convertible Freezer
LB Nagar 500074,21-12-2025,12:43:54 PM,Godrej Jersey Thick & Tasty Curd 1KG Tub,"https://instamart-media-assets.swiggy.com/swiggy/image/upload/fl_lossy,f_auto,q_auto,h_544,w_504/NI_CATALOG/IMAGES/ciw/2025/12/17/f0698680-4aaa-48a9-ad3d-2980c86e755e_QH22VZ7K0Z_MN_16122025.png",Everyday Thick & Tasty Curd,1 kg,29,120,85,7 MINS,Organic,Godrej 223 L 3 Star Convertible Freezer
LB Nagar 500074,21-12-2025,12:43:54 PM,"Godrej Locks Alloy Steel 6 Levers Square Padlock for Home with 4 Keys (50mm, Silver)","https://instamart-media-assets.swiggy.com/swiggy/image/upload/fl_lossy,f_auto,q_auto,h_544,w_504/NI_CATALOG/IMAGES/CIW/2024/8/22/8f936001-3d77-4c3a-993f-2cae27112f78_371783_1.png",Home Haven Hexa-Shield,1 Piece,10,390,350,7 MINS,Organic,Godrej 223 L 3 Star Convertible Freezer
LB Nagar 500074,21-12-2025,12:43:54 PM,"Bergner TriPro Tri-Ply Stainless Steel Kadai with Lid (24cm, 3.1 L, Induction Bottom)","https://instamart-media-assets.swiggy.com/swiggy/image/upload/fl_lossy,f_auto,q_auto,h_544,w_504/NI_CATALOG/IMAGES/CIW/2025/12/8/43ba0e80-a12e-45cb-b468-fa26a6b66b4c_791027_1.png",TriPly kadai: Culinary triple threat.,1 Piece,,2849,1029,Handpicked,Organic,Godrej 223 L 3 Star Convertible Freezer
LB Nagar 500074,21-12-2025,12:43:54 PM,Agaro Rechargeable Milk Frother & Coffee Whisker With 3 Adjustable Speed,"https://instamart-media-assets.swiggy.com/swiggy/image/upload/fl_lossy,f_auto,q_auto,h_544,w_504/NI_CATALOG/IMAGES/CIW/2025/4/22/b9954ab4-3544-4842-a4f6-a285c0fd7a11_89880_1.png",Café-style foam in seconds,1 unit,41,999,580,7 MINS,Organic,Godrej 223 L 3 Star Convertible Freezer
LB Nagar 500074,21-12-2025,12:43:54 PM,Godrej Aer Pocket Lavender Bloom Air Freshener,"https://instamart-media-assets.swiggy.com/swiggy/image/upload/fl_lossy,f_auto,q_auto,h_544,w_504/s1gteodcqs6ytifxma6r",Pocket-sized air freshener with soothing lavender scent,10 g,,,,7 MINS,Organic,Godrej 223 L 3 Star Convertible Freezer
LB Nagar 500074,21-12-2025,12:43:54 PM,"Noise Caliber 3 Go 1.85"" Display, Bluetooth Calling Smart Watch, 10 Days Battery (Rose Pink)","https://instamart-media-assets.swiggy.com/swiggy/image/upload/fl_lossy,f_auto,q_auto,h_544,w_504/NI_CATALOG/IMAGES/ciw/2025/8/7/5ec0fb63-ee57-468a-bbe4-ca901e5a6734_NPI-013697_1_20250807_073149.png",Sleek watch with long battery and calling,1 Piece,83,5999,999,7 MINS,Organic,Godrej 223 L 3 Star Convertible Freezer
LB Nagar 500074,21-12-2025,12:44:23 PM,Britannia Marie Gold Biscuits,"https://instamart-media-assets.swiggy.com/swiggy/image/upload/fl_lossy,f_auto,q_auto,h_544,w_504/NI_CATALOG/IMAGES/ciw/2025/12/18/c2e6ec0d-75bf-4985-af79-7a6ce190fd18_OVGDUAIX92_MN_17122025.png",Light and crisp tea-time digestive biscuits,250 g,7,40,37,7 MINS,Organic,Britannia Marie Gold Biscuits
LB Nagar 500074,21-12-2025,12:44:23 PM,Britannia Marie Gold,"https://instamart-media-assets.swiggy.com/swiggy/image/upload/fl_lossy,f_auto,q_auto,h_544,w_504/NI_CATALOG/IMAGES/ciw/2025/12/18/1b2a4420-a22c-4494-aca3-617715393b85_DJA0PRHIUP_MN_17122025.png",Classic & Light Marie Biscuits,1.05 kg,12,145,127,7 MINS,Organic,Britannia Marie Gold Biscuits
LB Nagar 500074,21-12-2025,12:44:23 PM,Britannia Biscuits Vita Marie Gold,"https://instamart-media-assets.swiggy.com/swiggy/image/upload/fl_lossy,f_auto,q_auto,h_544,w_504/NI_CATALOG/IMAGES/CIW/2025/1/24/871507da-2c70-42c0-a693-4713070b3126_21264_1.png",Light digestive biscuits with vitamins,248 g,4,45,43,7 MINS,Organic,Britannia Marie Gold Biscuits
LB Nagar 500074,21-12-2025,12:44:23 PM,Britannia Nutrichoice Digestive High-Fibre Biscuits & Britannia Treat Jimjam Biscuits,"https://instamart-media-assets.swiggy.com/swiggy/image/upload/fl_lossy,f_auto,q_auto,h_544,w_504/NI_CATALOG/IMAGES/CIW/2025/9/4/07cf0737-17fc-4c7d-b435-0cc6f1c72498_VC_HU4AMNHMP.png",,1 Combo,26,297,218,,Ad,Britannia Marie Gold Biscuits
LB Nagar 500074,21-12-2025,12:44:23 PM,Sunfeast Marie Light Rich Taste,"https://instamart-media-assets.swiggy.com/swiggy/image/upload/fl_lossy,f_auto,q_auto,h_544,w_504/NI_CATALOG/IMAGES/ciw/2025/12/18/51127af3-044a-474f-b348-62c9ef2f7195_MOL5Y37VD5_MN_17122025.png",Sweetness Straight from Nature,956 g,28,150,107,,Ad,Britannia Marie Gold Biscuits
LB Nagar 500074,21-12-2025,12:44:23 PM,Britannia Nutrichoice Hi-Fibre Digestive Biscuits,"https://instamart-media-assets.swiggy.com/swiggy/image/upload/fl_lossy,f_auto,q_auto,h_544,w_504/NI_CATALOG/IMAGES/ciw/2025/12/18/085b1d93-8b9e-4f7a-b256-e5b6afb234b6_93NDEHIXC9_MN_17122025.png",High-fibre biscuits for healthy snacking,125 g,12,25,22,7 MINS,Organic,Britannia Marie Gold Biscuits
LB Nagar 500074,21-12-2025,12:44:23 PM,Britannia Nutrichoice Digestive High-Fibre Biscuits,"https://instamart-media-assets.swiggy.com/swiggy/image/upload/fl_lossy,f_auto,q_auto,h_544,w_504/NI_CATALOG/IMAGES/ciw/2025/12/18/de8d199d-200b-40e3-bf7f-a51ca8cbcee8_QJO9COCRG9_MN_17122025.png",High-fibre digestive biscuits,960 g,29,198,139,7 MINS,Organic,Britannia Marie Gold Biscuits
LB Nagar 500074,21-12-2025,12:44:23 PM,Unibic Danish Coconut Cookies,"https://instamart-media-assets.swiggy.com/swiggy/image/upload/fl_lossy,f_auto,q_auto,h_544,w_504/NI_CATALOG/IMAGES/ciw/2025/12/18/b5bb4818-5ead-430b-a260-a1db69aab3b1_1KRI9GY5RR_MN_17122025.png",Buttery cookies infused with coconut flavor,270 g,44,149,82,,Ad,Britannia Marie Gold Biscuits
LB Nagar 500074,21-12-2025,12:44:23 PM,Britannia 5050 Maska Chaska Biscuits,"https://instamart-media-assets.swiggy.com/swiggy/image/upload/fl_lossy,f_auto,q_auto,h_544,w_504/NI_CATALOG/IMAGES/CIW/2025/12/19/758489b2-05e3-4e4d-bec8-6c563bec8891_89_1.png",Sweet & salty butter-flavored snack,114.1 g,7,27,25,7 MINS,Organic,Britannia Marie Gold Biscuits
LB Nagar 500074,21-12-2025,12:44:23 PM,Parle Hide & Seek Cafe Mocha Cookies,"https://instamart-media-assets.swiggy.com/swiggy/image/upload/fl_lossy,f_auto,q_auto,h_544,w_504/NI_CATALOG/IMAGES/ciw/2025/12/18/13738371-e21c-423c-bcbd-ca9822b6dfef_BKUKX4DMDN_MN_17122025.png",Chocolate chip cookies with a café mocha twist,100 g,30,26,18,7 MINS,Organic,Britannia Marie Gold Biscuits
LB Nagar 500074,21-12-2025,12:44:23 PM,Parle G Glucose,"https://instamart-media-assets.swiggy.com/swiggy/image/upload/fl_lossy,f_auto,q_auto,h_544,w_504/NI_CATALOG/IMAGES/ciw/2025/12/18/f7221a27-c8dd-4281-8046-a8f746a4a337_P7K39U3YI8_MN_17122025.png",Classic energy biscuits,250 g,,,,7 MINS,Organic,Britannia Marie Gold Biscuits
LB Nagar 500074,21-12-2025,12:44:23 PM,Britannia Good Day Cashew Cookies,"https://instamart-media-assets.swiggy.com/swiggy/image/upload/fl_lossy,f_auto,q_auto,h_544,w_504/NI_CATALOG/IMAGES/CIW/2025/12/20/f4b9c7bd-a8a2-4379-8049-436945a7e948_908_1.png",Crunchy butter cookies with roasted cashew pieces,82.7 g,,,,7 MINS,Organic,Britannia Marie Gold Biscuits
LB Nagar 500074,21-12-2025,12:44:23 PM,Parle Marie Biscuits,"https://instamart-media-assets.swiggy.com/swiggy/image/upload/fl_lossy,f_auto,q_auto,h_544,w_504/NI_CATALOG/IMAGES/ciw/2025/12/18/f48904ee-ed85-48bc-8700-99408122a857_TBK6M2YT2X_MN_17122025.png",Light teatime classic,239.7 g,11,35,31,7 MINS,Organic,Britannia Marie Gold Biscuits
LB Nagar 500074,21-12-2025,12:44:23 PM,Britannia Little Hearts Classic Crunch,"https://instamart-media-assets.swiggy.com/swiggy/image/upload/fl_lossy,f_auto,q_auto,h_544,w_504/NI_CATALOG/IMAGES/CIW/2025/12/20/5e23b21d-d98d-4f62-85e3-c27b45ad81c2_90_1.png",Classic sugar-dusted crunchy biscuits,79 g,16,30,25,7 MINS,Organic,Britannia Marie Gold Biscuits
LB Nagar 500074,21-12-2025,12:44:23 PM,Mcvitie's Digestive High Fibre Biscuits With Goodness Of Wholewheat,"https://instamart-media-assets.swiggy.com/swiggy/image/upload/fl_lossy,f_auto,q_auto,h_544,w_504/NI_CATALOG/IMAGES/ciw/2025/12/18/a2e3fd16-cea8-475e-8895-4e66ae8592f8_JD3BU3QLZR_MN_17122025.png",Wholewheat high-fibre healthy biscuits,959.1 g,37,199,124,7 MINS,Organic,Britannia Marie Gold Biscuits
LB Nagar 500074,21-12-2025,12:44:23 PM,Britannia Nice Time Sugar Showered Coconut Biscuits,"https://instamart-media-assets.swiggy.com/swiggy/image/upload/fl_lossy,f_auto,q_auto,h_544,w_504/NI_CATALOG/IMAGES/ciw/2025/12/18/7c0d955f-9b3f-4a8d-9d88-9ebe39d85926_IEMCM5P3YK_MN_17122025.png",Sugar-dusted coconut biscuits with a crunch,152 g,4,22,21,7 MINS,Organic,Britannia Marie Gold Biscuits
LB Nagar 500074,21-12-2025,12:44:23 PM,Britannia NutriChoice 5 Grain Digestive Biscuit | 0% Maida & High Fibre,"https://instamart-media-assets.swiggy.com/swiggy/image/upload/fl_lossy,f_auto,q_auto,h_544,w_504/NI_CATALOG/IMAGES/ciw/2025/12/18/d2277cc7-de0b-4e8f-be1b-930e13a6320a_FWZXWGPP8I_MN_17122025.png",Hearty fiber crunch,200 g,12,65,57,7 MINS,Organic,Britannia Marie Gold Biscuits
LB Nagar 500074,21-12-2025,12:44:23 PM,Parle Krack Jack Sweet & Salty Crackers,"https://instamart-media-assets.swiggy.com/swiggy/image/upload/fl_lossy,f_auto,q_auto,h_544,w_504/NI_CATALOG/IMAGES/ciw/2025/12/18/23dd359d-f715-4b8e-b04e-005c920ce118_5B2P55K9EZ_MN_17122025.png",Classic sweet and salty tea biscuits,176.4 g,,,,7 MINS,Organic,Britannia Marie Gold Biscuits
LB Nagar 500074,21-12-2025,12:44:23 PM,Britannia NutriChoice Oats Orange & Almond Biscuits | 0% Maida,"https://instamart-media-assets.swiggy.com/swiggy/image/upload/fl_lossy,f_auto,q_auto,h_544,w_504/NI_CATALOG/IMAGES/CIW/2025/12/20/c660b244-d9da-465f-987a-e08f2d2d16f7_6677_1.png",,66.6 g,9,22,20,7 MINS,Organic,Britannia Marie Gold Biscuits
LB Nagar 500074,21-12-2025,12:44:23 PM,Britannia Milk Bikis Biscuits | 100% Atta,"https://instamart-media-assets.swiggy.com/swiggy/image/upload/fl_lossy,f_auto,q_auto,h_544,w_504/NI_CATALOG/IMAGES/ciw/2025/12/18/b6aa4980-764f-4a46-8dd3-dc35d43db7fb_730AM6ZNMK_MN_17122025.png",Nutritious biscuits for kids,190.5 g,6,30,28,7 MINS,Organic,Britannia Marie Gold Biscuits
LB Nagar 500074,21-12-2025,12:44:23 PM,Parle Parle-G Original Glucose Biscuits,"https://instamart-media-assets.swiggy.com/swiggy/image/upload/fl_lossy,f_auto,q_auto,h_544,w_504/NI_CATALOG/IMAGES/ciw/2025/12/18/3524c9af-12c6-4b25-82be-9031402197e4_TPNU4B4XLM_MN_17122025.png",Trusted glucose treat,800 g,6,90,84,7 MINS,Organic,Britannia Marie Gold Biscuits
LB Nagar 500074,21-12-2025,12:44:23 PM,Britannia Nutri Choice Hi-Fibre Digestive Biscuits,"https://instamart-media-assets.swiggy.com/swiggy/image/upload/fl_lossy,f_auto,q_auto,h_544,w_504/NI_CATALOG/IMAGES/ciw/2025/12/18/b9390a4f-422a-4ed7-8b80-55be1a46dddf_XGTO9C20BI_MN_17122025.png",,250 g,6,60,56,7 MINS,Organic,Britannia Marie Gold Biscuits
LB Nagar 500074,21-12-2025,12:44:23 PM,Parle Marie,"https://instamart-media-assets.swiggy.com/swiggy/image/upload/fl_lossy,f_auto,q_auto,h_544,w_504/NI_CATALOG/IMAGES/ciw/2025/12/18/99d50da1-d23d-4fe4-be98-63e4b9fd5632_UJ41V98Z5Q_MN_17122025.png","Classic Biscuit, Buttery Goodness.",800 g,48,204,105,7 MINS,Organic,Britannia Marie Gold Biscuits
LB Nagar 500074,21-12-2025,12:44:23 PM,Parle Nutricrunch Digestive Cookies Pouch,"https://instamart-media-assets.swiggy.com/swiggy/image/upload/fl_lossy,f_auto,q_auto,h_544,w_504/NI_CATALOG/IMAGES/ciw/2025/12/18/18a70119-65c7-4f82-a532-b4415f16fcab_AOOBCHI0NH_MN_17122025.png",,1 kg,49,285,145,7 MINS,Organic,Britannia Marie Gold Biscuits
LB Nagar 500074,21-12-2025,12:44:23 PM,Sunfeast Dark Fantasy Bourbon Classic Biscuit Made With Real Chocolate,"https://instamart-media-assets.swiggy.com/swiggy/image/upload/fl_lossy,f_auto,q_auto,h_544,w_504/NI_CATALOG/IMAGES/ciw/2025/12/18/2f0c3c24-c964-4e72-bd05-1ded926045c5_2ZLN7LQX4O_MN_17122025.png",Chocolate cream-filled sandwich biscuits,108 g,53,30,14,7 MINS,Organic,Britannia Marie Gold Biscuits
LB Nagar 500074,21-12-2025,12:44:23 PM,Parle Parle G Gold Biscuits Pouch,"https://instamart-media-assets.swiggy.com/swiggy/image/upload/fl_lossy,f_auto,q_auto,h_544,w_504/NI_CATALOG/IMAGES/ciw/2025/12/18/2277be58-0a41-4cf5-86ae-13a38639263c_VLM5FL917H_MN_17122025.png",Classic high-energy biscuits in pouch pack,1 kg,14,142,122,7 MINS,Organic,Britannia Marie Gold Biscuits
LB Nagar 500074,21-12-2025,12:44:23 PM,Parle Monaco Crispy Light Salty Snack,"https://instamart-media-assets.swiggy.com/swiggy/image/upload/fl_lossy,f_auto,q_auto,h_544,w_504/NI_CATALOG/IMAGES/ciw/2025/12/18/006e6414-ba52-4345-ba83-441b2086a887_7ERPJ1RHWT_MN_17122025.png","Crispy, salty biscuit for everyday snacking",185.6 g,,,,7 MINS,Organic,Britannia Marie Gold Biscuits
LB Nagar 500074,21-12-2025,12:44:23 PM,Britannia NutriChoice Seeds Biscuits | 0% Maida & High Fibre,"https://instamart-media-assets.swiggy.com/swiggy/image/upload/fl_lossy,f_auto,q_auto,h_544,w_504/NI_CATALOG/IMAGES/CIW/2025/12/20/4c0ba6bb-1d42-4cc7-89f5-f4b327a4513f_17006_1.png","High-fibre, maida-free seed biscuits",83.3 g,8,25,23,7 MINS,Organic,Britannia Marie Gold Biscuits
LB Nagar 500074,21-12-2025,12:44:23 PM,Britannia NutriChoice Digestive Zero High Fibre Biscuits | With 0% Added Sugar & Maida,"https://instamart-media-assets.swiggy.com/swiggy/image/upload/fl_lossy,f_auto,q_auto,h_544,w_504/NI_CATALOG/IMAGES/CIW/2025/12/20/8d7bc5f3-dd6a-4dcc-9265-993a7a718206_13994_1.png","No sugar, high fiber",100 g,6,30,28,7 MINS,Organic,Britannia Marie Gold Biscuits
LB Nagar 500074,21-12-2025,12:44:23 PM,"Britannia NutriChoice Oats Cookies | Diabetic Friendly, Zero Added Sugar & 0% Maida","https://instamart-media-assets.swiggy.com/swiggy/image/upload/fl_lossy,f_auto,q_auto,h_544,w_504/NI_CATALOG/IMAGES/ciw/2025/12/18/cfb97a2c-ef32-4870-bfda-1be3d40b0da8_IFWA1W0CU1_MN_17122025.png",Diabetic-friendly oats cookies with no maida,150 g,12,65,57,7 MINS,Organic,Britannia Marie Gold Biscuits
LB Nagar 500074,21-12-2025,12:44:23 PM,Britannia Milk Bikis Sandwich Biscuits,"https://instamart-media-assets.swiggy.com/swiggy/image/upload/fl_lossy,f_auto,q_auto,h_544,w_504/NI_CATALOG/IMAGES/ciw/2025/12/18/7d5c602a-36ee-4480-a75c-870945e64676_7Z66YMCLXN_MN_17122025.png",,188 g,8,50,46,7 MINS,Organic,Britannia Marie Gold Biscuits
LB Nagar 500074,21-12-2025,12:44:23 PM,Mcvitie's Digestive High Fibre Biscuits With Goodness Of Wholewheat,"https://instamart-media-assets.swiggy.com/swiggy/image/upload/fl_lossy,f_auto,q_auto,h_544,w_504/NI_CATALOG/IMAGES/ciw/2025/12/18/972c2420-6a6e-478f-956e-ab4be95823ed_TRA4BJEACL_MN_17122025.png",Classic fiber crunch,448 g,15,100,85,7 MINS,Organic,Britannia Marie Gold Biscuits
LB Nagar 500074,21-12-2025,12:44:23 PM,Sunfeast Farmlite High Fiber Digestive Pouch,"https://instamart-media-assets.swiggy.com/swiggy/image/upload/fl_lossy,f_auto,q_auto,h_544,w_504/NI_CATALOG/IMAGES/ciw/2025/12/18/55765571-d345-4c1d-95d7-9770ccab309d_V8Z88PBPQS_MN_17122025.png",High-fiber wheat biscuits in pouch pack,800 g,53,230,108,7 MINS,Organic,Britannia Marie Gold Biscuits
LB Nagar 500074,21-12-2025,12:44:53 PM,"Harpic Original Toilet Cleaner, 5 Min Action, 10X Advanced, Disinfectant","https://instamart-media-assets.swiggy.com/swiggy/image/upload/fl_lossy,f_auto,q_auto,h_544,w_504/NI_CATALOG/IMAGES/CIW/2025/5/27/6a54bc45-68ef-4bbc-a8b2-2a49427f9e80_3418_1.png","Powerful Clean, Stain Removal Formula.",1 ltr x 2,15,470,395,7 MINS,Organic,Harpic Power Plus Clean Disinfectant Toilet Cleaner
LB Nagar 500074,21-12-2025,12:44:53 PM,Harpic White And Shine Bleach Disinfectant Liquid Toilet Cleaner,"https://instamart-media-assets.swiggy.com/swiggy/image/upload/fl_lossy,f_auto,q_auto,h_544,w_504/NI_CATALOG/IMAGES/CIW/2025/1/7/cd214ffe-cdb7-4e47-875e-283d7a88d6f0_45579_1.png",,500 ml x 2,2,230,224,7 MINS,Organic,Harpic Power Plus Clean Disinfectant Toilet Cleaner
LB Nagar 500074,21-12-2025,12:44:53 PM,Harpic Power Plus Toilet Cleaner Original & Bathroom Cleaner Lemon Combo,"https://instamart-media-assets.swiggy.com/swiggy/image/upload/fl_lossy,f_auto,q_auto,h_544,w_504/9ae616a72d8de29d6ada733505152702","Powerful Clean, Lemon Freshness.",1 combo,13,454,392,7 MINS,Organic,Harpic Power Plus Clean Disinfectant Toilet Cleaner
LB Nagar 500074,21-12-2025,12:44:53 PM,"Harpic Lemon Toilet Cleaner, 5 Min Action, 10X Advanced, Disinfectant","https://instamart-media-assets.swiggy.com/swiggy/image/upload/fl_lossy,f_auto,q_auto,h_544,w_504/NI_CATALOG/IMAGES/ciw/2025/12/18/88b95dd8-46e6-4e29-8307-8f26c04823eb_KS53BB9GFJ_MN_18122025.png",Lemon-scented disinfectant toilet liquid,1 ltr,11,245,218,7 MINS,Organic,Harpic Power Plus Clean Disinfectant Toilet Cleaner
LB Nagar 500074,21-12-2025,12:44:53 PM,"Harpic Original Toilet Cleaner, 5 Min Action, 10X Advanced, Disinfectant","https://instamart-media-assets.swiggy.com/swiggy/image/upload/fl_lossy,f_auto,q_auto,h_544,w_504/NI_CATALOG/IMAGES/ciw/2025/12/18/b2abf21d-1612-4234-be13-e092e2bdcd62_HPZI64Y587_MN_18122025.png","Powerful Clean, Hygienic Formula.",2 ltr,15,470,396,7 MINS,Organic,Harpic Power Plus Clean Disinfectant Toilet Cleaner
LB Nagar 500074,21-12-2025,12:44:53 PM,Harpic White And Shine Disinfectant Toilet Cleaner Bleach Liquid,"https://instamart-media-assets.swiggy.com/swiggy/image/upload/fl_lossy,f_auto,q_auto,h_544,w_504/NI_CATALOG/IMAGES/CIW/2025/9/23/bc9803e2-9c09-4caf-8659-5188a01e3878_86679_1.png",Sparkling white clean,1 ltr x 2,12,490,430,7 MINS,Organic,Harpic Power Plus Clean Disinfectant Toilet Cleaner
LB Nagar 500074,21-12-2025,12:44:53 PM,"Harpic Lemon Bathroom Cleaner, 10X Better Cleaning, Disinfectant","https://instamart-media-assets.swiggy.com/swiggy/image/upload/fl_lossy,f_auto,q_auto,h_544,w_504/NI_CATALOG/IMAGES/ciw/2025/12/18/4a73a8fa-08ee-4f83-a60b-1bf8e1d653e6_V5WU5ALI08_MN_18122025.png",Powerful lemon cleaner for a fresh bathroom.,500 ml,,,,7 MINS,Organic,Harpic Power Plus Clean Disinfectant Toilet Cleaner
LB Nagar 500074,21-12-2025,12:44:53 PM,Harpic Power Plus Toilet Cleaner Original & Lizol Disinfectant Floor Cleaner Citrus Combo,"https://instamart-media-assets.swiggy.com/swiggy/image/upload/fl_lossy,f_auto,q_auto,h_544,w_504/010ec41128db8e189dce942588c093c8","Citrus Freshness, Powerful Clean.",1 combo,13,495,429,7 MINS,Organic,Harpic Power Plus Clean Disinfectant Toilet Cleaner
LB Nagar 500074,21-12-2025,12:44:53 PM,"Harpic Power Plus Toilet Cleaner Original, & Lizol Disinfectant Floor Cleaner Floral Combo","https://instamart-media-assets.swiggy.com/swiggy/image/upload/fl_lossy,f_auto,q_auto,h_544,w_504/43992f8db0b0554cce45cdb4cfeca64a","Powerful Clean, Floral Freshness.",1 combo,15,495,417,7 MINS,Organic,Harpic Power Plus Clean Disinfectant Toilet Cleaner
LB Nagar 500074,21-12-2025,12:44:53 PM,Harpic Disinfectant Toilet Cleaner Liquid Refreshing Marine,"https://instamart-media-assets.swiggy.com/swiggy/image/upload/fl_lossy,f_auto,q_auto,h_544,w_504/NI_CATALOG/IMAGES/CIW/2024/8/2/67896ccc-4493-46f6-8075-994cb23b74bb_28281_1.png",Marine fresh hygiene,1 ltr x 2,11,490,435,7 MINS,Organic,Harpic Power Plus Clean Disinfectant Toilet Cleaner
LB Nagar 500074,21-12-2025,12:44:53 PM,"Harpic Black Stain Blaster Toilet Cleaner, Citrus","https://instamart-media-assets.swiggy.com/swiggy/image/upload/fl_lossy,f_auto,q_auto,h_544,w_504/NI_CATALOG/IMAGES/ciw/2025/12/18/28db94f6-63b8-41ba-86fb-442fe47216ee_UAISMS3SLC_MN_18122025.png",Powerful germ & stain remover with citrus fragrance,750 ml,24,199,150,7 MINS,Organic,Harpic Power Plus Clean Disinfectant Toilet Cleaner
LB Nagar 500074,21-12-2025,12:44:53 PM,"Harpic Jasmine Toilet Cleaner, 5 Min Action, 10X Advanced, Disinfectant","https://instamart-media-assets.swiggy.com/swiggy/image/upload/fl_lossy,f_auto,q_auto,h_544,w_504/NI_CATALOG/IMAGES/ciw/2025/12/18/2dd174d7-7a13-49bf-b7b2-50d76d72c9a4_ZVKVZAI3LW_MN_18122025.png",Jasmine fresh toilet,1 ltr,10,245,220,7 MINS,Organic,Harpic Power Plus Clean Disinfectant Toilet Cleaner
LB Nagar 500074,21-12-2025,12:44:53 PM,"Harpic Power Plusl & Toilet Cleaner, Citrus Combo","https://instamart-media-assets.swiggy.com/swiggy/image/upload/fl_lossy,f_auto,q_auto,h_544,w_504/c39d1386687391137df48c0d5d177adb","Citrus Freshness, Powerful Clean.",1 combo,19,434,350,7 MINS,Organic,Harpic Power Plus Clean Disinfectant Toilet Cleaner
LB Nagar 500074,21-12-2025,12:44:53 PM,Harpic Power Plus Toilet Cleaner Liquid Original & Bathroom Cleaner Liquid Floral Combo,"https://instamart-media-assets.swiggy.com/swiggy/image/upload/fl_lossy,f_auto,q_auto,h_544,w_504/c4e245e3a63b65dd9a1f0855dc216772","Powerful Clean, Floral Freshness.",1 combo,13,454,391,7 MINS,Organic,Harpic Power Plus Clean Disinfectant Toilet Cleaner
LB Nagar 500074,21-12-2025,12:44:53 PM,Harpic Floral Disinfectant Bathroom Cleaner,"https://instamart-media-assets.swiggy.com/swiggy/image/upload/fl_lossy,f_auto,q_auto,h_544,w_504/NI_CATALOG/IMAGES/ciw/2025/12/18/01811606-8965-4f7e-b758-300636148111_5CR6HH1L9B_MN_18122025.png",Floral deep cleanse,1 ltr,10,219,195,7 MINS,Organic,Harpic Power Plus Clean Disinfectant Toilet Cleaner
LB Nagar 500074,21-12-2025,12:44:53 PM,Harpic Toilet Cleaner Original & Lizol Floor Cleaner Citrus & Dis-Infectant Bathroom Cleaner Combo,"https://instamart-media-assets.swiggy.com/swiggy/image/upload/fl_lossy,f_auto,q_auto,h_544,w_504/6d147ef7fd3246a3a5cd6b87aa89c071","Complete Bathroom Clean, Citrus & Lemon Freshness.",1 combo,12,714,628,7 MINS,Organic,Harpic Power Plus Clean Disinfectant Toilet Cleaner
LB Nagar 500074,21-12-2025,12:44:53 PM,"Harpic Lemon Bathroom Cleaner, 10X Better Cleaning, Disinfectant","https://instamart-media-assets.swiggy.com/swiggy/image/upload/fl_lossy,f_auto,q_auto,h_544,w_504/ppcs6rcqwnvabtznwq5f","Citrus Clean, Sparkling Bathroom.",1 ltr x 2,13,438,378,7 MINS,Organic,Harpic Power Plus Clean Disinfectant Toilet Cleaner
LB Nagar 500074,21-12-2025,12:44:53 PM,"Harpic Power Plus Toilet Cleaner Original & Flushmatic In Cistern Toilet Cleaner, Marine Combo","https://instamart-media-assets.swiggy.com/swiggy/image/upload/fl_lossy,f_auto,q_auto,h_544,w_504/407f4106e9c4c58b16ac6902fa3e7c4c","Powerful Clean, Marine Freshness.",1 combo,13,425,368,7 MINS,Organic,Harpic Power Plus Clean Disinfectant Toilet Cleaner
LB Nagar 500074,21-12-2025,12:44:53 PM,Harpic Power Plus Toilet Cleaner Original & Fresh Power 6 Marine Splash Toilet Rim Block Combo,"https://instamart-media-assets.swiggy.com/swiggy/image/upload/fl_lossy,f_auto,q_auto,h_544,w_504/114c07c5f01ea78dd09ae377c78927a1","Powerful Clean, Marine Freshness.",1 combo,11,445,392,7 MINS,Organic,Harpic Power Plus Clean Disinfectant Toilet Cleaner
LB Nagar 500074,21-12-2025,12:44:53 PM,Harpic Bathroom Cleaner Liquid Floral & Lemon Combo,"https://instamart-media-assets.swiggy.com/swiggy/image/upload/fl_lossy,f_auto,q_auto,h_544,w_504/f58b0f28fddb04f4b70db9dd83d59e2f","Floral & Lemon, Sparkling Clean Bathroom.",1 combo,10,438,391,7 MINS,Organic,Harpic Power Plus Clean Disinfectant Toilet Cleaner
LB Nagar 500074,21-12-2025,12:44:53 PM,Clean Champ Disinfectant Toilet Cleaner,"https://instamart-media-assets.swiggy.com/swiggy/image/upload/fl_lossy,f_auto,q_auto,h_544,w_504/3cddc18118f1b37d6aafa0a1b7cd994b",Disinfectant for toilet hygiene,500 ml,39,99,60,7 MINS,Organic,Harpic Power Plus Clean Disinfectant Toilet Cleaner
LB Nagar 500074,21-12-2025,12:44:53 PM,Domex Disinfectant Expert Toilet Cleaner,"https://instamart-media-assets.swiggy.com/swiggy/image/upload/fl_lossy,f_auto,q_auto,h_544,w_504/NI_CATALOG/IMAGES/ciw/2025/12/18/6df394d2-e08a-488e-b5f3-abaaf08610b1_2YFJGY1CPG_MN_18122025.png",Powerful toilet disinfectant,1 ltr,20,245,195,7 MINS,Organic,Harpic Power Plus Clean Disinfectant Toilet Cleaner
LB Nagar 500074,21-12-2025,12:44:53 PM,Harpic Power Plus Toilet Cleaner Original & Colin Glass & Multisurface Cleaner Combo,"https://instamart-media-assets.swiggy.com/swiggy/image/upload/fl_lossy,f_auto,q_auto,h_544,w_504/NI_CATALOG/IMAGES/CIW/2024/8/17/91034afc-7caa-41f7-97f1-a54ee1e4ea13_19272_1.png","Powerful Clean, Multi-Surface Shine.",1 combo,10,350,312,7 MINS,Organic,Harpic Power Plus Clean Disinfectant Toilet Cleaner
LB Nagar 500074,21-12-2025,12:44:53 PM,Domex Toilet Cleaner Lime Fresh,"https://instamart-media-assets.swiggy.com/swiggy/image/upload/fl_lossy,f_auto,q_auto,h_544,w_504/NI_CATALOG/IMAGES/ciw/2025/12/18/23b09366-2d5e-4e5a-a60e-9c2289cf8254_1Q615G0U4M_MN_18122025.png",Limescale fighter clean,1 ltr,20,245,195,7 MINS,Organic,Harpic Power Plus Clean Disinfectant Toilet Cleaner
LB Nagar 500074,21-12-2025,12:44:53 PM,Domex Power foam Spray Floral Blast,"https://instamart-media-assets.swiggy.com/swiggy/image/upload/fl_lossy,f_auto,q_auto,h_544,w_504/NI_CATALOG/IMAGES/ciw/2025/12/18/e5e34c66-80c3-4586-8986-0ff29a1798de_A44MFD0HWQ_MN_18122025.png",,450 ml,20,230,183,7 MINS,Organic,Harpic Power Plus Clean Disinfectant Toilet Cleaner
LB Nagar 500074,21-12-2025,12:44:53 PM,Lizol Floor Citrus & Harpic Toilet Blocks Marine Cleaner Combo,"https://instamart-media-assets.swiggy.com/swiggy/image/upload/fl_lossy,f_auto,q_auto,h_544,w_504/9c35004683862417e03104cae5191332","Citrus & Marine, Complete Bathroom Clean.",1 combo,11,767,676,7 MINS,Organic,Harpic Power Plus Clean Disinfectant Toilet Cleaner
LB Nagar 500074,21-12-2025,12:44:53 PM,Household Cleaner Combo,"https://instamart-media-assets.swiggy.com/swiggy/image/upload/fl_lossy,f_auto,q_auto,h_544,w_504/m989xmnkyttw2uc0cjxj","Complete Clean, Household Essentials.",1 combo,10,569,511,7 MINS,Organic,Harpic Power Plus Clean Disinfectant Toilet Cleaner
LB Nagar 500074,21-12-2025,12:44:53 PM,Harpic Power Plus Stain Removal Disinfectant Toilet Cleaner (Original),"https://instamart-media-assets.swiggy.com/swiggy/image/upload/fl_lossy,f_auto,q_auto,h_544,w_504/NI_CATALOG/IMAGES/CIW/2025/7/22/1a0321f5-d7b2-417a-b9e0-2d91de1a647b_1453_1.png",,600 ml x 3,1,417,409,SOLD OUT,Organic,Harpic Power Plus Clean Disinfectant Toilet Cleaner
LB Nagar 500074,21-12-2025,12:44:53 PM,"Harpic Disinfectant Bathroom Cleaner (Lemon), Colin Glass & Household Cleaner and Harpic Power Plus Stain Removal Disinfectant Toilet Cleaner (Original)","https://instamart-media-assets.swiggy.com/swiggy/image/upload/fl_lossy,f_auto,q_auto,h_544,w_504/NI_CATALOG/IMAGES/CIW/2025/5/16/875bb688-ae9b-4769-9822-07eee25ccdf7_868005.png",,1 combo,1,374,371,SOLD OUT,Organic,Harpic Power Plus Clean Disinfectant Toilet Cleaner
LB Nagar 500074,21-12-2025,12:44:53 PM,Vim Dishwash Bar Lemon(110g + 30% Extra),"https://instamart-media-assets.swiggy.com/swiggy/image/upload/fl_lossy,f_auto,q_auto,h_544,w_504/NI_CATALOG/IMAGES/CIW/2024/8/2/49f3f180-8f49-454f-9a65-1416cffd8e43_97420_3.png","Tough grease, quick",110 g,,,,7 MINS,Organic,Harpic Power Plus Clean Disinfectant Toilet Cleaner
LB Nagar 500074,21-12-2025,12:44:53 PM,Lizol Citrus Floor Cleaner Liquid Disinfectant Surface Cleaner,"https://instamart-media-assets.swiggy.com/swiggy/image/upload/fl_lossy,f_auto,q_auto,h_544,w_504/NI_CATALOG/IMAGES/ciw/2025/12/18/d7266cf1-178d-4e07-a884-26608ecd5b96_BIOCW5BXS6_MN_18122025.png","Powerful Clean, Citrus Freshness.",1 ltr,11,260,229,7 MINS,Organic,Harpic Power Plus Clean Disinfectant Toilet Cleaner
LB Nagar 500074,21-12-2025,12:44:53 PM,Harpic Hygienic Toilet Cleaner Rim Block (Lavender),"https://instamart-media-assets.swiggy.com/swiggy/image/upload/fl_lossy,f_auto,q_auto,h_544,w_504/NI_CATALOG/IMAGES/CIW/2024/10/25/6b0674d9-5b58-4433-b417-6bc455915af1_48290_1.png",,26 g x 2,10,190,170,7 MINS,Organic,Harpic Power Plus Clean Disinfectant Toilet Cleaner
LB Nagar 500074,21-12-2025,12:45:22 PM,boAt Airdopes Primo Earbuds Wireless Earphones with Mic (Active Black),"https://instamart-media-assets.swiggy.com/swiggy/image/upload/fl_lossy,f_auto,q_auto,h_544,w_504/NI_CATALOG/IMAGES/CIW/2025/4/2/3f165e9e-f3bb-4dc9-b01d-cac7ba2dda29_371125_1.png",TWS earbuds with mic and balanced sound,1 pack,82,4490,799,7 MINS,Organic,boAt Airdopes Prime Wireless Earbuds
LB Nagar 500074,21-12-2025,12:45:22 PM,"boAt Airdopes 313, 13mm Drivers, Glide Shell, 75H Battery, TWS Ear Buds Wireless Earphones with mic (Carbon Black)","https://instamart-media-assets.swiggy.com/swiggy/image/upload/fl_lossy,f_auto,q_auto,h_544,w_504/NI_CATALOG/IMAGES/CIW/2025/12/4/02e4939c-276b-49df-91e9-64d2fbf36664_777237_1.png","Endless battery, punchy beats",1 Piece,72,3990,1099,7 MINS,Organic,boAt Airdopes Prime Wireless Earbuds
LB Nagar 500074,21-12-2025,12:45:22 PM,"boAt Airdopes 141 TWS Wireless Earphones with mic, ENx Tech, 42H Battery, Fast Charge, IPX4, BT v5.1(Cider Cyan)","https://instamart-media-assets.swiggy.com/swiggy/image/upload/fl_lossy,f_auto,q_auto,h_544,w_504/NI_CATALOG/IMAGES/CIW/2025/7/28/1068d54e-7554-45c9-a47c-f6bce03d763f_2UK4D40PT0.png",All-day battery buds,1 unit,79,4490,899,7 MINS,Organic,boAt Airdopes Prime Wireless Earbuds
LB Nagar 500074,21-12-2025,12:45:22 PM,"boAt Airdopes 141 Gen 2 w/48 Hours Playback, 4 mics ENx Tech,ASAP Charge TWS Earbuds (Grey)","https://instamart-media-assets.swiggy.com/swiggy/image/upload/fl_lossy,f_auto,q_auto,h_544,w_504/NI_CATALOG/IMAGES/ciw/2025/8/27/6ace58a7-0199-473b-aca2-19ab9dc4fc5a_NPI-026343_1_20250827_102436.png",Extended playtime with clear calls,1 Piece,77,3990,899,7 MINS,Organic,boAt Airdopes Prime Wireless Earbuds
LB Nagar 500074,21-12-2025,12:45:22 PM,"boAt Airdopes 311 Pro TWS w/ 50H Battery, Fast Charge, ENx Tech, Transparent LID, Low Latency, IPX4, IWP, v5.3 (Active Black)","https://instamart-media-assets.swiggy.com/swiggy/image/upload/fl_lossy,f_auto,q_auto,h_544,w_504/NI_CATALOG/IMAGES/CIW/2025/8/1/f06e8a2e-4209-4d8c-adb9-c9058b751683_OZK7GGHT8B.png","Fast-charge buds, balanced sound",1 unit,79,4990,999,7 MINS,Organic,boAt Airdopes Prime Wireless Earbuds
LB Nagar 500074,21-12-2025,12:45:22 PM,"boAt Airdopes 141 Gen 2 w/48 Hours Playback, 4 mics ENx Tech,ASAP Charge TWS Earbuds (Active Black)","https://instamart-media-assets.swiggy.com/swiggy/image/upload/fl_lossy,f_auto,q_auto,h_544,w_504/NI_CATALOG/IMAGES/ciw/2025/8/27/3bffe784-e0d9-4bdf-8307-bef9c6b70ccd_NPI-026339_1_20250827_101853.png",Long playtime with clear calls,1 Piece,77,3990,899,7 MINS,Organic,boAt Airdopes Prime Wireless Earbuds
LB Nagar 500074,21-12-2025,12:45:22 PM,"boAt Airdopes 163 In Ear TWS Earbuds With Mic, 40H Playtime, Signature Sound, BEAST Mode & ENx Tech (Active Black)","https://instamart-media-assets.swiggy.com/swiggy/image/upload/fl_lossy,f_auto,q_auto,h_544,w_504/NI_CATALOG/IMAGES/CIW/2025/10/28/9d65850a-d45e-4d71-b208-196934daeee8_39755_1.png",Clear sound earbuds with BEAST Mode,1 unit,61,2490,949,7 MINS,Organic,boAt Airdopes Prime Wireless Earbuds
LB Nagar 500074,21-12-2025,12:45:22 PM,"boAt Airdopes 131 Elite ANC TWS Earbuds w/ 32dB ANC, 60H Battery & Ambient Mode (Active Black)","https://instamart-media-assets.swiggy.com/swiggy/image/upload/fl_lossy,f_auto,q_auto,h_544,w_504/NI_CATALOG/IMAGES/CIW/2025/4/24/05945f8a-f15e-485e-81d3-162386b0f14b_170685_1.png",,1 pack,79,6990,1399,7 MINS,Organic,boAt Airdopes Prime Wireless Earbuds
LB Nagar 500074,21-12-2025,12:45:22 PM,"boAt Airdopes 131 Pro Buds TWS With In Ear Detection, 4 Mics ENx Tech & 40H Playback-Active Black","https://instamart-media-assets.swiggy.com/swiggy/image/upload/fl_lossy,f_auto,q_auto,h_544,w_504/NI_CATALOG/IMAGES/CIW/2025/7/31/b5e7ff33-db11-4ba3-bb98-b3fd90762793_738AU0B51I.png",Clear call earbuds,1 pack,83,5490,899,7 MINS,Organic,boAt Airdopes Prime Wireless Earbuds
LB Nagar 500074,21-12-2025,12:45:22 PM,"boAt Airdopes 121 Pro Plus TWS Earbuds w/ 100H Battery, ENx, 50ms Low Latency, Fast Charge, LED Display, IPX5, BTv5.3 (Blue)","https://instamart-media-assets.swiggy.com/swiggy/image/upload/fl_lossy,f_auto,q_auto,h_544,w_504/NI_CATALOG/IMAGES/CIW/2024/8/13/f05f8c3b-2050-453f-9f14-ac02c28a8337_884462_1.png",Compact power earbuds,1 unit,79,4990,1019,7 MINS,Organic,boAt Airdopes Prime Wireless Earbuds
LB Nagar 500074,21-12-2025,12:45:22 PM,"boAt Airdopes 111v2 TWS Earbuds w/ Premium Leather Finish,4Mics ENx,50H Battery,Fast Charge,Dual Pair,BTv5.4(Ivory White)","https://instamart-media-assets.swiggy.com/swiggy/image/upload/fl_lossy,f_auto,q_auto,h_544,w_504/NI_CATALOG/IMAGES/CIW/2025/6/10/142ee83b-0478-428e-bf76-9e2c0d53adaf_920401_1.png",,1 unit,77,4990,1099,7 MINS,Organic,boAt Airdopes Prime Wireless Earbuds
LB Nagar 500074,21-12-2025,12:45:22 PM,"boAt Airdopes 300 TWS Earbuds w/ Cinematic Spatial Audio, 50H Battery, 4Mic AI ENx, Fast Charge, IPX4 v5.3 (Chrome White)","https://instamart-media-assets.swiggy.com/swiggy/image/upload/fl_lossy,f_auto,q_auto,h_544,w_504/NI_CATALOG/IMAGES/CIW/2025/8/1/228a2fb0-323d-4693-bae4-edfa1466c4ed_ZON57KZJ60.png",Spatial cinematic buds,1 unit,83,6490,1099,7 MINS,Organic,boAt Airdopes Prime Wireless Earbuds
LB Nagar 500074,21-12-2025,12:45:22 PM,"boAt Airdopes 121 Pro Plus TWS Earbuds w/ 100H Battery, ENx, 50ms Low Latency, Fast Charge, LED Display, IPX5, BTv5.3 (Black)","https://instamart-media-assets.swiggy.com/swiggy/image/upload/fl_lossy,f_auto,q_auto,h_544,w_504/NI_CATALOG/IMAGES/CIW/2025/8/1/17bad3e0-39f7-4546-8f52-7b0930deb338_SWGIW3GMBJ.png","Marathon play, low latency",1 unit,77,4990,1099,7 MINS,Organic,boAt Airdopes Prime Wireless Earbuds
LB Nagar 500074,21-12-2025,12:45:22 PM,"boAt Airdopes 219 w/40 Hours playback,4 mics ENx tech, 13mm Drivers (Carbon Black )","https://instamart-media-assets.swiggy.com/swiggy/image/upload/fl_lossy,f_auto,q_auto,h_544,w_504/NI_CATALOG/IMAGES/ciw/2025/8/7/aa0e289d-4ad8-45cf-98e2-a41ebe818a0a_NPI-016827_1_20250807_062406.png","Balanced sound, lasting play",1 Piece,74,3990,999,7 MINS,Organic,boAt Airdopes Prime Wireless Earbuds
LB Nagar 500074,21-12-2025,12:45:22 PM,"boAt Airdopes 111v2 TWS Earbuds w/ Premium Leather Finish,4Mics ENx,50H Battery,Fast Charge,Dual Pair,BTv5.4(Classic Black)","https://instamart-media-assets.swiggy.com/swiggy/image/upload/fl_lossy,f_auto,q_auto,h_544,w_504/NI_CATALOG/IMAGES/CIW/2025/6/10/e6a2ae92-edcd-4f52-bb80-2beeb7f94734_538462_1.png",,1 unit,77,4990,1118,7 MINS,Organic,boAt Airdopes Prime Wireless Earbuds
LB Nagar 500074,21-12-2025,12:45:22 PM,"boAt Airdopes 300 TWS Earbuds w/ Cinematic Spatial Audio, 50H Battery, 4Mic AI ENx, Fast Charge, IPX4 v5.3 (Gunmetal Black)","https://instamart-media-assets.swiggy.com/swiggy/image/upload/fl_lossy,f_auto,q_auto,h_544,w_504/NI_CATALOG/IMAGES/CIW/2025/7/28/f1fe5475-4176-4722-9aff-0487f09215c4_Z9GO2T8T3D.png",Spatial audio effect,1 unit,79,6490,1299,7 MINS,Organic,boAt Airdopes Prime Wireless Earbuds
LB Nagar 500074,21-12-2025,12:45:22 PM,"boAt Airdopes 219 w/40 Hours playback,4 mics ENx tech, 13mm Drivers (Forest sage)","https://instamart-media-assets.swiggy.com/swiggy/image/upload/fl_lossy,f_auto,q_auto,h_544,w_504/NI_CATALOG/IMAGES/ciw/2025/7/30/250ac61b-8161-48dc-bb88-c306041ee50c_NPI-016828_1_20250730_143002.png","Everyday buds, clear calls",1 Piece,74,3990,999,7 MINS,Organic,boAt Airdopes Prime Wireless Earbuds
LB Nagar 500074,21-12-2025,12:45:22 PM,"boAt Airdopes 313 w/75 hours battery,13mm drivers with boAt signature sound(Jade Green)","https://instamart-media-assets.swiggy.com/swiggy/image/upload/fl_lossy,f_auto,q_auto,h_544,w_504/NI_CATALOG/IMAGES/CIW/2025/12/4/c66d0e58-b377-4db8-8d3b-a0e536776ef5_459337_1.png",,1 Piece,72,3990,1099,7 MINS,Organic,boAt Airdopes Prime Wireless Earbuds
LB Nagar 500074,21-12-2025,12:45:22 PM,"boAt Nirvana Ion w/ ENx Tech,120H battery, ASAP Charge (Charcoal Black)","https://instamart-media-assets.swiggy.com/swiggy/image/upload/fl_lossy,f_auto,q_auto,h_544,w_504/NI_CATALOG/IMAGES/CIW/2025/7/28/934ac752-d77b-4765-85c6-cab0c3f29eea_VO8YWAFROG.png",Endless playtime buds,1 unit,78,7990,1699,7 MINS,Organic,boAt Airdopes Prime Wireless Earbuds
LB Nagar 500074,21-12-2025,12:45:22 PM,"boAt Airdopes Ace TWS in Ear Earbuds w/ 35H Playback, 13mm Drivers, Dual Mics ENx & Beast Mode (Starry Blue)","https://instamart-media-assets.swiggy.com/swiggy/image/upload/fl_lossy,f_auto,q_auto,h_544,w_504/NI_CATALOG/IMAGES/CIW/2025/7/31/e7f42ccf-c33d-4bba-a7e7-4fcbea9675ac_RU8BAA8BW8.png",Immersive sound with long battery,1 Piece,74,3490,899,SOLD OUT,Organic,boAt Airdopes Prime Wireless Earbuds
LB Nagar 500074,21-12-2025,12:45:22 PM,"boAt Airdopes 141 Gen 2 w/48 Hours Playback, 4 mics ENx Tech,ASAP Charge TWS Earbuds (Active White)","https://instamart-media-assets.swiggy.com/swiggy/image/upload/fl_lossy,f_auto,q_auto,h_544,w_504/NI_CATALOG/IMAGES/ciw/2025/8/27/a4da4f70-e038-4a49-b72f-ade51cf41811_NPI-026340_1_20250827_102019.png",Long playtime with crisp sound,1 Piece,77,3990,899,SOLD OUT,Organic,boAt Airdopes Prime Wireless Earbuds
LB Nagar 500074,21-12-2025,12:45:22 PM,"Hammer Drop Bluetooth Speaker With Mic, 5W, 32 Hrs Playtime (Green)","https://instamart-media-assets.swiggy.com/swiggy/image/upload/fl_lossy,f_auto,q_auto,h_544,w_504/NI_CATALOG/IMAGES/CIW/2025/7/31/f6b223e5-d3ce-4272-9fef-0d9241b1689b_UK3Z6K1ZCI.png",Long-play speaker with rich sound,1 unit,88,3499,399,7 MINS,Organic,boAt Airdopes Prime Wireless Earbuds
LB Nagar 500074,21-12-2025,12:45:22 PM,"Hammer Airflow Plus In-Ear Truly Wireless Earbuds With Mic, 23 Hours Playtime, Sound Isolation, IPX4, Bluetooth v5.1 (Green)","https://instamart-media-assets.swiggy.com/swiggy/image/upload/fl_lossy,f_auto,q_auto,h_544,w_504/NI_CATALOG/IMAGES/CIW/2025/7/25/1abd8cd0-d5b0-434f-9f85-5b59b1f9fbe9_53UAG2RD0A.png","Long play, clear sound",1 unit,91,4999,429,7 MINS,Organic,boAt Airdopes Prime Wireless Earbuds
LB Nagar 500074,21-12-2025,12:45:22 PM,"Hammer Drop Bluetooth Speaker With Mic, 5W, 32 Hrs Playtime (Beige)","https://instamart-media-assets.swiggy.com/swiggy/image/upload/fl_lossy,f_auto,q_auto,h_544,w_504/NI_CATALOG/IMAGES/CIW/2025/7/28/f6bf2c17-d8ef-4406-939f-bb26c6378fc8_JDOR0ZX557.png",Long-play portable speaker,1 unit,88,3499,399,7 MINS,Organic,boAt Airdopes Prime Wireless Earbuds
LB Nagar 500074,21-12-2025,12:45:22 PM,Dubstep Buzz X9 With 56 Hrs Playtime Enc Tws Earbuds (Black),"https://instamart-media-assets.swiggy.com/swiggy/image/upload/fl_lossy,f_auto,q_auto,h_544,w_504/NI_CATALOG/IMAGES/CIW/2025/6/12/442267da-bd06-4b30-bfc6-628434033fdc_279239_1.png","56H play, clear calls",1 pack,86,2999,399,7 MINS,Organic,boAt Airdopes Prime Wireless Earbuds
LB Nagar 500074,21-12-2025,12:45:22 PM,"boAt Stone 352 Pro BT Speaker 14W Signature Sound, 12 Hours Playtime, BTv5.3 (Raging Black)","https://instamart-media-assets.swiggy.com/swiggy/image/upload/fl_lossy,f_auto,q_auto,h_544,w_504/NI_CATALOG/IMAGES/CIW/2025/8/1/f2e57e17-55af-4b26-9061-fe4edc4c0db8_6QS7LIK5SH.png",Portable speaker with punchy bass,1 unit,77,4990,1099,7 MINS,Organic,boAt Airdopes Prime Wireless Earbuds
LB Nagar 500074,21-12-2025,12:45:22 PM,"Nu Republic Soundbar 20 (20W, 12 Hrs Playtime), Wireless Bluetooth Soundbar with Mic v5.3 (Black)","https://instamart-media-assets.swiggy.com/swiggy/image/upload/fl_lossy,f_auto,q_auto,h_544,w_504/NI_CATALOG/IMAGES/CIW/2025/4/22/2324630c-6912-4ae4-a0a2-3ed52c3a256d_814508_1.png",Compact Bluetooth soundbar,1 unit,85,4499,659,7 MINS,Organic,boAt Airdopes Prime Wireless Earbuds
LB Nagar 500074,21-12-2025,12:45:22 PM,"boAt Wave Call 2 with 1.83” HD Display, Advanced BT Calling, Functional Crown, Multiple Sports Modes, IP67, HR, Sleep & SPO₂ Monitor Smart Watch(Warm Grey)","https://instamart-media-assets.swiggy.com/swiggy/image/upload/fl_lossy,f_auto,q_auto,h_544,w_504/NI_CATALOG/IMAGES/ciw/2025/8/27/8c989515-1cb3-45b9-b8ef-58c7df1e2270_NPI-027229_1_20250827_110731.png",Smart calling watch with vivid display,1 Piece,82,6999,1229,7 MINS,Organic,boAt Airdopes Prime Wireless Earbuds
LB Nagar 500074,21-12-2025,12:45:22 PM,"boAt Stone 190 Pro Bluetooth Speaker, 5W, 12H Playtime, Bluetooth v5.3 (Raging Black)","https://instamart-media-assets.swiggy.com/swiggy/image/upload/fl_lossy,f_auto,q_auto,h_544,w_504/NI_CATALOG/IMAGES/CIW/2024/8/13/632fbf69-da64-49a4-b225-048938858915_223115_1.png",Compact speaker with loud sound,1 unit,76,2990,699,7 MINS,Organic,boAt Airdopes Prime Wireless Earbuds
LB Nagar 500074,21-12-2025,12:45:22 PM,"boAt Lunar Discovery With 1.39"" HD Display, Turn-by-Turn Navigation & DIY Face Studio-Active Black","https://instamart-media-assets.swiggy.com/swiggy/image/upload/fl_lossy,f_auto,q_auto,h_544,w_504/NI_CATALOG/IMAGES/CIW/2025/7/24/4fa32d53-d900-402c-9ab3-5bf14839a639_YV32KC0N16.png",Built-in GPS tracker,1 pack,82,8499,1499,7 MINS,Organic,boAt Airdopes Prime Wireless Earbuds
LB Nagar 500074,21-12-2025,12:45:22 PM,"Hammer Ultra Pods In-Ear Truly Wireless Earbuds With Mic, 30 Hours Playtime, IPX5, Bluetooth v5.3 (Blue)","https://instamart-media-assets.swiggy.com/swiggy/image/upload/fl_lossy,f_auto,q_auto,h_544,w_504/NI_CATALOG/IMAGES/CIW/2025/9/13/6a4e597a-97bc-48d8-b23f-1592f0f52c06_691558_1.png",Extended play earbuds,1 unit,86,3499,473,7 MINS,Organic,boAt Airdopes Prime Wireless Earbuds
LB Nagar 500074,21-12-2025,12:45:22 PM,Portronics Conch Theta C Type C Wired Earphone - White,"https://instamart-media-assets.swiggy.com/swiggy/image/upload/fl_lossy,f_auto,q_auto,h_544,w_504/NI_CATALOG/IMAGES/CIW/2025/7/28/021220db-3a91-4a6a-a461-43ba1938b6ae_NUCDCJBKHH.png","Stereo sound, compact design",1 unit,65,799,279,7 MINS,Organic,boAt Airdopes Prime Wireless Earbuds
LB Nagar 500074,21-12-2025,12:45:55 PM,Himalaya Purifying Neem Face Wash,"https://instamart-media-assets.swiggy.com/swiggy/image/upload/fl_lossy,f_auto,q_auto,h_544,w_504/NI_CATALOG/IMAGES/CIW/2025/7/21/bc908fc2-ec2a-4a6a-bc67-57db82b3e763_1319_01.png",Applied for Anti-acne & Pimples,100 ml,12,189,166,7 MINS,Organic,Himalaya Neem Purifying Face Wash
LB Nagar 500074,21-12-2025,12:45:55 PM,Himalaya Purifying Neem Face Wash,"https://instamart-media-assets.swiggy.com/swiggy/image/upload/fl_lossy,f_auto,q_auto,h_544,w_504/NI_CATALOG/IMAGES/CIW/2025/7/21/df1c3b57-6d59-4cf2-b5aa-ba6f93154af7_1320_01.png","Purifying Cleanse, Neem Power.",200 ml,18,449,368,7 MINS,Organic,Himalaya Neem Purifying Face Wash
LB Nagar 500074,21-12-2025,12:45:55 PM,Himalaya Purifying Neem Face Wash,"https://instamart-media-assets.swiggy.com/swiggy/image/upload/fl_lossy,f_auto,q_auto,h_544,w_504/NI_CATALOG/IMAGES/CIW/2025/7/21/59c22e93-d9c4-4778-828d-264bff4c28be_45133_01.png","Purifying Cleanse, Neem Power.",400 ml,25,599,449,7 MINS,Organic,Himalaya Neem Purifying Face Wash
LB Nagar 500074,21-12-2025,12:45:55 PM,Foxtale Vit C Super Glow Face Wash|Detan and Glow,"https://instamart-media-assets.swiggy.com/swiggy/image/upload/fl_lossy,f_auto,q_auto,h_544,w_504/NI_CATALOG/IMAGES/CIW/2025/10/18/d28ff220-2ef8-4ba3-bca5-98895bb2ee6e_109073_1.png",,100 ml,14,249,214,,Ad,Himalaya Neem Purifying Face Wash
LB Nagar 500074,21-12-2025,12:45:55 PM,Himalaya Purifying Neem Foaming Face Wash,"https://instamart-media-assets.swiggy.com/swiggy/image/upload/fl_lossy,f_auto,q_auto,h_544,w_504/NI_CATALOG/IMAGES/CIW/2025/3/21/3d0afdf5-a858-4f6a-8f77-e0cca792e82f_3801_1.png",Purifying face wash with neem & turmeric,150 ml,14,299,257,7 MINS,Organic,Himalaya Neem Purifying Face Wash
LB Nagar 500074,21-12-2025,12:45:55 PM,Himalaya Natural Glow Kesar Face Wash,"https://instamart-media-assets.swiggy.com/swiggy/image/upload/fl_lossy,f_auto,q_auto,h_544,w_504/NI_CATALOG/IMAGES/CIW/2025/2/26/a6c2196b-b0a9-4883-9b06-43b07d25d1b9_62028_1.png",Brightening face wash with saffron for glowing skin,150 ml,17,279,229,7 MINS,Organic,Himalaya Neem Purifying Face Wash
LB Nagar 500074,21-12-2025,12:45:55 PM,Everyuth Purifying Neem Facewash,"https://instamart-media-assets.swiggy.com/swiggy/image/upload/fl_lossy,f_auto,q_auto,h_544,w_504/NI_CATALOG/IMAGES/CIW/2025/9/20/d7ca30f5-f448-44d2-b2e3-19e63b508bbe_26967_1.png",Neem-based cleanser for clear skin,150 g,39,225,137,7 MINS,Organic,Himalaya Neem Purifying Face Wash
LB Nagar 500074,21-12-2025,12:45:55 PM,Himalaya Purifying Neem Face Wash,"https://instamart-media-assets.swiggy.com/swiggy/image/upload/fl_lossy,f_auto,q_auto,h_544,w_504/NI_CATALOG/IMAGES/CIW/2025/7/21/115c41b1-7116-4470-afcc-81c4e040446e_95149_01.png",,300 ml x 2,18,950,770,SOLD OUT,Organic,Himalaya Neem Purifying Face Wash
LB Nagar 500074,21-12-2025,12:45:55 PM,Cetaphil Gentle Skin Cleanser Face Wash,"https://instamart-media-assets.swiggy.com/swiggy/image/upload/fl_lossy,f_auto,q_auto,h_544,w_504/NI_CATALOG/IMAGES/CIW/2025/7/6/59adb4d3-e93c-42a8-b7dc-8d2e13b00bf0_56861_1.png",Daily cleanser for gentle yet effective cleaning,250 ml,11,769,684,7 MINS,Organic,Himalaya Neem Purifying Face Wash
LB Nagar 500074,21-12-2025,12:45:55 PM,Clean & Clear Foaming Face Wash,"https://instamart-media-assets.swiggy.com/swiggy/image/upload/fl_lossy,f_auto,q_auto,h_544,w_504/ixavngmca1fvckii5b38","Deep Cleanse, Foaming Formula.",100 ml,8,199,183,7 MINS,Organic,Himalaya Neem Purifying Face Wash
LB Nagar 500074,21-12-2025,12:45:55 PM,Everyuth Walnut Scrub and Purifying Neem Facewash Combo,"https://instamart-media-assets.swiggy.com/swiggy/image/upload/fl_lossy,f_auto,q_auto,h_544,w_504/a71c4638f779e18bff1f327a1d91625e",Deep-cleansing skincare duo,1 combo,24,435,328,7 MINS,Organic,Himalaya Neem Purifying Face Wash
LB Nagar 500074,21-12-2025,12:45:55 PM,Clean & Clear Foaming Face Wash,"https://instamart-media-assets.swiggy.com/swiggy/image/upload/fl_lossy,f_auto,q_auto,h_544,w_504/NI_CATALOG/IMAGES/CIW/2025/9/23/617c7f30-2b3c-475c-8fbf-6c9b7497c7ea_8908_1.png",Oil-free daily face wash for clean and clear skin,150 ml,4,285,271,7 MINS,Organic,Himalaya Neem Purifying Face Wash
LB Nagar 500074,21-12-2025,12:45:55 PM,Garnier Acno Fight Anti-Pimple Face Wash for Men,"https://instamart-media-assets.swiggy.com/swiggy/image/upload/fl_lossy,f_auto,q_auto,h_544,w_504/NI_CATALOG/IMAGES/CIW/2025/7/3/c519707c-50a3-4771-a841-147414c5389b_176_1.png",Applied for Anti-acne & Pimples,100 g,35,299,194,7 MINS,Organic,Himalaya Neem Purifying Face Wash
LB Nagar 500074,21-12-2025,12:45:55 PM,Biotique Fresh Neem Pimple Control Face Wash,"https://instamart-media-assets.swiggy.com/swiggy/image/upload/fl_lossy,f_auto,q_auto,h_544,w_504/b7d98b6bce1f23bde8aa4df228b3fbf9",Ayurvedic neem cleanser for acne-prone skin,200 ml,22,299,233,7 MINS,Organic,Himalaya Neem Purifying Face Wash
LB Nagar 500074,21-12-2025,12:45:55 PM,Biotique Fresh Neem Pimple Control Face Wash,"https://instamart-media-assets.swiggy.com/swiggy/image/upload/fl_lossy,f_auto,q_auto,h_544,w_504/NI_CATALOG/IMAGES/CIW/2024/5/31/23fca669-6cd5-4b9f-b4a2-07a08dc6703d_facewash_OB2VBRRZQ2_MN.png",Herbal face wash to fight pimples & acne,150 ml,10,225,202,7 MINS,Organic,Himalaya Neem Purifying Face Wash
LB Nagar 500074,21-12-2025,12:45:55 PM,Pond's Bright Beauty Spot-less Glow Face Wash,"https://instamart-media-assets.swiggy.com/swiggy/image/upload/fl_lossy,f_auto,q_auto,h_544,w_504/NI_CATALOG/IMAGES/CIW/2024/5/15/2feb12ce-fc27-4d38-8d3b-35a2dfbf010b_facewash_2DWIH9264C_MN.png",Spotless glow facewash with vitamins,50 g,,,,7 MINS,Organic,Himalaya Neem Purifying Face Wash
LB Nagar 500074,21-12-2025,12:45:55 PM,Biotique Bio Papaya Face Wash,"https://instamart-media-assets.swiggy.com/swiggy/image/upload/fl_lossy,f_auto,q_auto,h_544,w_504/NI_CATALOG/IMAGES/CIW/2025/9/20/e1e9bdcd-3d37-4b2e-9bce-08df57d1b38c_7363_1.png","Brightening Cleanse, Papaya Power.",100 ml,17,199,165,7 MINS,Organic,Himalaya Neem Purifying Face Wash
LB Nagar 500074,21-12-2025,12:45:55 PM,Clean & Clear Foaming Face Wash,"https://instamart-media-assets.swiggy.com/swiggy/image/upload/fl_lossy,f_auto,q_auto,h_544,w_504/1023e23c74f36b93d97a4733eb50ba48",Oil-free foaming face wash for clean and clear skin.,240 ml,20,480,384,7 MINS,Organic,Himalaya Neem Purifying Face Wash
LB Nagar 500074,21-12-2025,12:45:55 PM,Everyuth Purifying Neem Facewash and Tan Removal Choco Cherry Scrub combo,"https://instamart-media-assets.swiggy.com/swiggy/image/upload/fl_lossy,f_auto,q_auto,h_544,w_504/a19e2dc44325084c13a3b560066e97e6",Facewash and scrub combo for clear skin.,1 combo,25,365,272,7 MINS,Organic,Himalaya Neem Purifying Face Wash
LB Nagar 500074,21-12-2025,12:45:55 PM,Biotique Fruit Brightening Face Wash,"https://instamart-media-assets.swiggy.com/swiggy/image/upload/fl_lossy,f_auto,q_auto,h_544,w_504/NI_CATALOG/IMAGES/CIW/2024/5/25/c5338cec-faf7-4b88-b007-6fe8e55227e4_facewash_K360L8T2CA_MN.png",Brightening face wash with fruit extracts,200 ml,26,320,234,7 MINS,Organic,Himalaya Neem Purifying Face Wash
LB Nagar 500074,21-12-2025,12:45:55 PM,Biotique Fruit Brightening Face Wash,"https://instamart-media-assets.swiggy.com/swiggy/image/upload/fl_lossy,f_auto,q_auto,h_544,w_504/3c2208591ca1299a9bf813d2c9ea0e06",Ayurvedic blend for radiant skin with fruit extracts,150 ml,10,205,184,7 MINS,Organic,Himalaya Neem Purifying Face Wash
LB Nagar 500074,21-12-2025,12:45:55 PM,Pond's Pure White Activated Charcoal Face Wash,"https://instamart-media-assets.swiggy.com/swiggy/image/upload/fl_lossy,f_auto,q_auto,h_544,w_504/NI_CATALOG/IMAGES/CIW/2024/5/15/cc6be098-821d-4b21-b1cb-3908d5ef8818_facewash_23486OTWJV_MN.png",Deep cleansing face wash with charcoal,100 g,10,240,216,7 MINS,Organic,Himalaya Neem Purifying Face Wash
LB Nagar 500074,21-12-2025,12:45:55 PM,Dot & Key Barrier Repair + Hydrating Gentle Face Wash,"https://instamart-media-assets.swiggy.com/swiggy/image/upload/fl_lossy,f_auto,q_auto,h_544,w_504/NI_CATALOG/IMAGES/CIW/2025/8/31/8b318655-b301-4caf-80b1-3a49b1f12ba1_42717_1.png","Repair & Hydrate, Gentle Cleanse.",100 g,14,249,214,7 MINS,Organic,Himalaya Neem Purifying Face Wash
LB Nagar 500074,21-12-2025,12:45:55 PM,Biotique Papaya Deep Cleanse Face Wash,"https://instamart-media-assets.swiggy.com/swiggy/image/upload/fl_lossy,f_auto,q_auto,h_544,w_504/34771bc604706dd93a933d8581827d62",Deep cleansing face wash with papaya enzymes,150 ml,22,275,214,7 MINS,Organic,Himalaya Neem Purifying Face Wash
LB Nagar 500074,21-12-2025,12:45:55 PM,Clean & Clear Aloe Vera Face Wash,"https://instamart-media-assets.swiggy.com/swiggy/image/upload/fl_lossy,f_auto,q_auto,h_544,w_504/NI_CATALOG/IMAGES/CIW/2024/11/8/a2bab8a4-237d-42c9-8add-2c0bb4d8ba5e_794311_1.png",Oil-free gentle cleanser with aloe vera,150 ml,4,275,264,7 MINS,Organic,Himalaya Neem Purifying Face Wash
LB Nagar 500074,21-12-2025,12:45:55 PM,Minimalist Salicylic Acid Face Wash For Acne & Oil Control,"https://instamart-media-assets.swiggy.com/swiggy/image/upload/fl_lossy,f_auto,q_auto,h_544,w_504/NI_CATALOG/IMAGES/CIW/2025/9/9/bc90786f-f699-4d09-8a45-a7cf3294cfdc_18467_1.png",2% Salicylic Acid Face Wash For Acne & Oil Control,100 ml,5,299,284,7 MINS,Organic,Himalaya Neem Purifying Face Wash
LB Nagar 500074,21-12-2025,12:45:55 PM,Everyuth Naturals Brightening Lemon & Cherry Face Wash,"https://instamart-media-assets.swiggy.com/swiggy/image/upload/fl_lossy,f_auto,q_auto,h_544,w_504/NI_CATALOG/IMAGES/CIW/2024/5/17/3d292b0a-be81-4ad9-9341-5b0e91b86acf_facewash_XS16HPWM7D_MN.png",Brightening face wash with citrus extracts,150 g,39,225,137,7 MINS,Organic,Himalaya Neem Purifying Face Wash
LB Nagar 500074,21-12-2025,12:45:55 PM,Mamaearth Vitamin C & Turmeric Foaming Face Wash,"https://instamart-media-assets.swiggy.com/swiggy/image/upload/fl_lossy,f_auto,q_auto,h_544,w_504/NI_CATALOG/IMAGES/CIW/2024/7/13/e8a7e8b8-eb6e-4dd4-9978-f80c671493d5_facewash_U94GM3R0TK_AL2.png",Brightens skin with gentle foaming action.,150 ml,20,399,319,7 MINS,Organic,Himalaya Neem Purifying Face Wash
LB Nagar 500074,21-12-2025,12:45:55 PM,Mamaearth Vitamin C Face Wash,"https://instamart-media-assets.swiggy.com/swiggy/image/upload/fl_lossy,f_auto,q_auto,h_544,w_504/NI_CATALOG/IMAGES/CIW/2025/5/6/5dc56262-376c-43d4-a44b-4e3599e7509a_76254_1.png",Brightening face wash with vitamin C,50 ml,,,,7 MINS,Organic,Himalaya Neem Purifying Face Wash
LB Nagar 500074,21-12-2025,12:45:55 PM,Lacto Calamine Face Wash With Kaolin Clay For Oily Skin,"https://instamart-media-assets.swiggy.com/swiggy/image/upload/fl_lossy,f_auto,q_auto,h_544,w_504/NI_CATALOG/IMAGES/CIW/2025/6/30/19e614f5-e825-4501-ba34-98005ec92d58_77156_1.png","Deep Cleansing & Oil Control for Clear, Fresh Skin",100 ml,,,,7 MINS,Organic,Himalaya Neem Purifying Face Wash
LB Nagar 500074,21-12-2025,12:45:55 PM,"Garnier Skin Naturals, Facewash, Cleansing And Brightening, Bright Complete","https://instamart-media-assets.swiggy.com/swiggy/image/upload/fl_lossy,f_auto,q_auto,h_544,w_504/NI_CATALOG/IMAGES/CIW/2025/7/3/388dfa93-1f32-4ee4-80be-029d3b0fb767_58023_1.png",Brightening facewash with lemon (non-food),100 g,25,219,164,7 MINS,Organic,Himalaya Neem Purifying Face Wash
LB Nagar 500074,21-12-2025,12:45:55 PM,Biotique Advanced Fairness Face Wash,"https://instamart-media-assets.swiggy.com/swiggy/image/upload/fl_lossy,f_auto,q_auto,h_544,w_504/71e001a7291aa584e8d536e198bc2167",Used for Whitening & Fairness,100 ml,12,180,158,7 MINS,Organic,Himalaya Neem Purifying Face Wash
LB Nagar 500074,21-12-2025,12:46:24 PM,Bombay Shaving Company Sensi Smart 3 Razor,"https://instamart-media-assets.swiggy.com/swiggy/image/upload/fl_lossy,f_auto,q_auto,h_544,w_504/NI_CATALOG/IMAGES/CIW/2025/8/7/d5b0bd6a-2d8e-425c-b000-0000a2d1b0d6_73824_1.png",Triple blade razor for sensitive skin,1 pack,33,149,99,7 MINS,Organic,Bombay Shaving Company Classic Safety Razor
LB Nagar 500074,21-12-2025,12:46:24 PM,Bombay Shaving Company Sensi Smart 3 Value Pack Razor with Shaving Foam,"https://instamart-media-assets.swiggy.com/swiggy/image/upload/fl_lossy,f_auto,q_auto,h_544,w_504/NI_CATALOG/IMAGES/CIW/2025/8/7/620036e9-2c63-4ffb-a429-d5ac677a00c4_884357_1.png","Precise Shave, Sensitive Skin Care.",150 g,47,244,129,7 MINS,Organic,Bombay Shaving Company Classic Safety Razor
LB Nagar 500074,21-12-2025,12:46:24 PM,Bombay Shaving Company Flexi Stud Razor (Pack of 5),"https://instamart-media-assets.swiggy.com/swiggy/image/upload/fl_lossy,f_auto,q_auto,h_544,w_504/NI_CATALOG/IMAGES/CIW/2025/8/7/8652da86-46c7-4fac-9fee-610d81c4a647_648038_1.png",Premium men’s shaving razor,8 g,28,125,90,7 MINS,Organic,Bombay Shaving Company Classic Safety Razor
LB Nagar 500074,21-12-2025,12:46:24 PM,Bombay Shaving Company Sensi Smart 3 Razor Cartridge,"https://instamart-media-assets.swiggy.com/swiggy/image/upload/fl_lossy,f_auto,q_auto,h_544,w_504/NI_CATALOG/IMAGES/CIW/2025/5/19/fbc186d0-8d68-46fa-aaa0-5ffc6cdf73f8_52536_1.png",3-blade refill cartridges for smooth shave,2 pieces,33,149,99,7 MINS,Organic,Bombay Shaving Company Classic Safety Razor
LB Nagar 500074,21-12-2025,12:46:24 PM,Bombay Shaving Company Sensi Smart 3 Razor + Cartidges,"https://instamart-media-assets.swiggy.com/swiggy/image/upload/fl_lossy,f_auto,q_auto,h_544,w_504/NI_CATALOG/IMAGES/CIW/2025/5/27/5e682e26-6150-4bc3-811e-ba231479aec8_72567_1.png",,1 combo,33,298,198,7 MINS,Organic,Bombay Shaving Company Classic Safety Razor
LB Nagar 500074,21-12-2025,12:46:24 PM,Bombay Shaving Company Sensi Smart 3 Razor + Charcoal Foam 425G,"https://instamart-media-assets.swiggy.com/swiggy/image/upload/fl_lossy,f_auto,q_auto,h_544,w_504/NI_CATALOG/IMAGES/CIW/2024/3/29/82716f63-bb95-498c-82f2-d4f877b37b7c_shavingrazor_WL79MCM3FI_MN.png",,1 combo,30,448,311,7 MINS,Organic,Bombay Shaving Company Classic Safety Razor
LB Nagar 500074,21-12-2025,12:46:24 PM,"Bombay Shaving Company Premium Shaving Kit for Men (5-in-1 Grooming Combo, 400 g)","https://instamart-media-assets.swiggy.com/swiggy/image/upload/fl_lossy,f_auto,q_auto,h_544,w_504/NI_CATALOG/IMAGES/CIW/2025/8/7/3a17c1b9-dd2e-4298-ad1f-82520554628f_22328_1.png",Elevate your daily ritual into a moment of luxury and self-care.,400 g,43,799,449,7 MINS,Organic,Bombay Shaving Company Classic Safety Razor
LB Nagar 500074,21-12-2025,12:46:24 PM,Gillette Mach3 Shaving Blades Cartridges (Pack of 6),"https://instamart-media-assets.swiggy.com/swiggy/image/upload/fl_lossy,f_auto,q_auto,h_544,w_504/NI_CATALOG/IMAGES/CIW/2025/11/11/fb41fb67-61d0-4a4c-952c-863c44588968_14714_1.png",Replacement blades for a smooth Mach 3 shave,6 pieces,5,890,845,7 MINS,Organic,Bombay Shaving Company Classic Safety Razor
LB Nagar 500074,21-12-2025,12:46:24 PM,Gillette Presto Ready Shaver 5 Cartridges,"https://instamart-media-assets.swiggy.com/swiggy/image/upload/fl_lossy,f_auto,q_auto,h_544,w_504/NI_CATALOG/IMAGES/CIW/2024/12/9/1d9a93f4-f070-4018-8418-92819433a26b_510_1.png","Disposable razors for quick, clean shaving",5 pieces,,,,7 MINS,Organic,Bombay Shaving Company Classic Safety Razor
LB Nagar 500074,21-12-2025,12:46:24 PM,Bombay Shaving Company Charcoal Shaving Cream,"https://instamart-media-assets.swiggy.com/swiggy/image/upload/fl_lossy,f_auto,q_auto,h_544,w_504/NI_CATALOG/IMAGES/CIW/2025/12/20/76483e9a-a314-4bd1-8ccc-dc843676962d_59437_1.png",Smooth lathering shaving cream with charcoal,78 g,16,84,70,7 MINS,Organic,Bombay Shaving Company Classic Safety Razor
LB Nagar 500074,21-12-2025,12:46:24 PM,Gillette Venus Simply - Hair Removal Razor For Women 3 Blades,"https://instamart-media-assets.swiggy.com/swiggy/image/upload/fl_lossy,f_auto,q_auto,h_544,w_504/ed914cf97c69aadb8ee4ca159c36ee3f",3-blade disposable razor for smooth shaving,1 Piece,,,,7 MINS,Organic,Bombay Shaving Company Classic Safety Razor
LB Nagar 500074,21-12-2025,12:46:24 PM,Gillette Mach3 Razor Light Shaving Razor for Men,"https://instamart-media-assets.swiggy.com/swiggy/image/upload/fl_lossy,f_auto,q_auto,h_544,w_504/NI_CATALOG/IMAGES/CIW/2025/6/6/f69de37b-8385-42da-8146-cf772d0dc035_276334_1.png","Smooth Shave, Precision Engineering.",1 Piece,,,,7 MINS,Organic,Bombay Shaving Company Classic Safety Razor
LB Nagar 500074,21-12-2025,12:46:24 PM,Gillette Regular Shaving Foam,"https://instamart-media-assets.swiggy.com/swiggy/image/upload/fl_lossy,f_auto,q_auto,h_544,w_504/b4dac81d4649ef5d2f5a3514fc92bcc0",Rich lather shaving foam for a smooth shave,50 g,,,,7 MINS,Organic,Bombay Shaving Company Classic Safety Razor
LB Nagar 500074,21-12-2025,12:46:24 PM,Bombay Shaving Company Charcoal Shaving Foam,"https://instamart-media-assets.swiggy.com/swiggy/image/upload/fl_lossy,f_auto,q_auto,h_544,w_504/f81f4037d2080ed454aa4bc0ca8be474","Smooth Shave, Charcoal-Infused Foam.",428 ml,29,299,212,7 MINS,Organic,Bombay Shaving Company Classic Safety Razor
LB Nagar 500074,21-12-2025,12:46:24 PM,Gillette Guard 3 Razor - With 2 Catridges,"https://instamart-media-assets.swiggy.com/swiggy/image/upload/fl_lossy,f_auto,q_auto,h_544,w_504/af9daa4636ce37953b98a54e66032ca4",Triple blade razor with 2 cartridges,2 pieces,,,,7 MINS,Organic,Bombay Shaving Company Classic Safety Razor
LB Nagar 500074,21-12-2025,12:46:24 PM,Bombay Shaving Company Beard Styling Pen,"https://instamart-media-assets.swiggy.com/swiggy/image/upload/fl_lossy,f_auto,q_auto,h_544,w_504/NI_CATALOG/IMAGES/CIW/2025/8/7/5376b8f8-eeb1-42de-bd76-4eddfeac0f4f_428580_1.png","Effortless Styling, Precise Application.",3 pieces,33,299,199,7 MINS,Organic,Bombay Shaving Company Classic Safety Razor
LB Nagar 500074,21-12-2025,12:46:24 PM,Gillette Mach 3 Manual Shaving Razor,"https://instamart-media-assets.swiggy.com/swiggy/image/upload/fl_lossy,f_auto,q_auto,h_544,w_504/NI_CATALOG/IMAGES/CIW/2025/2/23/141edffd-a4a9-492f-ad98-53b9ae82aa13_14711_1.png",Classic manual razor for smooth shave,1 Piece,5,275,261,7 MINS,Organic,Bombay Shaving Company Classic Safety Razor
LB Nagar 500074,21-12-2025,12:46:24 PM,Bombay Shaving Company Premium Perfume Set for Men (300 g Gift Set),"https://instamart-media-assets.swiggy.com/swiggy/image/upload/fl_lossy,f_auto,q_auto,h_544,w_504/NI_CATALOG/IMAGES/CIW/2025/8/31/0c53c8d9-ab90-4fff-b815-ab0fe466acb1_67837_1.png",Curated Scents for Every Destination and Moment,90 ml,66,1495,499,7 MINS,Organic,Bombay Shaving Company Classic Safety Razor
LB Nagar 500074,21-12-2025,12:46:24 PM,Gillette Fusion Manual Razor Cartridge,"https://instamart-media-assets.swiggy.com/swiggy/image/upload/fl_lossy,f_auto,q_auto,h_544,w_504/NI_CATALOG/IMAGES/CIW/2025/9/20/8e82f0af-45aa-44a7-927c-e84ffff30880_67652_1.png","5-blade cartridge for a close, comfortable shave",2 pieces,,,,7 MINS,Organic,Bombay Shaving Company Classic Safety Razor
LB Nagar 500074,21-12-2025,12:46:24 PM,Gillette Series Sensitive Skin With Aloe Shave Gel Pack,"https://instamart-media-assets.swiggy.com/swiggy/image/upload/fl_lossy,f_auto,q_auto,h_544,w_504/NI_CATALOG/IMAGES/CIW/2024/12/9/768af981-bf43-4961-8ca3-c0ebac745e41_22383_1.png","Sensitive Skin, Aloe Vera Soothe.",60 g,,,,7 MINS,Organic,Bombay Shaving Company Classic Safety Razor
LB Nagar 500074,21-12-2025,12:46:24 PM,Gillette Classic Foam Shave Regular Lathers Quickly & Hydrates,"https://instamart-media-assets.swiggy.com/swiggy/image/upload/fl_lossy,f_auto,q_auto,h_544,w_504/NI_CATALOG/IMAGES/CIW/2024/12/4/cdc230c5-08c4-45e1-b465-0dcfc9b9b115_9779_1.png","Quick lather, classic clean shave",418 g,,,,7 MINS,Organic,Bombay Shaving Company Classic Safety Razor
LB Nagar 500074,21-12-2025,12:46:24 PM,Bombay Shaving Company Natural Antiseptic & Astringent Alum or Fitkari Bar,"https://instamart-media-assets.swiggy.com/swiggy/image/upload/fl_lossy,f_auto,q_auto,h_544,w_504/NI_CATALOG/IMAGES/CIW/2025/11/17/529f36c6-460c-478b-91e2-7d4f8d9c6584_473786_1.png","Natural Shaving, Alum Block.",100 g,50,199,99,7 MINS,Organic,Bombay Shaving Company Classic Safety Razor
LB Nagar 500074,21-12-2025,12:46:24 PM,Gillette Fusion Shaving 5-Bladed Cartridges (Pack of 6),"https://instamart-media-assets.swiggy.com/swiggy/image/upload/fl_lossy,f_auto,q_auto,h_544,w_504/NI_CATALOG/IMAGES/CIW/2025/11/11/0720545f-a45b-472b-92eb-8f28884bca6f_21459_1.png",Precision shave with 5-blade cartridges,6 pack,4,1722,1636,7 MINS,Organic,Bombay Shaving Company Classic Safety Razor
LB Nagar 500074,21-12-2025,12:46:24 PM,Gillette Venus Smooth Hair Removal Razor For Women With Aloe Vera,"https://instamart-media-assets.swiggy.com/swiggy/image/upload/fl_lossy,f_auto,q_auto,h_544,w_504/NI_CATALOG/IMAGES/CIW/2025/4/7/a15e77e6-c726-447f-a460-e00d8ff20fe8_18101_1.png","Aloe-infused razor for a close, smooth shave",1 Piece,,,,7 MINS,Organic,Bombay Shaving Company Classic Safety Razor
LB Nagar 500074,21-12-2025,12:46:24 PM,Gillette Mach3 Cartridge Blade,"https://instamart-media-assets.swiggy.com/swiggy/image/upload/fl_lossy,f_auto,q_auto,h_544,w_504/NI_CATALOG/IMAGES/CIW/2025/1/22/722fbb46-7352-4d48-a8e5-6699e425200d_1609_1.png",Precision 3-blade cartridge for smooth shave,1 Piece,,,,7 MINS,Organic,Bombay Shaving Company Classic Safety Razor
LB Nagar 500074,21-12-2025,12:46:24 PM,"Bombay Shaving Company 9-in-1 Grooming Kit for Men (Perfect Gift Set, 250 g)","https://instamart-media-assets.swiggy.com/swiggy/image/upload/fl_lossy,f_auto,q_auto,h_544,w_504/NI_CATALOG/IMAGES/CIW/2025/8/7/b922f54a-c916-453b-8f19-7010d32af1cb_699755_1.png",The ultimate collection for a refined daily ritual.,250 g,52,949,449,7 MINS,Organic,Bombay Shaving Company Classic Safety Razor
LB Nagar 500074,21-12-2025,12:46:24 PM,LetsShave Pro 2 Plus Disposable Twin Blade Shaving Men's Razor - Set of 5,"https://instamart-media-assets.swiggy.com/swiggy/image/upload/fl_lossy,f_auto,q_auto,h_544,w_504/NI_CATALOG/IMAGES/CIW/2025/6/27/dda0a6de-5ced-4197-b7fb-5c3a5f6f1fb6_58073_1.png","Premium twin-blade disposable razor for a close, smooth shave",5 pieces,,,,7 MINS,Organic,Bombay Shaving Company Classic Safety Razor
LB Nagar 500074,21-12-2025,12:46:24 PM,Gillette Mach 3 Shaving Blades And Pre Shave Foam Classic Sensitive Skin,"https://instamart-media-assets.swiggy.com/swiggy/image/upload/fl_lossy,f_auto,q_auto,h_544,w_504/b8fef394304022f200980dbd25538b9b",Smooth shave with sensitive care formula,1 combo,3,1180,1135,7 MINS,Organic,Bombay Shaving Company Classic Safety Razor
LB Nagar 500074,21-12-2025,12:46:24 PM,Bombay Shaving Company Shave Fitkari Bar 100g And Bombay Shaving Company Charcoal Shaving Cream 78g,"https://instamart-media-assets.swiggy.com/swiggy/image/upload/fl_lossy,f_auto,q_auto,h_544,w_504/NI_CATALOG/IMAGES/ciw/2025/10/24/4dbb6389-a095-4c08-ae41-c2ff94dcac2f_NPIC-002684_20251024_071239.png",,1 combo,44,283,157,7 MINS,Organic,Bombay Shaving Company Classic Safety Razor
LB Nagar 500074,21-12-2025,12:46:24 PM,Gillette Mach3 Shaving 3Bladed Cartridges And Pre Shave Foam Classic Sensitive Skin,"https://instamart-media-assets.swiggy.com/swiggy/image/upload/fl_lossy,f_auto,q_auto,h_544,w_504/e3044195a28af6742c957411cb77a87c",Classic sensitive shaving combo,1 combo,6,1745,1629,7 MINS,Organic,Bombay Shaving Company Classic Safety Razor
LB Nagar 500074,21-12-2025,12:46:24 PM,Gillette Fusion Shaving 5 Bladed Cartridges And Pre Shave Foam Classic Sensitive Skin,"https://instamart-media-assets.swiggy.com/swiggy/image/upload/fl_lossy,f_auto,q_auto,h_544,w_504/14837b197e509f37c994d8d06aa3cda1",Shaving Combo for Sensitive Skin,1 combo,4,2012,1926,7 MINS,Organic,Bombay Shaving Company Classic Safety Razor
LB Nagar 500074,21-12-2025,12:46:24 PM,Bombay Shaving Company Shave Fitkari Bar (100g) & Charcoal Shaving Foam (428ml),"https://instamart-media-assets.swiggy.com/swiggy/image/upload/fl_lossy,f_auto,q_auto,h_544,w_504/NI_CATALOG/IMAGES/ciw/2025/12/5/849fe7f1-0f3f-44f9-a2a2-982ff39ba365_NPIC-002678_20251205_063142.png",,1 combo,38,498,305,7 MINS,Organic,Bombay Shaving Company Classic Safety Razor
LB Nagar 500074,21-12-2025,12:46:53 PM,Himalaya Natural Glow Kesar Face Wash,"https://instamart-media-assets.swiggy.com/swiggy/image/upload/fl_lossy,f_auto,q_auto,h_544,w_504/NI_CATALOG/IMAGES/CIW/2025/2/26/a6c2196b-b0a9-4883-9b06-43b07d25d1b9_62028_1.png",Brightening face wash with saffron for glowing skin,150 ml,17,279,229,7 MINS,Organic,Himalaya Brightening Blueberry Face Wash
LB Nagar 500074,21-12-2025,12:46:53 PM,Parachute Pure Coconut Oil,"https://instamart-media-assets.swiggy.com/swiggy/image/upload/fl_lossy,f_auto,q_auto,h_544,w_504/NI_CATALOG/IMAGES/CIW/2024/4/2/6e299a16-3ee1-4ce3-b590-57f78135d7c0_hairandbodyoils_K8167JQB2X_MN.png",Pure and natural coconut oil,200 ml,5,155,147,7 MINS,Organic,Himalaya Brightening Blueberry Face Wash
LB Nagar 500074,21-12-2025,12:46:53 PM,Himalaya Purifying Neem Face Wash,"https://instamart-media-assets.swiggy.com/swiggy/image/upload/fl_lossy,f_auto,q_auto,h_544,w_504/NI_CATALOG/IMAGES/CIW/2025/7/21/bc908fc2-ec2a-4a6a-bc67-57db82b3e763_1319_01.png",Applied for Anti-acne & Pimples,100 ml,12,189,166,7 MINS,Organic,Himalaya Brightening Blueberry Face Wash
LB Nagar 500074,21-12-2025,12:46:53 PM,Lux Shower Gel Black Orchid Fragrance & Juniper Oil Bodywash,"https://instamart-media-assets.swiggy.com/swiggy/image/upload/fl_lossy,f_auto,q_auto,h_544,w_504/NI_CATALOG/IMAGES/CIW/2025/3/17/ee26a6c2-9b67-431f-90e4-be91859f8da1_17782_1.png",Luxurious bodywash with orchid and juniper,245 ml,,,,7 MINS,Organic,Himalaya Brightening Blueberry Face Wash
LB Nagar 500074,21-12-2025,12:46:53 PM,Plum 2% Niacinamide Face Wash for bright skin,"https://instamart-media-assets.swiggy.com/swiggy/image/upload/fl_lossy,f_auto,q_auto,h_544,w_504/NI_CATALOG/IMAGES/ciw/2025/8/22/82aecd3f-7f8c-467c-9312-7a7de47d21d1_NPI-025458_1_20250822_070040.png",,50 ml,35,199,129,7 MINS,Organic,Himalaya Brightening Blueberry Face Wash
LB Nagar 500074,21-12-2025,12:46:53 PM,O3+ Brightening & Whitening Face Wash,"https://instamart-media-assets.swiggy.com/swiggy/image/upload/fl_lossy,f_auto,q_auto,h_544,w_504/NI_CATALOG/IMAGES/CIW/2025/5/27/e3f1bf4c-43d6-454e-8326-b42628eee88e_815636_1.png",,100 ml,7,485,451,7 MINS,Organic,Himalaya Brightening Blueberry Face Wash
LB Nagar 500074,21-12-2025,12:46:53 PM,"Chemist At Play Exfoliating Body Wash | Shower Gel with 4% Lactic Acid, Salicylic Acid","https://instamart-media-assets.swiggy.com/swiggy/image/upload/fl_lossy,f_auto,q_auto,h_544,w_504/NI_CATALOG/IMAGES/CIW/2025/4/11/a88026ce-16df-4fb5-83f5-a2b39885b5fb_63434_1.png",Gentle Body Cleanser with Lactic & Salicylic Acid,236 ml,15,399,339,7 MINS,Organic,Himalaya Brightening Blueberry Face Wash
LB Nagar 500074,21-12-2025,12:46:53 PM,Dot & Key Barrier Repair + Hydrating Gentle Face Wash,"https://instamart-media-assets.swiggy.com/swiggy/image/upload/fl_lossy,f_auto,q_auto,h_544,w_504/NI_CATALOG/IMAGES/CIW/2025/8/31/8b318655-b301-4caf-80b1-3a49b1f12ba1_42717_1.png","Repair & Hydrate, Gentle Cleanse.",100 g,14,249,214,7 MINS,Organic,Himalaya Brightening Blueberry Face Wash
LB Nagar 500074,21-12-2025,12:46:53 PM,Pond's Bright Beauty Spot-less Glow Face Wash,"https://instamart-media-assets.swiggy.com/swiggy/image/upload/fl_lossy,f_auto,q_auto,h_544,w_504/NI_CATALOG/IMAGES/CIW/2024/5/15/2feb12ce-fc27-4d38-8d3b-35a2dfbf010b_facewash_2DWIH9264C_MN.png",Spotless glow facewash with vitamins,50 g,,,,7 MINS,Organic,Himalaya Brightening Blueberry Face Wash
LB Nagar 500074,21-12-2025,12:46:53 PM,Biotique Fruit Brightening Face Wash,"https://instamart-media-assets.swiggy.com/swiggy/image/upload/fl_lossy,f_auto,q_auto,h_544,w_504/NI_CATALOG/IMAGES/CIW/2024/5/25/c5338cec-faf7-4b88-b007-6fe8e55227e4_facewash_K360L8T2CA_MN.png",Brightening face wash with fruit extracts,200 ml,26,320,234,7 MINS,Organic,Himalaya Brightening Blueberry Face Wash
LB Nagar 500074,21-12-2025,12:46:53 PM,Everyuth Naturals Brightening Lemon & Cherry Face Wash,"https://instamart-media-assets.swiggy.com/swiggy/image/upload/fl_lossy,f_auto,q_auto,h_544,w_504/NI_CATALOG/IMAGES/CIW/2024/5/17/3d292b0a-be81-4ad9-9341-5b0e91b86acf_facewash_XS16HPWM7D_MN.png",Brightening face wash with citrus extracts,150 g,39,225,137,7 MINS,Organic,Himalaya Brightening Blueberry Face Wash
LB Nagar 500074,21-12-2025,12:46:53 PM,Biotique Fruit Brightening Face Wash,"https://instamart-media-assets.swiggy.com/swiggy/image/upload/fl_lossy,f_auto,q_auto,h_544,w_504/3c2208591ca1299a9bf813d2c9ea0e06",Ayurvedic blend for radiant skin with fruit extracts,150 ml,10,205,184,7 MINS,Organic,Himalaya Brightening Blueberry Face Wash
LB Nagar 500074,21-12-2025,12:46:53 PM,Lakme Blush & Glow Strawberry Face Wash,"https://instamart-media-assets.swiggy.com/swiggy/image/upload/fl_lossy,f_auto,q_auto,h_544,w_504/NI_CATALOG/IMAGES/CIW/2024/7/12/73a39484-4efd-4111-9c23-6c138b3fce11_facewash_0WBHZOZLFW_MN.png",Gentle glow face wash with strawberry,100 g,24,269,202,7 MINS,Organic,Himalaya Brightening Blueberry Face Wash
LB Nagar 500074,21-12-2025,12:46:53 PM,Minimalist Salicylic Acid Face Wash For Acne & Oil Control,"https://instamart-media-assets.swiggy.com/swiggy/image/upload/fl_lossy,f_auto,q_auto,h_544,w_504/NI_CATALOG/IMAGES/CIW/2025/9/9/bc90786f-f699-4d09-8a45-a7cf3294cfdc_18467_1.png",2% Salicylic Acid Face Wash For Acne & Oil Control,100 ml,5,299,284,7 MINS,Organic,Himalaya Brightening Blueberry Face Wash
LB Nagar 500074,21-12-2025,12:46:53 PM,Himalaya Purifying Neem Face Wash,"https://instamart-media-assets.swiggy.com/swiggy/image/upload/fl_lossy,f_auto,q_auto,h_544,w_504/NI_CATALOG/IMAGES/CIW/2025/7/21/59c22e93-d9c4-4778-828d-264bff4c28be_45133_01.png","Purifying Cleanse, Neem Power.",400 ml,25,599,449,7 MINS,Organic,Himalaya Brightening Blueberry Face Wash
LB Nagar 500074,21-12-2025,12:46:53 PM,Pond's Super Light Gel Oil-Free Moisturize with Hyaluronic Acid & Vitamin E,"https://instamart-media-assets.swiggy.com/swiggy/image/upload/fl_lossy,f_auto,q_auto,h_544,w_504/NI_CATALOG/IMAGES/CIW/2025/9/4/38420ffb-ebac-460c-8d0b-5fa39b583c11_747425_1.png",Oil-free gel with hyaluronic acid & vitamin E,100 ml,22,310,239,7 MINS,Organic,Himalaya Brightening Blueberry Face Wash
LB Nagar 500074,21-12-2025,12:46:53 PM,Himalaya Purifying Neem Face Wash,"https://instamart-media-assets.swiggy.com/swiggy/image/upload/fl_lossy,f_auto,q_auto,h_544,w_504/NI_CATALOG/IMAGES/CIW/2025/7/21/df1c3b57-6d59-4cf2-b5aa-ba6f93154af7_1320_01.png","Purifying Cleanse, Neem Power.",200 ml,18,449,368,7 MINS,Organic,Himalaya Brightening Blueberry Face Wash
LB Nagar 500074,21-12-2025,12:46:53 PM,mCaffeine Brightening Raspberry Rush Body Wash,"https://instamart-media-assets.swiggy.com/swiggy/image/upload/fl_lossy,f_auto,q_auto,h_544,w_504/NI_CATALOG/IMAGES/CIW/2025/7/4/76557edd-5743-41c1-8f68-91da77eaf32c_647030_1.png",Fragrant body wash for glowing skin,300 ml,15,399,339,7 MINS,Organic,Himalaya Brightening Blueberry Face Wash
LB Nagar 500074,21-12-2025,12:46:53 PM,Pears Soft & Fresh Body Wash,"https://instamart-media-assets.swiggy.com/swiggy/image/upload/fl_lossy,f_auto,q_auto,h_544,w_504/NI_CATALOG/IMAGES/CIW/2025/10/17/6d913722-f37a-49d3-898d-c44f9358e3f7_5423_1.png",Soap-free cleanser with fresh feel,250 ml,38,199,123,7 MINS,Organic,Himalaya Brightening Blueberry Face Wash
LB Nagar 500074,21-12-2025,12:46:53 PM,Garnier Acno Fight Anti-Pimple Face Wash for Men,"https://instamart-media-assets.swiggy.com/swiggy/image/upload/fl_lossy,f_auto,q_auto,h_544,w_504/NI_CATALOG/IMAGES/CIW/2025/7/3/c519707c-50a3-4771-a841-147414c5389b_176_1.png",Applied for Anti-acne & Pimples,100 g,35,299,194,7 MINS,Organic,Himalaya Brightening Blueberry Face Wash
LB Nagar 500074,21-12-2025,12:46:53 PM,"Garnier Men, Face Wash, Brightening & Anti-Pollution, Turbobright Double Action","https://instamart-media-assets.swiggy.com/swiggy/image/upload/fl_lossy,f_auto,q_auto,h_544,w_504/NI_CATALOG/IMAGES/CIW/2025/7/21/f624b259-53a0-4f29-8848-a1b0483c57a7_9353_1.png","Deep Cleanse, Oil Control.",100 g,35,319,207,7 MINS,Organic,Himalaya Brightening Blueberry Face Wash
LB Nagar 500074,21-12-2025,12:46:53 PM,Clean & Clear Foaming Face Wash,"https://instamart-media-assets.swiggy.com/swiggy/image/upload/fl_lossy,f_auto,q_auto,h_544,w_504/ixavngmca1fvckii5b38","Deep Cleanse, Foaming Formula.",100 ml,8,199,183,7 MINS,Organic,Himalaya Brightening Blueberry Face Wash
LB Nagar 500074,21-12-2025,12:46:53 PM,"Garnier Skin Naturals, Facewash, Cleansing And Brightening, Bright Complete","https://instamart-media-assets.swiggy.com/swiggy/image/upload/fl_lossy,f_auto,q_auto,h_544,w_504/NI_CATALOG/IMAGES/CIW/2025/7/3/388dfa93-1f32-4ee4-80be-029d3b0fb767_58023_1.png",Brightening facewash with lemon (non-food),100 g,25,219,164,7 MINS,Organic,Himalaya Brightening Blueberry Face Wash
LB Nagar 500074,21-12-2025,12:46:53 PM,Wow Skin Science Brightening Vitamin C Foaming Face Wash,"https://instamart-media-assets.swiggy.com/swiggy/image/upload/fl_lossy,f_auto,q_auto,h_544,w_504/NI_CATALOG/IMAGES/CIW/2024/8/12/821f9d2c-c339-4a68-97e0-ca194dac1fa2_8296_1.png",Foaming Face Cleanser with Built-In Brush | Brightens & Tones Skin,150 ml,17,399,331,7 MINS,Organic,Himalaya Brightening Blueberry Face Wash
LB Nagar 500074,21-12-2025,12:46:53 PM,Himalaya Purifying Neem Foaming Face Wash,"https://instamart-media-assets.swiggy.com/swiggy/image/upload/fl_lossy,f_auto,q_auto,h_544,w_504/NI_CATALOG/IMAGES/CIW/2025/3/21/3d0afdf5-a858-4f6a-8f77-e0cca792e82f_3801_1.png",Purifying face wash with neem & turmeric,150 ml,14,299,257,7 MINS,Organic,Himalaya Brightening Blueberry Face Wash
LB Nagar 500074,21-12-2025,12:46:53 PM,Pears Pure & Gentle Body Wash,"https://instamart-media-assets.swiggy.com/swiggy/image/upload/fl_lossy,f_auto,q_auto,h_544,w_504/NI_CATALOG/IMAGES/CIW/2025/10/24/2a39f084-a42f-4788-bfa9-b7adc9d11a26_4063_1.png",Gentle body wash with glycerin,250 ml,12,140,122,7 MINS,Organic,Himalaya Brightening Blueberry Face Wash
LB Nagar 500074,21-12-2025,12:46:53 PM,Mamaearth Rice Face Wash With Rice Water Niacinamide for Glass Skin,"https://instamart-media-assets.swiggy.com/swiggy/image/upload/fl_lossy,f_auto,q_auto,h_544,w_504/NI_CATALOG/IMAGES/CIW/2024/7/10/d8ff2ddb-c797-4dcf-971e-a2b085c9b87a_facewash_D9O627T47T_MN.png",,100 ml x 2,20,538,430,7 MINS,Organic,Himalaya Brightening Blueberry Face Wash
LB Nagar 500074,21-12-2025,12:46:53 PM,Dove Deeply Nourishing Body Wash,"https://instamart-media-assets.swiggy.com/swiggy/image/upload/fl_lossy,f_auto,q_auto,h_544,w_504/NI_CATALOG/IMAGES/CIW/2025/8/26/79eb8982-5b43-409f-8e26-25346b5c2edd_8920_1.png","Soft, nourishing wash for smooth skin",800 ml,30,560,392,7 MINS,Organic,Himalaya Brightening Blueberry Face Wash
LB Nagar 500074,21-12-2025,12:46:53 PM,"Chemist At Play Brightening Body Wash - 3% Vitamin C + Niacinamide, Shower Gel","https://instamart-media-assets.swiggy.com/swiggy/image/upload/fl_lossy,f_auto,q_auto,h_544,w_504/NI_CATALOG/IMAGES/CIW/2024/7/18/9879621b-8b53-4c39-871d-2605fb6a1b51_soapsandbodywash_F2HWVFNQ6P_MN.png",Brightening body wash with niacinamide,236 ml,20,349,279,7 MINS,Organic,Himalaya Brightening Blueberry Face Wash
LB Nagar 500074,21-12-2025,12:46:53 PM,Pond's Bright Beauty Facewash,"https://instamart-media-assets.swiggy.com/swiggy/image/upload/fl_lossy,f_auto,q_auto,h_544,w_504/NI_CATALOG/IMAGES/CIW/2024/5/7/b157847e-ad93-4646-ae17-ed8276ea570e_facewash_7XVVHTGGCL_MN.png",Brightening facewash for radiant skin,150 g,32,359,244,7 MINS,Organic,Himalaya Brightening Blueberry Face Wash
LB Nagar 500074,21-12-2025,12:46:53 PM,Bodify Vitamin C Brightening Body Wash,"https://instamart-media-assets.swiggy.com/swiggy/image/upload/fl_lossy,f_auto,q_auto,h_544,w_504/NI_CATALOG/IMAGES/CIW/2025/3/13/97520eed-67d8-4286-b40c-ba9c18d32aa1_278572_1.png",Body wash with Vitamin C for radiant and clean skin,500 ml,54,375,169,7 MINS,Organic,Himalaya Brightening Blueberry Face Wash
LB Nagar 500074,21-12-2025,12:46:53 PM,Vaseline Gluta Hya Dewy Radiance,"https://instamart-media-assets.swiggy.com/swiggy/image/upload/fl_lossy,f_auto,q_auto,h_544,w_504/b02873b6bb918e0df92b05ee93cf0947",Body lotion with gluta and hyaluronic acid,200 ml,33,380,253,7 MINS,Organic,Himalaya Brightening Blueberry Face Wash
22-12-2025 11:29:40 AM,Faridabad,121006,Mangaldeep,Mangaldeep 3 in 1 Agarbatti Premium quality charcoal free Long lasting fragrances,"https://instamart-media-assets.swiggy.com/swiggy/image/upload/fl_lossy,f_auto,q_auto,h_544,w_504/NI_CATALOG/IMAGES/CIW/2024/4/24/96f66387-ed8d-40f8-80f4-1805e12200ba_poojaneeds_QP2ADLFNUI_MN.png",106 g,7,65,60,Organic,In Stock
22-12-2025 11:29:40 AM,Faridabad,121006,Mangaldeep,Mangaldeep Scent 3 in1 Incense Pack,"https://instamart-media-assets.swiggy.com/swiggy/image/upload/fl_lossy,f_auto,q_auto,h_544,w_504/NI_CATALOG/IMAGES/CIW/2025/4/4/c13cac9b-03c1-4413-9f07-692a41b48226_80710_1.png",213 g,6,125,117,Organic,In Stock
22-12-2025 11:29:40 AM,Faridabad,121006,Mangaldeep,Mangaldeep Sandal Agarbatti,"https://instamart-media-assets.swiggy.com/swiggy/image/upload/fl_lossy,f_auto,q_auto,h_544,w_504/f158c3690db13ceecc5a2ae86b8bd0ca",1 pack,7,65,60,Organic,In Stock
22-12-2025 11:29:40 AM,Faridabad,121006,Mangaldeep,OM BHAKTI Bhimseni Camphor (Natural),"https://instamart-media-assets.swiggy.com/swiggy/image/upload/fl_lossy,f_auto,q_auto,h_544,w_504/NI_CATALOG/IMAGES/CIW/2025/5/29/45f02b33-faef-4d81-a081-cedbc442c801_53469_1.png",40 g,5,99,94,Ad,In Stock
22-12-2025 11:29:40 AM,Faridabad,121006,Mangaldeep,OM BHAKTI Camphor (Small),"https://instamart-media-assets.swiggy.com/swiggy/image/upload/fl_lossy,f_auto,q_auto,h_544,w_504/NI_CATALOG/IMAGES/CIW/2025/7/28/eab80570-5f4b-46fa-bc98-b9165b5a1fb8_51604_1.png",1 pack,5,59,56,Ad,In Stock
22-12-2025 11:29:40 AM,Faridabad,121006,Mangaldeep,Mangaldeep Treya Cup Sambrani,"https://instamart-media-assets.swiggy.com/swiggy/image/upload/fl_lossy,f_auto,q_auto,h_544,w_504/NI_CATALOG/IMAGES/CIW/2024/10/4/c3f7b699-0b83-4391-bcf3-210f49039d37_29014_1.png",9 pieces,5,75,71,Organic,In Stock
22-12-2025 11:29:40 AM,Faridabad,121006,Mangaldeep,Mangaldeep Temple Gold Yagna Tradition Agarbatti 40 Sticks Box,"https://instamart-media-assets.swiggy.com/swiggy/image/upload/fl_lossy,f_auto,q_auto,h_544,w_504/NI_CATALOG/IMAGES/CIW/2024/9/17/756abf16-1abd-4749-9342-3c418d7c5ff4_21618_1.png",70 g,5,75,71,Organic,In Stock
22-12-2025 11:29:40 AM,Faridabad,121006,Mangaldeep,Phool Lavender Agarbatti I 100% Natural Certified Incense Sticks,"https://instamart-media-assets.swiggy.com/swiggy/image/upload/fl_lossy,f_auto,q_auto,h_544,w_504/NI_CATALOG/IMAGES/CIW/2025/1/23/c6dcb6fa-a395-41b9-badd-24ade75eace8_446796_1.png",40 pieces,10,165,148,Ad,In Stock
22-12-2025 11:29:40 AM,Faridabad,121006,Mangaldeep,OM BHAKTI Pancha Deepa Oil Bottle,"https://instamart-media-assets.swiggy.com/swiggy/image/upload/fl_lossy,f_auto,q_auto,h_544,w_504/NI_CATALOG/IMAGES/CIW/2025/10/14/d5846aa9-d962-42ab-86b3-2f6b61feb73d_40025_1.png",500 ml,5,131,124,Ad,In Stock
22-12-2025 11:29:40 AM,Faridabad,121006,Mangaldeep,"Mangaldeep Chandan 3 In1 Agarbatti Classic Chandan, Rose Chandan & Jasmine Chandan","https://instamart-media-assets.swiggy.com/swiggy/image/upload/fl_lossy,f_auto,q_auto,h_544,w_504/NI_CATALOG/IMAGES/CIW/2024/4/24/c870f1f0-625e-4379-a3b9-7b46761ee005_poojaneeds_28BKHOZNVI_MN.png",226 g,6,125,117,Organic,In Stock
22-12-2025 11:29:40 AM,Faridabad,121006,Mangaldeep,Mangaldeep Temple Bambooless Premium Dhoop Sticks - with fragrance of Javadhu,"https://instamart-media-assets.swiggy.com/swiggy/image/upload/fl_lossy,f_auto,q_auto,h_544,w_504/NI_CATALOG/IMAGES/CIW/2024/10/20/b88cf83a-3dae-4aae-9c8b-2ab60d8cc75a_749928_1.png",30 Sticks,5,250,237,Organic,In Stock
22-12-2025 11:29:40 AM,Faridabad,121006,Mangaldeep,OM BHAKTI - Pancha Deepa Oil Bottle,"https://instamart-media-assets.swiggy.com/swiggy/image/upload/fl_lossy,f_auto,q_auto,h_544,w_504/NI_CATALOG/IMAGES/CIW/2025/10/14/c42f0766-cd97-40be-9ce1-b7bd6a156a2f_65009_1.png",1 ltr,5,234,222,Ad,In Stock
22-12-2025 11:29:40 AM,Faridabad,121006,Mangaldeep,Phool Sandalwood Havan Cups I 100% Natural Certified Dhoop Cups,"https://instamart-media-assets.swiggy.com/swiggy/image/upload/fl_lossy,f_auto,q_auto,h_544,w_504/07b6888a5293a4d430a3b003b5177d75",16 pieces,2,295,289,Ad,In Stock
22-12-2025 11:29:40 AM,Faridabad,121006,Mangaldeep,"Mangaldeep Wet Dhoop 5In1 Value Pack: Sandal, Rose, Mogra, Marigold & Deluxe","https://instamart-media-assets.swiggy.com/swiggy/image/upload/fl_lossy,f_auto,q_auto,h_544,w_504/NI_CATALOG/IMAGES/CIW/2025/2/7/631eca11-aafa-4a53-8b21-ddfbbde64015_66704_1.png",176 g,6,75,70,Organic,In Stock
22-12-2025 11:29:40 AM,Faridabad,121006,Mangaldeep,Mangaldeep Scent Premium Bambooless Dhoop Sticks with Black Oudh fragrance,"https://instamart-media-assets.swiggy.com/swiggy/image/upload/fl_lossy,f_auto,q_auto,h_544,w_504/NI_CATALOG/IMAGES/CIW/2024/10/20/0b410f83-204f-4d69-a600-9964887b4184_854918_1.png",1 pack,5,250,237,Organic,In Stock
22-12-2025 11:29:40 AM,Faridabad,121006,Mangaldeep,Shubhkart Darshana Camphor Puja Oil,"https://instamart-media-assets.swiggy.com/swiggy/image/upload/fl_lossy,f_auto,q_auto,h_544,w_504/NI_CATALOG/IMAGES/CIW/2024/11/18/344b3dc3-0ed4-4f53-85f5-bae3402d374e_25939_1.png",450 ml,15,108,91,Organic,In Stock
22-12-2025 11:29:40 AM,Faridabad,121006,Mangaldeep,Shubhkart Sambrani Cup Dhoop Black,"https://instamart-media-assets.swiggy.com/swiggy/image/upload/fl_lossy,f_auto,q_auto,h_544,w_504/NI_CATALOG/IMAGES/CIW/2024/6/8/da5574f4-d66c-4d98-a09a-d328bb5fccb9_poojaneeds_Q9QNOSRBTJ_MN.png",160 g x 3,22,240,187,Organic,In Stock
22-12-2025 11:29:40 AM,Faridabad,121006,Mangaldeep,Shubhkart Nirmal 3 in 1 Wet Dhoop Zipper,"https://instamart-media-assets.swiggy.com/swiggy/image/upload/fl_lossy,f_auto,q_auto,h_544,w_504/potk3zs8qh1fg5hrx12b",20 pieces,10,30,27,Organic,In Stock
22-12-2025 11:29:40 AM,Faridabad,121006,Mangaldeep,"Cycle Pure Oudh Bambooless Solid Dhoop Stick, 6 Inch","https://instamart-media-assets.swiggy.com/swiggy/image/upload/fl_lossy,f_auto,q_auto,h_544,w_504/NI_CATALOG/IMAGES/CIW/2025/8/12/1cc85a22-b1c0-4d76-9dfa-46aa117f9148_230250_1.png",50 Sticks,6,130,122,Organic,In Stock
22-12-2025 11:29:40 AM,Faridabad,121006,Mangaldeep,Mangalam Camphor Bhimseni,"https://instamart-media-assets.swiggy.com/swiggy/image/upload/fl_lossy,f_auto,q_auto,h_544,w_504/NI_CATALOG/IMAGES/CIW/2025/4/5/345cfa20-2f53-4a76-87f6-c82848e0457a_15382_1.png",100 g,10,280,252,Organic,In Stock
22-12-2025 11:29:40 AM,Faridabad,121006,Mangaldeep,Shubhkart Darshana Kapoor Ashtagandha With Essence Of Kesar & Sandalwood,"https://instamart-media-assets.swiggy.com/swiggy/image/upload/fl_lossy,f_auto,q_auto,h_544,w_504/NI_CATALOG/IMAGES/CIW/2024/11/18/b370ccd0-cabe-4cd4-946b-dde8e69379ca_10757_1.png",50 g,14,55,47,Organic,In Stock
22-12-2025 11:29:40 AM,Faridabad,121006,Mangaldeep,Cycle Bansuri Kisna Agarbatti – Refreshing Floral & Fruity Incense Sticks for Positivity & Relaxation | From House of Cycle,"https://instamart-media-assets.swiggy.com/swiggy/image/upload/fl_lossy,f_auto,q_auto,h_544,w_504/NI_CATALOG/IMAGES/CIW/2025/9/19/ea2b0936-b575-44c7-9ea3-83677a2d03e0_708418_1.png",100 g,,,,Organic,Out of Stock
22-12-2025 11:29:40 AM,Faridabad,121006,Mangaldeep,Phool Sambrani Havan Cups | 100% Natural Certified Dhoop Cups - 16 Pcs,"https://instamart-media-assets.swiggy.com/swiggy/image/upload/fl_lossy,f_auto,q_auto,h_544,w_504/26e03336a31423eabba0243b78b8963f",16 pieces,10,295,265,Organic,In Stock
22-12-2025 11:29:40 AM,Faridabad,121006,Mangaldeep,Soulflower Luxury Sandalwood Chandan Agarbatti Handcrafted Charcoal-Free Longlasting,"https://instamart-media-assets.swiggy.com/swiggy/image/upload/fl_lossy,f_auto,q_auto,h_544,w_504/NI_CATALOG/IMAGES/CIW/2025/10/7/2e393b83-1cdc-422e-9994-a055cd128d17_62490_1.png",20 pieces,34,150,99,Organic,In Stock
22-12-2025 11:29:40 AM,Faridabad,121006,Mangaldeep,"Soulflower Luxury Lemongrass Citronella Agarbatti Natural, Handcrafted & Charcoal-Free","https://instamart-media-assets.swiggy.com/swiggy/image/upload/fl_lossy,f_auto,q_auto,h_544,w_504/NI_CATALOG/IMAGES/CIW/2025/10/7/55e0000a-4d1f-4eb8-b162-7ef2b4edc0bd_768531_1.png",20 Sticks,34,150,99,Organic,In Stock
22-12-2025 11:29:40 AM,Faridabad,121006,Mangaldeep,Phool Oudh Bambooless Agarbatti I 100% Natural Certified Dhoop Sticks,"https://instamart-media-assets.swiggy.com/swiggy/image/upload/fl_lossy,f_auto,q_auto,h_544,w_504/a3f5935f95c2b6bf6b496b199b3cc9f3",27 Sticks,1,265,262,Organic,In Stock
22-12-2025 11:29:40 AM,Faridabad,121006,Mangaldeep,Mangalam Camphor Small Round,"https://instamart-media-assets.swiggy.com/swiggy/image/upload/fl_lossy,f_auto,q_auto,h_544,w_504/NI_CATALOG/IMAGES/CIW/2025/4/5/7bf660e2-7080-4e36-83a0-6096d886d9b9_15381_1.png",100 g,10,195,175,Organic,In Stock
22-12-2025 11:29:40 AM,Faridabad,121006,Mangaldeep,Soulflower Luxury Lavender Agarbatti for Pooja Handcrafted Charcoal-Free Longlasting,"https://instamart-media-assets.swiggy.com/swiggy/image/upload/fl_lossy,f_auto,q_auto,h_544,w_504/NI_CATALOG/IMAGES/CIW/2025/10/7/4da15bc1-a2f3-4a6f-ae85-0e02b30e2402_536488_1.png",20 Sticks,34,150,99,Organic,In Stock
22-12-2025 11:29:40 AM,Faridabad,121006,Mangaldeep,"Soulflower Luxury Jasmine Mogra Agarbatti Natural, Handcrafted & Charcoal-Free Longlasting","https://instamart-media-assets.swiggy.com/swiggy/image/upload/fl_lossy,f_auto,q_auto,h_544,w_504/NI_CATALOG/IMAGES/CIW/2025/10/13/ddaae2bc-c65c-41b8-8496-f91a171a2985_86012_1.png",20 Sticks,34,150,99,Organic,In Stock
22-12-2025 11:29:40 AM,Faridabad,121006,Mangaldeep,Phool Nagchampa Agarbatti I 100% Natural Certified Incense Sticks,"https://instamart-media-assets.swiggy.com/swiggy/image/upload/fl_lossy,f_auto,q_auto,h_544,w_504/0dc3fd5caff6b8442cf5042883635f99",40 pieces,4,165,158,Organic,In Stock
22-12-2025 11:29:40 AM,Faridabad,121006,Mangaldeep,Cycle Pure Woods Natural Incense Sticks,"https://instamart-media-assets.swiggy.com/swiggy/image/upload/fl_lossy,f_auto,q_auto,h_544,w_504/NI_CATALOG/IMAGES/CIW/2025/8/12/6e7c2e0b-cc0c-42cd-994a-e7ebc6daa25d_138357_1.png",70 g,10,220,198,Organic,In Stock
22-12-2025 11:29:40 AM,Faridabad,121006,Mangaldeep,Phool Kashi Vishwanath Sandalwood Agarbatti I 100% Natural Incense Sticks | Made From Temple Flowers,"https://instamart-media-assets.swiggy.com/swiggy/image/upload/fl_lossy,f_auto,q_auto,h_544,w_504/30e508f6ec6d14cd784343ea4c0a3f0c",40 Sticks,,,,Organic,Out of Stock
22-12-2025 11:29:40 AM,Faridabad,121006,Mangaldeep,Shubhkart Nirmal Haldi Chandan Agarbatti Zipper,"https://instamart-media-assets.swiggy.com/swiggy/image/upload/fl_lossy,f_auto,q_auto,h_544,w_504/NI_CATALOG/IMAGES/CIW/2025/6/30/2cf556c5-2f26-40bd-9f92-270330263490_88837_1.png",150 g,12,150,132,Organic,In Stock
22-12-2025 11:30:10 AM,Faridabad,121006,Dabur,Dabur Honey,"https://instamart-media-assets.swiggy.com/swiggy/image/upload/fl_lossy,f_auto,q_auto,h_544,w_504/19a39b296963f02f6a8682cd6bfce048",250 g,10,125,112,Organic,In Stock
22-12-2025 11:30:10 AM,Faridabad,121006,Dabur,Dabur Honey,"https://instamart-media-assets.swiggy.com/swiggy/image/upload/fl_lossy,f_auto,q_auto,h_544,w_504/257c931f22d1bf4171ec323e9aad3238",100 g,,,,Organic,Out of Stock
22-12-2025 11:30:10 AM,Faridabad,121006,Dabur,Dabur Squeezy Honey (Buy 1 Get 1 Free),"https://instamart-media-assets.swiggy.com/swiggy/image/upload/fl_lossy,f_auto,q_auto,h_544,w_504/NI_CATALOG/IMAGES/CIW/2025/10/1/a8dc9f55-a37d-45ea-ba2f-7d5a852b059d_1594_1.png",450 g,31,249,171,Organic,In Stock
22-12-2025 11:30:10 AM,Faridabad,121006,Dabur,Sensodyne Deep Clean Toothpaste,"https://instamart-media-assets.swiggy.com/swiggy/image/upload/fl_lossy,f_auto,q_auto,h_544,w_504/NI_CATALOG/IMAGES/CIW/2025/9/21/8afbfd26-b293-44b2-9811-8966641788aa_188_1.png",70 g,,,,Ad,Out of Stock
22-12-2025 11:30:10 AM,Faridabad,121006,Dabur,Keya Lemon Juice,"https://instamart-media-assets.swiggy.com/swiggy/image/upload/fl_lossy,f_auto,q_auto,h_544,w_504/NI_CATALOG/IMAGES/ciw/2025/12/18/0347188d-7d9f-431e-9b8d-b2f9c5b9e753_30M1YNRLFD_MN_18122025.png",250 ml,,,,Ad,Out of Stock
22-12-2025 11:30:10 AM,Faridabad,121006,Dabur,Dabur Red Toothpaste Ayurvedic Paste,"https://instamart-media-assets.swiggy.com/swiggy/image/upload/fl_lossy,f_auto,q_auto,h_544,w_504/NI_CATALOG/IMAGES/CIW/2025/11/19/f06207fb-f3a2-4610-89db-0e1a273c2df7_23903_1.png",500 g,19,317,254,Organic,In Stock
22-12-2025 11:30:10 AM,Faridabad,121006,Dabur,Dabur Honitus Syrup,"https://instamart-media-assets.swiggy.com/swiggy/image/upload/fl_lossy,f_auto,q_auto,h_544,w_504/lac6khf2ydojrbcapfkg",100 ml,9,121,109,Organic,In Stock
22-12-2025 11:30:10 AM,Faridabad,121006,Dabur,Dabur Organic Honey,"https://instamart-media-assets.swiggy.com/swiggy/image/upload/fl_lossy,f_auto,q_auto,h_544,w_504/adc4d6dcdd90ab3a4dbecafdabbbf7f6",300 g,32,410,275,Organic,In Stock
22-12-2025 11:30:10 AM,Faridabad,121006,Dabur,Dabur Squeezy Honey (Buy 1 Get 1 Free),"https://instamart-media-assets.swiggy.com/swiggy/image/upload/fl_lossy,f_auto,q_auto,h_544,w_504/NI_CATALOG/IMAGES/CIW/2024/11/28/bfae4897-dee2-4eeb-b210-3cec923b9f10_648_1.png",800 g,23,420,320,Organic,In Stock
22-12-2025 11:30:10 AM,Faridabad,121006,Dabur,Dabur Honitus Hot Sip 30Nx4G Sachets,"https://instamart-media-assets.swiggy.com/swiggy/image/upload/fl_lossy,f_auto,q_auto,h_544,w_504/b941e25e418fdcdd271f3ffaac3338b2",120 g,15,330,280,Organic,In Stock
22-12-2025 11:30:10 AM,Faridabad,121006,Dabur,Dabur Gulabari Premium Rose Water (Paraben Free Skin Toner ),"https://instamart-media-assets.swiggy.com/swiggy/image/upload/fl_lossy,f_auto,q_auto,h_544,w_504/NI_CATALOG/IMAGES/CIW/2025/4/4/bc26aeff-b7bd-4936-b0a5-c17d0ef226a8_99007_1.png",400 ml,20,135,108,Organic,In Stock
22-12-2025 11:30:10 AM,Faridabad,121006,Dabur,Dabur Castor Oil 100% Natural Cold Pressed Oil,"https://instamart-media-assets.swiggy.com/swiggy/image/upload/fl_lossy,f_auto,q_auto,h_544,w_504/NI_CATALOG/IMAGES/CIW/2024/6/11/4197f3e2-38d2-4ec0-935d-13c84ca59043_hairandbodyoils_OOBNTSH7B2_MN.png",200 ml,20,299,239,Organic,In Stock
22-12-2025 11:30:10 AM,Faridabad,121006,Dabur,Dabur Hommade Tomato Puree,"https://instamart-media-assets.swiggy.com/swiggy/image/upload/fl_lossy,f_auto,q_auto,h_544,w_504/NI_CATALOG/IMAGES/ciw/2025/12/18/3648672e-306b-49eb-8350-e309fa985b08_U64LMZW8HR_MN_18122025.png",200 g,,,,Organic,Out of Stock
22-12-2025 11:30:10 AM,Faridabad,121006,Dabur,Dabur Gulabari Premium Rose Water (Paraben Free Skin Toner),"https://instamart-media-assets.swiggy.com/swiggy/image/upload/fl_lossy,f_auto,q_auto,h_544,w_504/NI_CATALOG/IMAGES/CIW/2025/4/4/93d41130-2155-4405-8706-9e2c92a4fdc9_9766_1.png",250 ml,11,92,81,Organic,In Stock
22-12-2025 11:30:10 AM,Faridabad,121006,Dabur,Dabur Amla Hair Oil (Dispenser Pack),"https://instamart-media-assets.swiggy.com/swiggy/image/upload/fl_lossy,f_auto,q_auto,h_544,w_504/0e392354ac85dbe5b4a3a9cdb1e9732d",550 ml,20,340,272,Organic,In Stock
22-12-2025 11:30:10 AM,Faridabad,121006,Dabur,Dabur Amla Hair Oil,"https://instamart-media-assets.swiggy.com/swiggy/image/upload/fl_lossy,f_auto,q_auto,h_544,w_504/da3dc9917d23061147ee4cedc7e41238",275 ml,10,137,123,Organic,In Stock
22-12-2025 11:30:10 AM,Faridabad,121006,Dabur,Dabur Sat Isabgol Psyllium Husk) Relieves Constipation & Improves Digestion,"https://instamart-media-assets.swiggy.com/swiggy/image/upload/fl_lossy,f_auto,q_auto,h_544,w_504/NI_CATALOG/IMAGES/CIW/2024/10/2/ca0529a7-c9d9-42df-81b6-a67a95f1e6c4_52962_1.png",90 g,9,175,158,Organic,In Stock
22-12-2025 11:30:10 AM,Faridabad,121006,Dabur,Dabur Vatika Health Shampoo,"https://instamart-media-assets.swiggy.com/swiggy/image/upload/fl_lossy,f_auto,q_auto,h_544,w_504/NI_CATALOG/IMAGES/CIW/2025/9/23/4ac50da7-f7d9-41c7-84d3-16b3eb8a89c1_33383_1.png",340 ml,50,287,143,Organic,In Stock
22-12-2025 11:30:10 AM,Faridabad,121006,Dabur,Dabur Lal Massage Oil (Ayurvedic Medicine),"https://instamart-media-assets.swiggy.com/swiggy/image/upload/fl_lossy,f_auto,q_auto,h_544,w_504/ssucwrsideck1qedrc6x",200 ml,24,243,184,Organic,In Stock
22-12-2025 11:30:10 AM,Faridabad,121006,Dabur,Dabur Hajmola Candy,"https://instamart-media-assets.swiggy.com/swiggy/image/upload/fl_lossy,f_auto,q_auto,h_544,w_504/d3b02f60518c5764c89315d13a4a9c08",875 g,12,250,220,Organic,In Stock
22-12-2025 11:30:10 AM,Faridabad,121006,Dabur,Dabur Cold Pressed Mustard Oil,"https://instamart-media-assets.swiggy.com/swiggy/image/upload/fl_lossy,f_auto,q_auto,h_544,w_504/NI_CATALOG/IMAGES/CIW/2025/10/6/90b24e7e-54fd-45c2-b09e-862985073980_9817_1.png",1 ltr,20,360,288,Organic,In Stock
22-12-2025 11:30:10 AM,Faridabad,121006,Dabur,Dabur Vatika Ayurvedic Shampoo,"https://instamart-media-assets.swiggy.com/swiggy/image/upload/fl_lossy,f_auto,q_auto,h_544,w_504/NI_CATALOG/IMAGES/CIW/2025/9/23/4145ba3f-40c1-4ed2-b629-d667cec7c352_33382_1.png",340 ml,50,287,143,Organic,In Stock
22-12-2025 11:30:10 AM,Faridabad,121006,Dabur,Dabur Almond Hair Oil,"https://instamart-media-assets.swiggy.com/swiggy/image/upload/fl_lossy,f_auto,q_auto,h_544,w_504/NI_CATALOG/IMAGES/CIW/2024/5/16/2b7868a4-7049-40c6-adf3-7333fd4199b3_hairandbodyoils_KJCIQ79HZ3_MN.png",500 ml,25,311,231,Organic,In Stock
22-12-2025 11:30:10 AM,Faridabad,121006,Dabur,Dabur Vatika Ayurvedic Shampoo Bottle,"https://instamart-media-assets.swiggy.com/swiggy/image/upload/fl_lossy,f_auto,q_auto,h_544,w_504/bz6cplghwjgayxm8qzwd",640 ml,50,662,331,Organic,In Stock
22-12-2025 11:30:10 AM,Faridabad,121006,Dabur,Dabur Cold Pressed Mustard Oil,"https://instamart-media-assets.swiggy.com/swiggy/image/upload/fl_lossy,f_auto,q_auto,h_544,w_504/NI_CATALOG/IMAGES/CIW/2024/4/25/6b7d2a4e-7f7e-441b-9087-57967323dd02_cookingandedibleoils_UJWND2WNUJ_MN.png",3 ltr,21,1099,862,Organic,In Stock
22-12-2025 11:30:10 AM,Faridabad,121006,Dabur,Dabur Anmol Gold 100 % Pure Coconut Oil Nariyal Tel.,"https://instamart-media-assets.swiggy.com/swiggy/image/upload/fl_lossy,f_auto,q_auto,h_544,w_504/NI_CATALOG/IMAGES/CIW/2024/6/27/60924e7f-1710-442d-9744-15f2b6f33486_hairandbodyoils_5MP855YHGD_MN.png",550 ml,15,365,310,Organic,In Stock
22-12-2025 11:30:10 AM,Faridabad,121006,Dabur,Dabur Hommade Rajasthan Ki Garlic Chutney,"https://instamart-media-assets.swiggy.com/swiggy/image/upload/fl_lossy,f_auto,q_auto,h_544,w_504/NI_CATALOG/IMAGES/ciw/2025/12/18/01afa282-b094-4f30-a44e-f853d4a39e2e_K1IZRBJYQC_MN_18122025.png",200 g,,,,Organic,Out of Stock
22-12-2025 11:30:10 AM,Faridabad,121006,Dabur,Dabur Cold Pressed Mustard Oil & Dabur Amla Hair Oil (Dispenser Pack),"https://instamart-media-assets.swiggy.com/swiggy/image/upload/fl_lossy,f_auto,q_auto,h_544,w_504/NI_CATALOG/IMAGES/CIW/2025/9/2/3327b0e1-6c90-49b9-8e7b-1f5de6835d77_VC_U1QC31RC_1.png",1 combo,20,700,560,Organic,In Stock
22-12-2025 11:30:10 AM,Faridabad,121006,Dabur,Honey & Almonds Combo,"https://instamart-media-assets.swiggy.com/swiggy/image/upload/fl_lossy,f_auto,q_auto,h_544,w_504/gbglise1gvxjgotgtigo",1 combo,27,524,380,Organic,In Stock
22-12-2025 11:30:10 AM,Faridabad,121006,Dabur,Tetley Green Tea & Dabur Honey Combo,"https://instamart-media-assets.swiggy.com/swiggy/image/upload/fl_lossy,f_auto,q_auto,h_544,w_504/lbjczaxcp1wg2s8r7ko8",1 Combo,10,250,223,Organic,In Stock
22-12-2025 11:30:10 AM,Faridabad,121006,Dabur,Combo Slurrp Farm Millet Pancake Chocochip And Dabur Squeezy Honey,"https://instamart-media-assets.swiggy.com/swiggy/image/upload/fl_lossy,f_auto,q_auto,h_544,w_504/78767a10cf75929634f0cf2405b8b775",1 combo,18,426,348,Organic,In Stock
22-12-2025 11:30:10 AM,Faridabad,121006,Dabur,Betty Crocker Complete Classic Pancake Mix 250gm and Dabur Honey,"https://instamart-media-assets.swiggy.com/swiggy/image/upload/fl_lossy,f_auto,q_auto,h_544,w_504/NI_CATALOG/IMAGES/CIW/2024/8/26/3715762e-c835-48ec-9404-4fe45369aa19_628984.png",1 Combo,24,320,242,Organic,In Stock
22-12-2025 11:30:39 AM,Faridabad,121006,Lion,Maya Makhna Dates Snacking,"https://instamart-media-assets.swiggy.com/swiggy/image/upload/fl_lossy,f_auto,q_auto,h_544,w_504/NI_CATALOG/IMAGES/CIW/2024/2/24/335ad508-65aa-438f-9c48-b10334b78666_namkeenandsavourysnacks_O42I749N81_MN.png",1 combo,5,325,306,Organic,In Stock
22-12-2025 11:30:39 AM,Faridabad,121006,Lion,Wonderland Foods Arabian Dates Khajoor,"https://instamart-media-assets.swiggy.com/swiggy/image/upload/fl_lossy,f_auto,q_auto,h_544,w_504/0a2f52d3f83e5e2233285e912721ce95",250 g,33,99,66,Organic,In Stock
22-12-2025 11:30:39 AM,Faridabad,121006,Lion,Wonderland Foods Zahidi Dates (Khajoor),"https://instamart-media-assets.swiggy.com/swiggy/image/upload/fl_lossy,f_auto,q_auto,h_544,w_504/NI_CATALOG/IMAGES/CIW/2024/2/26/9f2af9f3-5ce2-4d97-a13a-2a5a262cff7e_driedfruitsnutsandseeds_PAZQB8ABQ3_MN.png",500 g,65,299,103,Organic,In Stock
22-12-2025 11:30:39 AM,Faridabad,121006,Lion,Popular Fit Eats Kimia Dates,"https://instamart-media-assets.swiggy.com/swiggy/image/upload/fl_lossy,f_auto,q_auto,h_544,w_504/NI_CATALOG/IMAGES/CIW/2024/4/1/d8d20826-5d69-416e-8f15-0d1d9abe62fc_driedfruitsnutsandseeds_95WM0OKZH4_MN.png",500 g,41,425,249,Ad,In Stock
22-12-2025 11:30:39 AM,Faridabad,121006,Lion,Happilo Premium International Arabian Dates,"https://instamart-media-assets.swiggy.com/swiggy/image/upload/fl_lossy,f_auto,q_auto,h_544,w_504/NI_CATALOG/IMAGES/CIW/2025/9/28/ecd019c4-5e4a-420a-9578-b43525b4ed0e_67002_1.png",500 g,41,225,131,Organic,In Stock
22-12-2025 11:30:39 AM,Faridabad,121006,Lion,Kissan Mixed Fruit Jam,"https://instamart-media-assets.swiggy.com/swiggy/image/upload/fl_lossy,f_auto,q_auto,h_544,w_504/NI_CATALOG/IMAGES/CIW/2025/10/30/18102162-b9bb-44db-b23e-5f616da73908_9758_1.png",95 g,,,,Organic,Out of Stock
22-12-2025 11:30:39 AM,Faridabad,121006,Lion,Happilo Premium Super Soft Kimia Dates ,"https://instamart-media-assets.swiggy.com/swiggy/image/upload/fl_lossy,f_auto,q_auto,h_544,w_504/NI_CATALOG/IMAGES/CIW/2025/9/28/c10b5c56-4c96-4454-aa8e-375836c49b31_38886_1.png",500 g,35,465,298,Organic,In Stock
22-12-2025 11:30:39 AM,Faridabad,121006,Lion,TMI COLMAN Zahidi Dates,"https://instamart-media-assets.swiggy.com/swiggy/image/upload/fl_lossy,f_auto,q_auto,h_544,w_504/NI_CATALOG/IMAGES/CIW/2024/3/4/3d546c31-725c-4fb2-ba10-8e28e4b1f426_driedfruitsnutsandseeds_SJHOWMVAY6_MN.png",500 g,43,175,99,Organic,In Stock
22-12-2025 11:30:39 AM,Faridabad,121006,Lion,Del Monte Chocolate Flavoured Syrup,"https://instamart-media-assets.swiggy.com/swiggy/image/upload/fl_lossy,f_auto,q_auto,h_544,w_504/NI_CATALOG/IMAGES/CIW/2025/2/17/62c5f063-2d71-470e-a7db-fef83d4c3664_67620_1.png",600 g,32,270,182,Organic,In Stock
22-12-2025 11:30:39 AM,Faridabad,121006,Lion,TMI COLMAN Kimia Dates,"https://instamart-media-assets.swiggy.com/swiggy/image/upload/fl_lossy,f_auto,q_auto,h_544,w_504/NI_CATALOG/IMAGES/CIW/2025/1/26/eea7fcdf-dff8-434b-878d-fc7dfdeeaaff_96401_1.png",450 g,21,279,219,Organic,In Stock
22-12-2025 11:30:39 AM,Faridabad,121006,Lion,Popular Fit Eats Large Medjoul Dates,"https://instamart-media-assets.swiggy.com/swiggy/image/upload/fl_lossy,f_auto,q_auto,h_544,w_504/NI_CATALOG/IMAGES/CIW/2024/3/4/f7436bf5-d8e2-4eaa-8551-94b715861c1a_driedfruitsnutsandseeds_INKR9V3553_MN.png",500 g,20,1100,880,Organic,In Stock
22-12-2025 11:30:39 AM,Faridabad,121006,Lion,Happilo Essentials Classic Sultan Seedless Dates,"https://instamart-media-assets.swiggy.com/swiggy/image/upload/fl_lossy,f_auto,q_auto,h_544,w_504/NI_CATALOG/IMAGES/CIW/2025/9/28/cd6f069b-b95e-4f62-9794-f5f06dfd142f_47471_1.png",500 g,38,245,150,Organic,In Stock
22-12-2025 11:30:39 AM,Faridabad,121006,Lion,Wonderland Foods Yellow Dry Dates (Golden Chuara),"https://instamart-media-assets.swiggy.com/swiggy/image/upload/fl_lossy,f_auto,q_auto,h_544,w_504/NI_CATALOG/IMAGES/CIW/2025/1/31/17af3138-b4e1-44d5-b753-218c4dc15cfd_85283_1.png",250 g,45,160,87,Organic,In Stock
22-12-2025 11:30:39 AM,Faridabad,121006,Lion,Happilo Deluxe Kashmiri Walnut Kernels,"https://instamart-media-assets.swiggy.com/swiggy/image/upload/fl_lossy,f_auto,q_auto,h_544,w_504/NI_CATALOG/IMAGES/CIW/2025/4/5/05e08572-0d0d-4e29-aae7-23984a05ab9c_55923_1.png",1 pack,24,850,638,Organic,In Stock
22-12-2025 11:30:39 AM,Faridabad,121006,Lion,Wonderland Foods California Inshell Walnuts,"https://instamart-media-assets.swiggy.com/swiggy/image/upload/fl_lossy,f_auto,q_auto,h_544,w_504/NI_CATALOG/IMAGES/CIW/2024/6/13/f2ae786e-51a9-4bb0-8c66-c79f8c48b218_driedfruitsnutsandseeds_4WY7AS8FZX_MN.png",1 kg,16,950,791,Organic,In Stock
22-12-2025 11:30:39 AM,Faridabad,121006,Lion,Nutraj Gold Walnut Kernels,"https://instamart-media-assets.swiggy.com/swiggy/image/upload/fl_lossy,f_auto,q_auto,h_544,w_504/NI_CATALOG/IMAGES/CIW/2024/3/23/c6cf702f-5768-46e5-933b-7f3785d53e6d_driedfruitsnutsandseeds_Z8XS5XJLWG_MN.png",250 g,12,435,379,Organic,In Stock
22-12-2025 11:30:39 AM,Faridabad,121006,Lion,Wonderland Foods Mazafati Dates Khajoor (Packaging Might Vary),"https://instamart-media-assets.swiggy.com/swiggy/image/upload/fl_lossy,f_auto,q_auto,h_544,w_504/NI_CATALOG/IMAGES/CIW/2025/6/20/f4cc941a-ec4c-4762-83d1-3c770676da5e_87587_1.png",400 g,50,299,149,Organic,In Stock
22-12-2025 11:30:39 AM,Faridabad,121006,Lion,Wonderland Foods Ajwa Dates Khajoor,"https://instamart-media-assets.swiggy.com/swiggy/image/upload/fl_lossy,f_auto,q_auto,h_544,w_504/4f1a266443d0b8ef70ab814a393b5e98",200 g,51,599,291,Organic,In Stock
22-12-2025 11:30:39 AM,Faridabad,121006,Lion,Wonderland Foods Premium Walnut Kernels,"https://instamart-media-assets.swiggy.com/swiggy/image/upload/fl_lossy,f_auto,q_auto,h_544,w_504/6334416e727acc5bdc1a3bb35d7c4f4c",200 g,29,435,308,Organic,In Stock
22-12-2025 11:30:39 AM,Faridabad,121006,Lion,Wonderland Foods Brown Dry Dates (Khajoor),"https://instamart-media-assets.swiggy.com/swiggy/image/upload/fl_lossy,f_auto,q_auto,h_544,w_504/NI_CATALOG/IMAGES/CIW/2024/4/23/b824a147-1991-4185-8923-4de4a05eb9b2_driedfruitsnutsandseeds_7881AQRZ9U_MN.png",250 g,36,125,80,Organic,In Stock
22-12-2025 11:30:39 AM,Faridabad,121006,Lion,Popular Fit Eats Khalas Dates,"https://instamart-media-assets.swiggy.com/swiggy/image/upload/fl_lossy,f_auto,q_auto,h_544,w_504/NI_CATALOG/IMAGES/CIW/2024/3/1/def3cb33-3523-43a7-a162-6b4a1f9642c4_driedfruitsnutsandseeds_0J7RHLD95Z_MN.png",500 g,47,210,111,Organic,In Stock
22-12-2025 11:30:39 AM,Faridabad,121006,Lion,Wonderland Foods Chilean Walnut Kernels,"https://instamart-media-assets.swiggy.com/swiggy/image/upload/fl_lossy,f_auto,q_auto,h_544,w_504/NI_CATALOG/IMAGES/CIW/2024/5/17/5e681edf-20ad-4b11-a98b-f1d24f3127da_driedfruitsnutsandseeds_YQQZR9AR0R_MN.png",200 g,20,450,359,Organic,In Stock
22-12-2025 11:30:39 AM,Faridabad,121006,Lion,Happilo Premium International Ajwa Dates,"https://instamart-media-assets.swiggy.com/swiggy/image/upload/fl_lossy,f_auto,q_auto,h_544,w_504/NI_CATALOG/IMAGES/CIW/2025/9/28/78f3390b-1c12-4890-8a29-b4049fca3da0_71697_1.png",500 g,26,935,687,Organic,In Stock
22-12-2025 11:30:39 AM,Faridabad,121006,Lion,Wonderland Foods Royal Kalmi (Safawi) Dates Khajoor,"https://instamart-media-assets.swiggy.com/swiggy/image/upload/fl_lossy,f_auto,q_auto,h_544,w_504/NI_CATALOG/IMAGES/CIW/2024/11/30/f3a807e9-d3c2-4247-9b40-42971c3578ae_74821_1.png",200 g,49,399,201,Organic,In Stock
22-12-2025 11:30:39 AM,Faridabad,121006,Lion,Wonderland Foods Medjool Dates Khajoor,"https://instamart-media-assets.swiggy.com/swiggy/image/upload/fl_lossy,f_auto,q_auto,h_544,w_504/NI_CATALOG/IMAGES/CIW/2025/12/19/7683d7ae-0c8e-412d-92d6-d6d53f9da903_79279_1.png",200 g,41,599,348,Organic,In Stock
22-12-2025 11:30:39 AM,Faridabad,121006,Lion,Flyberry Gourmet Premium & Pure Medjoul Dates,"https://instamart-media-assets.swiggy.com/swiggy/image/upload/fl_lossy,f_auto,q_auto,h_544,w_504/NI_CATALOG/IMAGES/CIW/2025/5/16/a335c44d-bbe6-4408-9a80-b3542b4da7da_25388_1.png",200 g,,470,375,Organic,In Stock
22-12-2025 11:30:39 AM,Faridabad,121006,Lion,Wonderland Foods Dates and dry fruits delight,"https://instamart-media-assets.swiggy.com/swiggy/image/upload/fl_lossy,f_auto,q_auto,h_544,w_504/NI_CATALOG/IMAGES/CIW/2025/6/24/395c3c38-dd47-42bd-be66-f76a9676919c_357698_1.png",20 g,34,50,33,Organic,In Stock
22-12-2025 11:30:39 AM,Faridabad,121006,Lion,Farmley Premium Extra Light Halves Walnut (Akhrot) Kernels,"https://instamart-media-assets.swiggy.com/swiggy/image/upload/fl_lossy,f_auto,q_auto,h_544,w_504/NI_CATALOG/IMAGES/CIW/2024/8/24/e47226ed-e4be-4410-902f-c9093aedf7dd_25193_1.png",200 g,27,649,471,Organic,In Stock
22-12-2025 11:30:39 AM,Faridabad,121006,Lion,Kissan Mixed Fruit Jam,"https://instamart-media-assets.swiggy.com/swiggy/image/upload/fl_lossy,f_auto,q_auto,h_544,w_504/NI_CATALOG/IMAGES/CIW/2025/6/27/f3c26b36-fb40-49fe-8221-eba8f3c6ff66_32_1.png",500 g,,,,Organic,Out of Stock
22-12-2025 11:30:39 AM,Faridabad,121006,Lion,Kissan Mixed Fruit Jam,"https://instamart-media-assets.swiggy.com/swiggy/image/upload/fl_lossy,f_auto,q_auto,h_544,w_504/NI_CATALOG/IMAGES/CIW/2025/6/27/1807d7e9-9e16-4a09-89a1-79092ae5f9ff_14931_1.png",700 g,,,,Organic,Out of Stock
22-12-2025 11:30:39 AM,Faridabad,121006,Lion,Kissan Mixed Fruit Jam,"https://instamart-media-assets.swiggy.com/swiggy/image/upload/fl_lossy,f_auto,q_auto,h_544,w_504/NI_CATALOG/IMAGES/CIW/2025/6/27/0e6dbbc0-666e-4da1-a1c7-6e68063c522e_31_1.png",200 g,,,,Organic,Out of Stock
22-12-2025 11:30:39 AM,Faridabad,121006,Lion,Farmley Premium Light Broken Walnut (Akhrot) Kernels,"https://instamart-media-assets.swiggy.com/swiggy/image/upload/fl_lossy,f_auto,q_auto,h_544,w_504/NI_CATALOG/IMAGES/CIW/2024/3/21/2980dde9-e27c-489f-9dcb-fcdaf2c27c92_driedfruitsnutsandseeds_B1QHZU6S4B_MN.png",200 g,35,549,353,Organic,In Stock
22-12-2025 11:31:15 AM,Faridabad,121006,Godrej,Godrej Aer Matic Kit (Machine + 1 Refill) Automatic Room Freshener Violet Valley Bloom,"https://instamart-media-assets.swiggy.com/swiggy/image/upload/fl_lossy,f_auto,q_auto,h_544,w_504/NI_CATALOG/IMAGES/CIW/2025/7/12/07b9f130-5e49-445b-ad87-42abb51c943a_20389_1.png",210 ml,16,549,461,Organic,In Stock
22-12-2025 11:31:15 AM,Faridabad,121006,Godrej,Godrej Aer Power Pocket Bathroom Freshener Assorted Pack,"https://instamart-media-assets.swiggy.com/swiggy/image/upload/fl_lossy,f_auto,q_auto,h_544,w_504/886f6ad443c59004134ed435384de5a2",1 Piece,13,195,168,Organic,In Stock
22-12-2025 11:31:15 AM,Faridabad,121006,Godrej,Godrej Aer Power Pocket Bathroom Freshener Assorted Pack,"https://instamart-media-assets.swiggy.com/swiggy/image/upload/fl_lossy,f_auto,q_auto,h_544,w_504/NI_CATALOG/IMAGES/CIW/2024/3/28/78e96188-54b5-4b45-85db-95611992663b_freshenerfragrance_K2NLGH7U61_MN.png",50 g,15,325,276,Organic,In Stock
22-12-2025 11:31:15 AM,Faridabad,121006,Godrej,Palmolive Black Orchid & Milk Hand Wash,"https://instamart-media-assets.swiggy.com/swiggy/image/upload/fl_lossy,f_auto,q_auto,h_544,w_504/3fe0450b79d7cab640dfe0c00cd487bf",750 ml,20,240,192,Ad,In Stock
22-12-2025 11:31:15 AM,Faridabad,121006,Godrej,Palmolive Naturals Sea Minerals Liquid Hand Wash Refill,"https://instamart-media-assets.swiggy.com/swiggy/image/upload/fl_lossy,f_auto,q_auto,h_544,w_504/3319893d279a0d2625e0e0ff20fed2b4",750 ml,20,240,192,Ad,In Stock
22-12-2025 11:31:15 AM,Faridabad,121006,Godrej,Godrej Aer Matic Refill Automatic Room Freshener Fresh Lush Green,"https://instamart-media-assets.swiggy.com/swiggy/image/upload/fl_lossy,f_auto,q_auto,h_544,w_504/NI_CATALOG/IMAGES/CIW/2024/3/28/8ff79f02-13d9-4e7f-8c2a-d66c2ea5437b_freshenerfragrance_TXLO55QF6S_MN.png",225 ml,20,315,249,Organic,In Stock
22-12-2025 11:31:15 AM,Faridabad,121006,Godrej,Godrej aer Matic Kit (Machine + 1 Refill) - Automatic Room Fresheners - Royal Festive Essence,"https://instamart-media-assets.swiggy.com/swiggy/image/upload/fl_lossy,f_auto,q_auto,h_544,w_504/NI_CATALOG/IMAGES/CIW/2025/8/28/a5dae656-3f5f-4924-8fea-58c67b5c80ff_201183_1.png",1 pack,22,549,428,Organic,In Stock
22-12-2025 11:31:15 AM,Faridabad,121006,Godrej,Godrej Aero Hanging Car Air Freshener Assorted Pack,"https://instamart-media-assets.swiggy.com/swiggy/image/upload/fl_lossy,f_auto,q_auto,h_544,w_504/NI_CATALOG/IMAGES/CIW/2025/11/28/27c77ad6-6c3f-4dda-a29d-cc82fc48c905_693809_1.png",3 pack,5,270,256,Ad,In Stock
22-12-2025 11:31:15 AM,Faridabad,121006,Godrej,Mr. White Detergent Powder No Bleach Formula Longlasting Fragrance Removes Stains & Odours,"https://instamart-media-assets.swiggy.com/swiggy/image/upload/fl_lossy,f_auto,q_auto,h_544,w_504/NI_CATALOG/IMAGES/ciw/2025/12/18/7c10011c-2557-40c0-8a33-fc771daa7808_W1P9KJQTI2_MN_18122025.png",10 kg,23,860,662,Ad,In Stock
22-12-2025 11:31:15 AM,Faridabad,121006,Godrej,Godrej Aer Matic Refill Automatic Room Freshener Violet Valley Bloom,"https://instamart-media-assets.swiggy.com/swiggy/image/upload/fl_lossy,f_auto,q_auto,h_544,w_504/NI_CATALOG/IMAGES/CIW/2024/3/28/b76b26cb-401e-4ba4-b124-46b42b80ef31_freshenerfragrance_2JFFBDWJ5B_MN.png",225 ml,,,,Organic,Out of Stock
22-12-2025 11:31:15 AM,Faridabad,121006,Godrej,Godrej Aer Room Freshener Spray for Home & Office - Jasmine Delight,"https://instamart-media-assets.swiggy.com/swiggy/image/upload/fl_lossy,f_auto,q_auto,h_544,w_504/NI_CATALOG/IMAGES/CIW/2025/12/11/6022509c-b650-424f-b652-c9faa00b5390_9335_1.png",200 ml,,,,Organic,Out of Stock
22-12-2025 11:31:15 AM,Faridabad,121006,Godrej,Henko Matic Front Load Detergent Powder,"https://instamart-media-assets.swiggy.com/swiggy/image/upload/fl_lossy,f_auto,q_auto,h_544,w_504/NI_CATALOG/IMAGES/ciw/2025/12/18/9a58041a-edde-4186-9c08-b6b9e913e274_329KDFBMQG_MN_18122025.png",2 kg,38,600,372,Ad,In Stock
22-12-2025 11:31:15 AM,Faridabad,121006,Godrej,Godrej Aer Power Pocket Bathroom and Toilet Air Freshener (Lemon Tangy Delight),"https://instamart-media-assets.swiggy.com/swiggy/image/upload/fl_lossy,f_auto,q_auto,h_544,w_504/NI_CATALOG/IMAGES/CIW/2024/11/6/a7e4de42-7e1b-4829-ae8d-56ca96c52162_930618_1.png",10 g,,,,Organic,Out of Stock
22-12-2025 11:31:15 AM,Faridabad,121006,Godrej,Godrej Aer Power Pocket Bathroom and Toilet Air Freshener (Berry Rush),"https://instamart-media-assets.swiggy.com/swiggy/image/upload/fl_lossy,f_auto,q_auto,h_544,w_504/NI_CATALOG/IMAGES/CIW/2024/11/6/42c37cf0-d2c2-4591-9963-0b293914b23e_977503_1.png",10 g,,,,Organic,Out of Stock
22-12-2025 11:31:15 AM,Faridabad,121006,Godrej,Godrej Aer Power Pocket Bathroom Fragrance (Sea Breeze),"https://instamart-media-assets.swiggy.com/swiggy/image/upload/fl_lossy,f_auto,q_auto,h_544,w_504/NI_CATALOG/IMAGES/CIW/2024/9/26/e6ba8da8-0fea-472f-8fda-87f045af8dc2_50493_1.png",10 g,,,,Organic,Out of Stock
22-12-2025 11:31:15 AM,Faridabad,121006,Godrej,Godrej Aer Matic Refill - Cool Surf Blue,"https://instamart-media-assets.swiggy.com/swiggy/image/upload/fl_lossy,f_auto,q_auto,h_544,w_504/NI_CATALOG/IMAGES/CIW/2024/6/8/ac213487-12fd-4aad-bb33-7104addccc29_freshenerfragrance_AT1OIXX6W6_MN.png",225 ml,,,,Organic,Out of Stock
22-12-2025 11:31:15 AM,Faridabad,121006,Godrej,Godrej Aer Room Freshener Spray for Home & Office - Cool Aqua,"https://instamart-media-assets.swiggy.com/swiggy/image/upload/fl_lossy,f_auto,q_auto,h_544,w_504/NI_CATALOG/IMAGES/CIW/2025/12/11/91676d8c-0f58-4857-928d-48080c37428a_10835_1.png",200 ml,,,,Organic,Out of Stock
22-12-2025 11:31:15 AM,Faridabad,121006,Godrej,"Godrej Aer Hanging Car Air Freshener, Car Accessories Musk After Smoke","https://instamart-media-assets.swiggy.com/swiggy/image/upload/fl_lossy,f_auto,q_auto,h_544,w_504/NI_CATALOG/IMAGES/CIW/2025/3/3/8fe2d490-b19c-4a90-852e-5b67cf1b5b3e_52360_1.png",7.5 g x 3,2,297,291,Organic,In Stock
22-12-2025 11:31:15 AM,Faridabad,121006,Godrej,"Godrej Aer O – Hanging Car Air Freshener, Car Accessories – Cool Aqua","https://instamart-media-assets.swiggy.com/swiggy/image/upload/fl_lossy,f_auto,q_auto,h_544,w_504/NI_CATALOG/IMAGES/CIW/2025/11/19/5cc653e0-d394-4ee6-a916-1ec3ec2d779e_99023_1.png",7.5 g,,,,Organic,Out of Stock
22-12-2025 11:31:15 AM,Faridabad,121006,Godrej,"Godrej Aer O – Hanging Car Air Freshener, Car Accessories – Rose Blossom","https://instamart-media-assets.swiggy.com/swiggy/image/upload/fl_lossy,f_auto,q_auto,h_544,w_504/NI_CATALOG/IMAGES/CIW/2025/11/20/d563d109-43c3-46f8-b413-23b398b53482_68997_1.png",7.5 g,,,,Organic,Out of Stock
22-12-2025 11:31:15 AM,Faridabad,121006,Godrej,Godrej Aer Room Freshener Spray for Home & Office - Lavender Bloom,"https://instamart-media-assets.swiggy.com/swiggy/image/upload/fl_lossy,f_auto,q_auto,h_544,w_504/NI_CATALOG/IMAGES/CIW/2025/12/11/70523243-8d03-4b7f-bb74-b784691ecf85_647311_1.png",200 ml,,,,Organic,Out of Stock
22-12-2025 11:31:15 AM,Faridabad,121006,Godrej,Godrej Aer Pocket Lavender Bloom Air Freshener,"https://instamart-media-assets.swiggy.com/swiggy/image/upload/fl_lossy,f_auto,q_auto,h_544,w_504/s1gteodcqs6ytifxma6r",10 g,,,,Organic,Out of Stock
22-12-2025 11:31:15 AM,Faridabad,121006,Godrej,Godrej Aer Room Freshener Spray for Home & Office - Forest Fresh,"https://instamart-media-assets.swiggy.com/swiggy/image/upload/fl_lossy,f_auto,q_auto,h_544,w_504/NI_CATALOG/IMAGES/CIW/2025/12/11/72ddfadd-3036-424f-8893-f24975b52335_10836_1.png",200 ml,,,,Organic,Out of Stock
22-12-2025 11:31:15 AM,Faridabad,121006,Godrej,Godrej Aer Room Freshener Spray For Home & Office - Cool Surf Blue & Fresh Lush Green,"https://instamart-media-assets.swiggy.com/swiggy/image/upload/fl_lossy,f_auto,q_auto,h_544,w_504/NI_CATALOG/IMAGES/CIW/2025/12/12/9476a4ac-ce61-41c1-990b-a8e5ec30f92b_20245_1.png",1 combo,,,,Organic,Out of Stock
22-12-2025 11:31:15 AM,Faridabad,121006,Godrej,"Godrej Aer Room Freshener Spray For Home And Office Morning Jasmine Delight & Godrej Aer O Hanging Car Air Freshener, Car Accessories Cool Aqua","https://instamart-media-assets.swiggy.com/swiggy/image/upload/fl_lossy,f_auto,q_auto,h_544,w_504/NI_CATALOG/IMAGES/CIW/2025/6/11/5ee0ebc6-e152-4082-8e2f-87990bf904a6_172499.png",1 combo,1,198,195,Organic,In Stock
22-12-2025 11:31:15 AM,Faridabad,121006,Godrej,Godrej Aer Matic Combi - Cool Surf Blue,"https://instamart-media-assets.swiggy.com/swiggy/image/upload/fl_lossy,f_auto,q_auto,h_544,w_504/NI_CATALOG/IMAGES/CIW/2025/7/12/0571e6bd-7f0b-4840-a5ce-b72fabdd0d08_24980_1.png",210 ml,16,549,461,Organic,In Stock
22-12-2025 11:31:15 AM,Faridabad,121006,Godrej,"Godrej Aer Spray, Room Freshener For Home & Office Musk After Smoke","https://instamart-media-assets.swiggy.com/swiggy/image/upload/fl_lossy,f_auto,q_auto,h_544,w_504/NI_CATALOG/IMAGES/CIW/2025/3/3/1c19c206-3e17-4431-ac8d-4d1c4f461cef_53599_1.png",200 ml x 3,2,297,291,Organic,In Stock
22-12-2025 11:31:15 AM,Faridabad,121006,Godrej,"Godrej Aer Matic Kit (Machine + 1 Refill) Automatic Room Freshener Violet Valley Bloom & Godrej Aer O Hanging Car Air Freshener, Car Accessories Cool Aqua","https://instamart-media-assets.swiggy.com/swiggy/image/upload/fl_lossy,f_auto,q_auto,h_544,w_504/NI_CATALOG/IMAGES/CIW/2025/6/11/8bb0da31-b7f2-4073-a0d7-c72d52251923_959980.png",1 combo,15,648,547,Organic,In Stock
22-12-2025 11:31:15 AM,Faridabad,121006,Godrej,"Godrej Aer Pocket Lavender Bloom Air Freshener & Godrej Aer O Hanging Car Air Freshener, Car Accessories Cool Aqua","https://instamart-media-assets.swiggy.com/swiggy/image/upload/fl_lossy,f_auto,q_auto,h_544,w_504/NI_CATALOG/IMAGES/CIW/2025/6/6/6cd26a5f-fc47-415f-8978-0730a9d37131_773112.png",1 combo,1,164,161,Organic,In Stock
22-12-2025 11:31:15 AM,Faridabad,121006,Godrej,"Godrej Aer Power Pocket Bathroom Fragrance (Sea Breeze) & Godrej Aer O Hanging Car Air Freshener, Car Accessories Cool Aqua","https://instamart-media-assets.swiggy.com/swiggy/image/upload/fl_lossy,f_auto,q_auto,h_544,w_504/NI_CATALOG/IMAGES/CIW/2025/6/11/5bb9a081-628e-4344-b62f-f511349c4568_266151.png",1 combo,1,164,162,Organic,In Stock
22-12-2025 11:31:15 AM,Faridabad,121006,Godrej,"Godrej Aer Power Pocket Bathroom and Toilet Air Freshener (Lemon Tangy Delight) & Godrej Aer O Hanging Car Air Freshener, Car Accessories Cool Aqua","https://instamart-media-assets.swiggy.com/swiggy/image/upload/fl_lossy,f_auto,q_auto,h_544,w_504/NI_CATALOG/IMAGES/CIW/2025/6/6/b85997d6-89d9-4060-b0be-92c1e5404d3b_291146.png",1 combo,1,164,161,Organic,In Stock
22-12-2025 11:31:15 AM,Faridabad,121006,Godrej,"Godrej Aer Matic Combi - Cool Surf Blue & Godrej Aer O Hanging Car Air Freshener, Car Accessories Cool Aqua","https://instamart-media-assets.swiggy.com/swiggy/image/upload/fl_lossy,f_auto,q_auto,h_544,w_504/NI_CATALOG/IMAGES/CIW/2025/6/11/4eadeb2f-3c22-434a-bbff-e45e83b58813_663342.png",1 combo,15,648,547,Organic,In Stock
22-12-2025 11:31:55 AM,Faridabad,121006,Britannia,Britannia Gobbles Bar Cake Fruity Fun,"https://instamart-media-assets.swiggy.com/swiggy/image/upload/fl_lossy,f_auto,q_auto,h_544,w_504/NI_CATALOG/IMAGES/ciw/2025/12/18/603b6509-c766-4282-b964-d75ec839da5d_NA4T3OZRPZ_MN_17122025.png",110 g,7,27,25,Organic,In Stock
22-12-2025 11:31:55 AM,Faridabad,121006,Britannia,Britannia Gobbles Bar Cake Choco Chill,"https://instamart-media-assets.swiggy.com/swiggy/image/upload/fl_lossy,f_auto,q_auto,h_544,w_504/NI_CATALOG/IMAGES/ciw/2025/12/18/6b67709c-2e10-411d-b926-4fc4a7fae70c_2DOH5BGKNN_MN_17122025.png",110 g,3,27,26,Organic,In Stock
22-12-2025 11:31:55 AM,Faridabad,121006,Britannia,Britannia Marie Gold Biscuits,"https://instamart-media-assets.swiggy.com/swiggy/image/upload/fl_lossy,f_auto,q_auto,h_544,w_504/NI_CATALOG/IMAGES/ciw/2025/12/18/c2e6ec0d-75bf-4985-af79-7a6ce190fd18_OVGDUAIX92_MN_17122025.png",250 g,7,40,37,Organic,In Stock
22-12-2025 11:31:55 AM,Faridabad,121006,Britannia,Britannia nutri choice 100% Millets,"https://instamart-media-assets.swiggy.com/swiggy/image/upload/fl_lossy,f_auto,q_auto,h_544,w_504/NI_CATALOG/IMAGES/ciw/2025/10/10/5655a964-d297-46af-9b9d-127e243d1c90_NPI-045682_1_20251010_081303.png",100 g,,,,Ad,Out of Stock
22-12-2025 11:31:55 AM,Faridabad,121006,Britannia,Britannia Milk Bikis Sandwich Biscuits,"https://instamart-media-assets.swiggy.com/swiggy/image/upload/fl_lossy,f_auto,q_auto,h_544,w_504/NI_CATALOG/IMAGES/ciw/2025/12/18/7d5c602a-36ee-4480-a75c-870945e64676_7Z66YMCLXN_MN_17122025.png",188 g,8,50,46,Ad,In Stock
22-12-2025 11:31:55 AM,Faridabad,121006,Britannia,Britannia Milk Bikis Biscuits,"https://instamart-media-assets.swiggy.com/swiggy/image/upload/fl_lossy,f_auto,q_auto,h_544,w_504/NI_CATALOG/IMAGES/CIW/2025/12/20/7b7d84a3-b66f-4f4f-bb78-c3f301372c24_8621_1.png",500 g,8,75,69,Organic,In Stock
22-12-2025 11:31:55 AM,Faridabad,121006,Britannia,Britannia Treat Croissant Cocoa Creme (Packaging Might Vary),"https://instamart-media-assets.swiggy.com/swiggy/image/upload/fl_lossy,f_auto,q_auto,h_544,w_504/NI_CATALOG/IMAGES/ciw/2025/12/18/037d4927-9347-4ca0-963c-5857b511b4ed_CIZSQBGCVR_MN_17122025.png",48.5 g,,,,Organic,Out of Stock
22-12-2025 11:31:55 AM,Faridabad,121006,Britannia,Britannia Pure Magic Choco Tarts,"https://instamart-media-assets.swiggy.com/swiggy/image/upload/fl_lossy,f_auto,q_auto,h_544,w_504/NI_CATALOG/IMAGES/ciw/2025/12/18/a9269c52-c606-449b-96d7-1933095f7b2e_4BHLHMTT0Y_MN_17122025.png",84 g,18,54,44,Ad,In Stock
22-12-2025 11:31:55 AM,Faridabad,121006,Britannia,Britannia Pure Magic Hazelnut Choco Tarts,"https://instamart-media-assets.swiggy.com/swiggy/image/upload/fl_lossy,f_auto,q_auto,h_544,w_504/NI_CATALOG/IMAGES/ciw/2025/12/18/e1e5996f-5a72-42bc-a2df-241368891234_RIWKLIKIV9_MN_17122025.png",84 g,18,54,44,Ad,In Stock
22-12-2025 11:31:55 AM,Faridabad,121006,Britannia,Britannia 5050 Maska Chaska Biscuits,"https://instamart-media-assets.swiggy.com/swiggy/image/upload/fl_lossy,f_auto,q_auto,h_544,w_504/NI_CATALOG/IMAGES/CIW/2025/12/19/758489b2-05e3-4e4d-bec8-6c563bec8891_89_1.png",114.1 g,7,27,25,Organic,In Stock
22-12-2025 11:31:55 AM,Faridabad,121006,Britannia,Britannia Nutrichoice Hi-Fibre Digestive Biscuits,"https://instamart-media-assets.swiggy.com/swiggy/image/upload/fl_lossy,f_auto,q_auto,h_544,w_504/NI_CATALOG/IMAGES/ciw/2025/12/18/085b1d93-8b9e-4f7a-b256-e5b6afb234b6_93NDEHIXC9_MN_17122025.png",125 g,12,25,22,Organic,In Stock
22-12-2025 11:31:55 AM,Faridabad,121006,Britannia,Britannia NutriChoice 5 Grain Digestive Biscuit | 0% Maida & High Fibre,"https://instamart-media-assets.swiggy.com/swiggy/image/upload/fl_lossy,f_auto,q_auto,h_544,w_504/NI_CATALOG/IMAGES/ciw/2025/12/18/d2277cc7-de0b-4e8f-be1b-930e13a6320a_FWZXWGPP8I_MN_17122025.png",200 g,12,65,57,Ad,In Stock
22-12-2025 11:31:55 AM,Faridabad,121006,Britannia,Orion Choco Pie Chocolate Coated Soft Biscuits,"https://instamart-media-assets.swiggy.com/swiggy/image/upload/fl_lossy,f_auto,q_auto,h_544,w_504/NI_CATALOG/IMAGES/ciw/2025/12/18/052ff927-f9c2-4f1c-83e1-7147aa42f954_VV97AFIPHX_MN_17122025.png",336 g,20,150,120,Ad,In Stock
22-12-2025 11:31:55 AM,Faridabad,121006,Britannia,Britannia Toastea Premium Bake Rusk,"https://instamart-media-assets.swiggy.com/swiggy/image/upload/fl_lossy,f_auto,q_auto,h_544,w_504/NI_CATALOG/IMAGES/ciw/2025/12/18/8eb0e628-a7ed-4161-96df-f65eb7b0aafd_ZNRIJYKRUD_MN_17122025.png",250 g,12,50,44,Organic,In Stock
22-12-2025 11:31:55 AM,Faridabad,121006,Britannia,Britannia Breakfast Slice Bread,"https://instamart-media-assets.swiggy.com/swiggy/image/upload/fl_lossy,f_auto,q_auto,h_544,w_504/NI_CATALOG/IMAGES/ciw/2025/12/17/0b1e1667-6db0-4eb2-92b4-1f859cf4b422_YJB68TQGMX_MN_16122025.png",450 g,,,,Organic,Out of Stock
22-12-2025 11:31:55 AM,Faridabad,121006,Britannia,Sleepy Owl Vietnamese Cold Coffee | Made With Espresso And Fresh Milk,"https://instamart-media-assets.swiggy.com/swiggy/image/upload/fl_lossy,f_auto,q_auto,h_544,w_504/NI_CATALOG/IMAGES/ciw/2025/12/17/27033313-f5be-49cb-b0ef-3e89b20cb174_LVP9AHHX38_MN_17122025.png",230 ml,8,150,138,Ad,In Stock
22-12-2025 11:31:55 AM,Faridabad,121006,Britannia,Sugar Free Dlite Choco Chip Cookies|Zero Added Sugar|Made with Oats & Quinoa,"https://instamart-media-assets.swiggy.com/swiggy/image/upload/fl_lossy,f_auto,q_auto,h_544,w_504/NI_CATALOG/IMAGES/ciw/2025/12/18/11c02b04-e50e-4312-a6f3-388dfcbf966c_1ZV326J2AH_MN_17122025.png",75 g,15,57,48,Ad,In Stock
22-12-2025 11:31:55 AM,Faridabad,121006,Britannia,Britannia Jim Jam Biscuits-The OG biscuit with Vanilla Creme & Jammy Center,"https://instamart-media-assets.swiggy.com/swiggy/image/upload/fl_lossy,f_auto,q_auto,h_544,w_504/NI_CATALOG/IMAGES/CIW/2025/12/20/a18f7771-b5b3-4dd8-a05a-d37c54b236b6_1703_1.png",100 g,,,,Organic,Out of Stock
22-12-2025 11:31:55 AM,Faridabad,121006,Britannia,Britannia Treat Croissant Vanilla Creme,"https://instamart-media-assets.swiggy.com/swiggy/image/upload/fl_lossy,f_auto,q_auto,h_544,w_504/NI_CATALOG/IMAGES/ciw/2025/12/18/918f05ae-8344-4388-ba28-31ba829ad5f0_PPP0WX75B8_MN_17122025.png",48.5 g,,,,Organic,Out of Stock
22-12-2025 11:31:55 AM,Faridabad,121006,Britannia,Unibic Plum Cake,"https://instamart-media-assets.swiggy.com/swiggy/image/upload/fl_lossy,f_auto,q_auto,h_544,w_504/NI_CATALOG/IMAGES/CIW/2025/11/11/06141f23-d6d0-4dfd-a457-fa858fefdd2d_24098_1.png",330 g,15,171,144,Ad,In Stock
22-12-2025 11:31:55 AM,Faridabad,121006,Britannia,Orion Choco Pie Chocolate Coated Soft Biscuits,"https://instamart-media-assets.swiggy.com/swiggy/image/upload/fl_lossy,f_auto,q_auto,h_544,w_504/NI_CATALOG/IMAGES/ciw/2025/12/18/eba83840-c2a1-4a51-a519-99098316a10a_7RYXXKG926_MN_17122025.png",168 g,17,90,74,Ad,In Stock
22-12-2025 11:31:55 AM,Faridabad,121006,Britannia,Britannia NutriChoice Sugar Free Cracker | Zero Trans Fat,"https://instamart-media-assets.swiggy.com/swiggy/image/upload/fl_lossy,f_auto,q_auto,h_544,w_504/NI_CATALOG/IMAGES/ciw/2025/12/18/eed7686e-5a22-4f91-b00b-93efbe0908a2_2J18HB6TAJ_MN_17122025.png",295 g,6,50,47,Organic,In Stock
22-12-2025 11:31:55 AM,Faridabad,121006,Britannia,Britannia Nice Time Sugar Showered Coconut Biscuits,"https://instamart-media-assets.swiggy.com/swiggy/image/upload/fl_lossy,f_auto,q_auto,h_544,w_504/NI_CATALOG/IMAGES/ciw/2025/12/18/7c0d955f-9b3f-4a8d-9d88-9ebe39d85926_IEMCM5P3YK_MN_17122025.png",152 g,4,22,21,Organic,In Stock
22-12-2025 11:31:55 AM,Faridabad,121006,Britannia,Unibic Cake - Royal Vanilla,"https://instamart-media-assets.swiggy.com/swiggy/image/upload/fl_lossy,f_auto,q_auto,h_544,w_504/NI_CATALOG/IMAGES/CIW/2025/11/11/f6df684d-b0b3-4fdc-8761-112048d734b7_58084_1.png",220 g,40,225,133,Ad,In Stock
22-12-2025 11:31:55 AM,Faridabad,121006,Britannia,Orion Strawberry Choco Pie,"https://instamart-media-assets.swiggy.com/swiggy/image/upload/fl_lossy,f_auto,q_auto,h_544,w_504/NI_CATALOG/IMAGES/ciw/2025/12/18/7ddb5710-77f4-4108-afe0-a496f4227b79_05O3TYA7QZ_MN_17122025.png",168 g,27,90,65,Ad,In Stock
22-12-2025 11:31:55 AM,Faridabad,121006,Britannia,Britannia 100% Whole Wheat Bread (No Maida),"https://instamart-media-assets.swiggy.com/swiggy/image/upload/fl_lossy,f_auto,q_auto,h_544,w_504/NI_CATALOG/IMAGES/ciw/2025/12/17/48188830-748e-4d94-891e-39413246bd8e_2R8UKKRX3Z_MN_17122025.png",450 g,,,,Organic,Out of Stock
22-12-2025 11:31:55 AM,Faridabad,121006,Britannia,Britannia Treat Croissant 100% Veg Mixed Fruit,"https://instamart-media-assets.swiggy.com/swiggy/image/upload/fl_lossy,f_auto,q_auto,h_544,w_504/NI_CATALOG/IMAGES/ciw/2025/12/18/2ed12ae1-4089-44ce-9e1a-c9d2977b957b_7H9BTFBQZJ_MN_17122025.png",50.5 g,10,20,18,Organic,In Stock
22-12-2025 11:31:55 AM,Faridabad,121006,Britannia,Orion Orange Chocopie,"https://instamart-media-assets.swiggy.com/swiggy/image/upload/fl_lossy,f_auto,q_auto,h_544,w_504/NI_CATALOG/IMAGES/ciw/2025/12/18/d9ad264d-682f-4c14-ba03-a01d1ba8096e_WYPKBOQ5TU_MN_17122025.png",168 g,28,90,64,Ad,In Stock
22-12-2025 11:31:55 AM,Faridabad,121006,Britannia,Orion Mango Choco Pie,"https://instamart-media-assets.swiggy.com/swiggy/image/upload/fl_lossy,f_auto,q_auto,h_544,w_504/NI_CATALOG/IMAGES/ciw/2025/12/18/93663f59-a9f5-4363-b908-68355a84db12_911QIHSRVC_MN_17122025.png",336 g,31,180,123,Ad,In Stock
22-12-2025 11:31:55 AM,Faridabad,121006,Britannia,Britannia Pure Magic Creme - Chocolate,"https://instamart-media-assets.swiggy.com/swiggy/image/upload/fl_lossy,f_auto,q_auto,h_544,w_504/NI_CATALOG/IMAGES/ciw/2025/12/18/556bc574-c6d6-4a59-b4db-050799156dee_ZHI6Q6J5G2_MN_17122025.png",100 g,3,31,30,Organic,In Stock
22-12-2025 11:31:55 AM,Faridabad,121006,Britannia,Britannia Season's Greetings Fruit & Nut Delight Cake,"https://instamart-media-assets.swiggy.com/swiggy/image/upload/fl_lossy,f_auto,q_auto,h_544,w_504/NI_CATALOG/IMAGES/ciw/2025/12/18/8a66d4fc-9234-47f7-b602-1d30ea491f70_TZXG4Y9CO2_MN_17122025.png",250 g,27,220,159,Organic,In Stock
22-12-2025 11:31:55 AM,Faridabad,121006,Britannia,Orion Strawberry Choco Pie,"https://instamart-media-assets.swiggy.com/swiggy/image/upload/fl_lossy,f_auto,q_auto,h_544,w_504/NI_CATALOG/IMAGES/ciw/2025/12/18/577b3815-29fc-4157-bcbd-caf0b2163df9_OQPLBBXK78_MN_17122025.png",336 g,20,170,136,Ad,In Stock
22-12-2025 11:32:28 AM,Faridabad,121006,Harpic,"Harpic Lemon Toilet Cleaner, 5 Min Action, 10X Advanced, Disinfectant","https://instamart-media-assets.swiggy.com/swiggy/image/upload/fl_lossy,f_auto,q_auto,h_544,w_504/NI_CATALOG/IMAGES/ciw/2025/12/18/88b95dd8-46e6-4e29-8307-8f26c04823eb_KS53BB9GFJ_MN_18122025.png",1 ltr,11,245,218,Organic,In Stock
22-12-2025 11:32:28 AM,Faridabad,121006,Harpic,"Harpic Original Toilet Cleaner, 5 Min Action, 10X Advanced, Disinfectant","https://instamart-media-assets.swiggy.com/swiggy/image/upload/fl_lossy,f_auto,q_auto,h_544,w_504/NI_CATALOG/IMAGES/CIW/2025/5/27/6a54bc45-68ef-4bbc-a8b2-2a49427f9e80_3418_1.png",1 ltr x 2,15,470,395,Organic,In Stock
22-12-2025 11:32:28 AM,Faridabad,121006,Harpic,Harpic Power Plus Toilet Cleaner Original & Bathroom Cleaner Lemon Combo,"https://instamart-media-assets.swiggy.com/swiggy/image/upload/fl_lossy,f_auto,q_auto,h_544,w_504/9ae616a72d8de29d6ada733505152702",1 combo,14,454,388,Organic,In Stock
22-12-2025 11:32:28 AM,Faridabad,121006,Harpic,Domex Power foam Spray Floral Blast,"https://instamart-media-assets.swiggy.com/swiggy/image/upload/fl_lossy,f_auto,q_auto,h_544,w_504/NI_CATALOG/IMAGES/ciw/2025/12/18/e5e34c66-80c3-4586-8986-0ff29a1798de_A44MFD0HWQ_MN_18122025.png",450 ml,20,230,183,Ad,In Stock
22-12-2025 11:32:28 AM,Faridabad,121006,Harpic,Waterscience hard water cleaning wipes (set of 2),"https://instamart-media-assets.swiggy.com/swiggy/image/upload/fl_lossy,f_auto,q_auto,h_544,w_504/NI_CATALOG/IMAGES/ciw/2025/9/13/6a05a54b-09ea-47a2-8628-03af5e312479_NPI-033809_1_20250912_101657.png",1 pack,38,690,421,Ad,In Stock
22-12-2025 11:32:28 AM,Faridabad,121006,Harpic,"Harpic Jasmine Toilet Cleaner, 5 Min Action, 10X Advanced, Disinfectant","https://instamart-media-assets.swiggy.com/swiggy/image/upload/fl_lossy,f_auto,q_auto,h_544,w_504/NI_CATALOG/IMAGES/ciw/2025/12/18/2dd174d7-7a13-49bf-b7b2-50d76d72c9a4_ZVKVZAI3LW_MN_18122025.png",1 ltr,10,245,220,Organic,In Stock
22-12-2025 11:32:28 AM,Faridabad,121006,Harpic,Harpic White And Shine Bleach Disinfectant Liquid Toilet Cleaner,"https://instamart-media-assets.swiggy.com/swiggy/image/upload/fl_lossy,f_auto,q_auto,h_544,w_504/NI_CATALOG/IMAGES/CIW/2025/1/7/cd214ffe-cdb7-4e47-875e-283d7a88d6f0_45579_1.png",500 ml x 2,2,230,224,Organic,In Stock
22-12-2025 11:32:28 AM,Faridabad,121006,Harpic,Harpic Power Plus Toilet Cleaner Original & Bathroom Cleaner Lemon Combo,"https://instamart-media-assets.swiggy.com/swiggy/image/upload/fl_lossy,f_auto,q_auto,h_544,w_504/9ae616a72d8de29d6ada733505152702",1 combo,14,454,388,Ad,In Stock
22-12-2025 11:32:28 AM,Faridabad,121006,Harpic,Clean Champ Bathroom Cleaner Bottle,"https://instamart-media-assets.swiggy.com/swiggy/image/upload/fl_lossy,f_auto,q_auto,h_544,w_504/NI_CATALOG/IMAGES/CIW/2024/7/24/616707dd-133d-4ffd-838e-4680c8cf3b48_surfacechemicalagents_C9V72DQIJ8_MN.png",500 ml,40,99,59,Ad,In Stock
22-12-2025 11:32:28 AM,Faridabad,121006,Harpic,"Harpic Lemon Bathroom Cleaner, 10X Better Cleaning, Disinfectant","https://instamart-media-assets.swiggy.com/swiggy/image/upload/fl_lossy,f_auto,q_auto,h_544,w_504/NI_CATALOG/IMAGES/ciw/2025/12/18/4a73a8fa-08ee-4f83-a60b-1bf8e1d653e6_V5WU5ALI08_MN_18122025.png",500 ml,,,,Organic,Out of Stock
22-12-2025 11:32:28 AM,Faridabad,121006,Harpic,Harpic Lavedner Flushmatic In-Cistern Block Toilet Cleaner,"https://instamart-media-assets.swiggy.com/swiggy/image/upload/fl_lossy,f_auto,q_auto,h_544,w_504/NI_CATALOG/IMAGES/ciw/2025/12/18/9d239996-bf13-45ce-b01d-d790ac738830_27R7FQKF42_MN_18122025.png",100 g,8,190,173,Organic,In Stock
22-12-2025 11:32:28 AM,Faridabad,121006,Harpic,Clean Champ Floor Cleaner Floral Bottle,"https://instamart-media-assets.swiggy.com/swiggy/image/upload/fl_lossy,f_auto,q_auto,h_544,w_504/NI_CATALOG/IMAGES/ciw/2025/12/18/7354053b-0a67-43e0-9725-256c2a3200f6_R4LJOD2AIO_MN_18122025.png",1 ltr,48,205,105,Ad,In Stock
22-12-2025 11:32:28 AM,Faridabad,121006,Harpic,Harpic Lavender Hygienic Toilet Rim Block,"https://instamart-media-assets.swiggy.com/swiggy/image/upload/fl_lossy,f_auto,q_auto,h_544,w_504/NI_CATALOG/IMAGES/CIW/2024/10/25/6b0674d9-5b58-4433-b417-6bc455915af1_48290_1.png",26 g,10,95,85,Organic,In Stock
22-12-2025 11:32:28 AM,Faridabad,121006,Harpic,Harpic Marine Flushmatic In-Cistern Block Toilet Cleaner,"https://instamart-media-assets.swiggy.com/swiggy/image/upload/fl_lossy,f_auto,q_auto,h_544,w_504/NI_CATALOG/IMAGES/CIW/2024/8/12/907200a6-0465-4cfa-8263-a3d6450427e8_9395_1.png",150 g x 2,19,520,417,Organic,In Stock
22-12-2025 11:32:28 AM,Faridabad,121006,Harpic,Harpic Hygienic Toilet Cleaner Rim Block (Jasmine),"https://instamart-media-assets.swiggy.com/swiggy/image/upload/fl_lossy,f_auto,q_auto,h_544,w_504/NI_CATALOG/IMAGES/ciw/2025/12/18/10a52069-9fd4-4bf9-8750-e42f462258b3_ZFBGZ9R290_MN_18122025.png",26 g,10,95,85,Organic,In Stock
22-12-2025 11:32:28 AM,Faridabad,121006,Harpic,Harpic Power Plus Toilet Cleaner Liquid Original & Bathroom Cleaner Liquid Floral Combo,"https://instamart-media-assets.swiggy.com/swiggy/image/upload/fl_lossy,f_auto,q_auto,h_544,w_504/c4e245e3a63b65dd9a1f0855dc216772",1 combo,13,454,391,Organic,In Stock
22-12-2025 11:32:28 AM,Faridabad,121006,Harpic,Harpic White And Shine Disinfectant Toilet Cleaner Bleach Liquid,"https://instamart-media-assets.swiggy.com/swiggy/image/upload/fl_lossy,f_auto,q_auto,h_544,w_504/NI_CATALOG/IMAGES/CIW/2025/9/23/bc9803e2-9c09-4caf-8659-5188a01e3878_86679_1.png",1 ltr x 2,12,490,430,Organic,In Stock
22-12-2025 11:32:28 AM,Faridabad,121006,Harpic,Harpic Disinfectant Toilet Cleaner Liquid Refreshing Marine,"https://instamart-media-assets.swiggy.com/swiggy/image/upload/fl_lossy,f_auto,q_auto,h_544,w_504/NI_CATALOG/IMAGES/CIW/2024/8/2/67896ccc-4493-46f6-8075-994cb23b74bb_28281_1.png",1 ltr x 2,11,490,435,Organic,In Stock
22-12-2025 11:32:28 AM,Faridabad,121006,Harpic,"Harpic Lemon Bathroom Cleaner, 10X Better Cleaning, Disinfectant","https://instamart-media-assets.swiggy.com/swiggy/image/upload/fl_lossy,f_auto,q_auto,h_544,w_504/ppcs6rcqwnvabtznwq5f",1 ltr x 2,15,438,370,Organic,In Stock
22-12-2025 11:32:28 AM,Faridabad,121006,Harpic,Harpic Floral Disinfectant Bathroom Cleaner,"https://instamart-media-assets.swiggy.com/swiggy/image/upload/fl_lossy,f_auto,q_auto,h_544,w_504/NI_CATALOG/IMAGES/ciw/2025/12/18/01811606-8965-4f7e-b758-300636148111_5CR6HH1L9B_MN_18122025.png",1 ltr,10,219,195,Organic,In Stock
22-12-2025 11:32:28 AM,Faridabad,121006,Harpic,Harpic Toilet Cleaner Original & Lizol Floor Cleaner Citrus & Dis-Infectant Bathroom Cleaner Combo,"https://instamart-media-assets.swiggy.com/swiggy/image/upload/fl_lossy,f_auto,q_auto,h_544,w_504/6d147ef7fd3246a3a5cd6b87aa89c071",1 combo,12,700,612,Organic,In Stock
22-12-2025 11:32:28 AM,Faridabad,121006,Harpic,Harpic Power Plus Toilet Cleaner Original & Lizol Disinfectant Floor Cleaner Citrus Combo,"https://instamart-media-assets.swiggy.com/swiggy/image/upload/fl_lossy,f_auto,q_auto,h_544,w_504/010ec41128db8e189dce942588c093c8",1 combo,13,481,417,Organic,In Stock
22-12-2025 11:32:28 AM,Faridabad,121006,Harpic,Harpic Drain Xpert Cleaning Powder,"https://instamart-media-assets.swiggy.com/swiggy/image/upload/fl_lossy,f_auto,q_auto,h_544,w_504/NI_CATALOG/IMAGES/ciw/2025/12/18/3098dd1b-acec-425a-aec2-f303d1abbc3c_TNIN2WNN9Y_MN_18122025.png",45 g,,,,Organic,Out of Stock
22-12-2025 11:32:28 AM,Faridabad,121006,Harpic,Harpic Flushmatic Incistern Toilet Cleaner Blocks Lavender,"https://instamart-media-assets.swiggy.com/swiggy/image/upload/fl_lossy,f_auto,q_auto,h_544,w_504/NI_CATALOG/IMAGES/CIW/2024/8/12/22380a23-110b-44b0-a259-d474ee24db82_14703_1.png",150 g x 2,20,520,416,Organic,In Stock
22-12-2025 11:32:28 AM,Faridabad,121006,Harpic,"Harpic Power Plus Toilet Cleaner Original, & Lizol Disinfectant Floor Cleaner Floral Combo","https://instamart-media-assets.swiggy.com/swiggy/image/upload/fl_lossy,f_auto,q_auto,h_544,w_504/43992f8db0b0554cce45cdb4cfeca64a",1 combo,10,481,429,Organic,In Stock
22-12-2025 11:32:28 AM,Faridabad,121006,Harpic,Harpic Toilet Cleaner Original & Lizol Floor Cleaner Citrus & Harpic Bathroom Cleaner Lemon Combo,"https://instamart-media-assets.swiggy.com/swiggy/image/upload/fl_lossy,f_auto,q_auto,h_544,w_504/3d28b4bda1f5b784963e4ce8e2527524",1 combo,10,596,532,Organic,In Stock
22-12-2025 11:32:28 AM,Faridabad,121006,Harpic,Harpic Toilet Cleaner Original & Lizol Floor Disinfectant Floral & Colin Glass Liquid Spray Combo,"https://instamart-media-assets.swiggy.com/swiggy/image/upload/fl_lossy,f_auto,q_auto,h_544,w_504/NI_CATALOG/IMAGES/CIW/2024/8/17/46080eb4-1c13-4ed5-a7b7-2f73839bd373_22537_1.png",1 combo,9,596,541,Organic,In Stock
22-12-2025 11:32:28 AM,Faridabad,121006,Harpic,Harpic Toilet Liquid Original & Lizol Floor Cleaner Citrus & Colin Glass Liquid Spray Combo,"https://instamart-media-assets.swiggy.com/swiggy/image/upload/fl_lossy,f_auto,q_auto,h_544,w_504/527de707b23f198062fce03fd7669275",1 combo,11,596,529,Organic,In Stock
22-12-2025 11:32:28 AM,Faridabad,121006,Harpic,Harpic Drain Xpert Drain Cleaner Powder,"https://instamart-media-assets.swiggy.com/swiggy/image/upload/fl_lossy,f_auto,q_auto,h_544,w_504/NI_CATALOG/IMAGES/ciw/2025/12/18/38157a60-1b29-4949-948a-bc90fc69e05a_HB4DKNXFJ7_MN_18122025.png",360 g,11,245,216,Organic,In Stock
22-12-2025 11:32:28 AM,Faridabad,121006,Harpic,Harpic Bathroom Cleaner Liquid Floral & Lemon Combo,"https://instamart-media-assets.swiggy.com/swiggy/image/upload/fl_lossy,f_auto,q_auto,h_544,w_504/f58b0f28fddb04f4b70db9dd83d59e2f",1 combo,11,438,387,Organic,In Stock
22-12-2025 11:32:28 AM,Faridabad,121006,Harpic,Harpic Power Plus Toilet Cleaner Original & Colin Glass & Multisurface Cleaner Combo,"https://instamart-media-assets.swiggy.com/swiggy/image/upload/fl_lossy,f_auto,q_auto,h_544,w_504/NI_CATALOG/IMAGES/CIW/2024/8/17/91034afc-7caa-41f7-97f1-a54ee1e4ea13_19272_1.png",1 combo,10,350,312,Organic,In Stock
22-12-2025 11:32:28 AM,Faridabad,121006,Harpic,Household Cleaner Combo,"https://instamart-media-assets.swiggy.com/swiggy/image/upload/fl_lossy,f_auto,q_auto,h_544,w_504/m989xmnkyttw2uc0cjxj",1 combo,10,569,507,Organic,In Stock
